path,ground_truth_index,ground_truth_eppo,predicted_index,predicted_eppo,correct,predicted_probability
/content/drive/MyDrive/DeepWeeds/dataset/20160928-141355-0.jpg,0,DW_CHAP,1,DW_LANT,False,0.9671656
/content/drive/MyDrive/DeepWeeds/dataset/20160928-142110-0.jpg,0,DW_CHAP,0,DW_CHAP,True,0.4681957
/content/drive/MyDrive/DeepWeeds/dataset/20161207-110850-0.jpg,0,DW_CHAP,5,DW_RUBV,False,0.90830487
/content/drive/MyDrive/DeepWeeds/dataset/20161207-111112-0.jpg,0,DW_CHAP,0,DW_CHAP,True,0.977716
/content/drive/MyDrive/DeepWeeds/dataset/20161207-111317-0.jpg,0,DW_CHAP,8,DW_NEG,False,0.626671
/content/drive/MyDrive/DeepWeeds/dataset/20161207-111440-0.jpg,0,DW_CHAP,0,DW_CHAP,True,0.92974055
/content/drive/MyDrive/DeepWeeds/dataset/20161207-111620-0.jpg,0,DW_CHAP,8,DW_NEG,False,0.99692875
/content/drive/MyDrive/DeepWeeds/dataset/20161207-111903-0.jpg,0,DW_CHAP,0,DW_CHAP,True,0.6597495
/content/drive/MyDrive/DeepWeeds/dataset/20161207-112158-0.jpg,0,DW_CHAP,0,DW_CHAP,True,0.9936807
/content/drive/MyDrive/DeepWeeds/dataset/20161207-112417-0.jpg,8,DW_NEG,7,DW_SNWE,False,0.6445986
/content/drive/MyDrive/DeepWeeds/dataset/20161207-142354-0.jpg,1,DW_LANT,7,DW_SNWE,False,0.718926
/content/drive/MyDrive/DeepWeeds/dataset/20161207-143344-0.jpg,7,DW_SNWE,8,DW_NEG,False,0.39068824
/content/drive/MyDrive/DeepWeeds/dataset/20161207-144807-0.jpg,7,DW_SNWE,1,DW_LANT,False,0.6081398
/content/drive/MyDrive/DeepWeeds/dataset/20161207-145017-0.jpg,0,DW_CHAP,0,DW_CHAP,True,0.4948924
/content/drive/MyDrive/DeepWeeds/dataset/20170126-095203-0.jpg,1,DW_LANT,1,DW_LANT,True,0.9845803
/content/drive/MyDrive/DeepWeeds/dataset/20170126-095322-0.jpg,1,DW_LANT,1,DW_LANT,True,0.96099764
/content/drive/MyDrive/DeepWeeds/dataset/20170126-095456-0.jpg,1,DW_LANT,1,DW_LANT,True,0.9959424
/content/drive/MyDrive/DeepWeeds/dataset/20170126-095726-0.jpg,1,DW_LANT,1,DW_LANT,True,0.9999722
/content/drive/MyDrive/DeepWeeds/dataset/20170126-095745-0.jpg,1,DW_LANT,1,DW_LANT,True,0.99978656
/content/drive/MyDrive/DeepWeeds/dataset/20170126-095821-0.jpg,1,DW_LANT,1,DW_LANT,True,0.4031744
/content/drive/MyDrive/DeepWeeds/dataset/20170126-095942-0.jpg,1,DW_LANT,1,DW_LANT,True,0.99995005
/content/drive/MyDrive/DeepWeeds/dataset/20170126-100045-0.jpg,1,DW_LANT,1,DW_LANT,True,0.9884548
/content/drive/MyDrive/DeepWeeds/dataset/20170126-100150-0.jpg,1,DW_LANT,1,DW_LANT,True,0.99694556
/content/drive/MyDrive/DeepWeeds/dataset/20170126-100212-0.jpg,1,DW_LANT,1,DW_LANT,True,0.8971564
/content/drive/MyDrive/DeepWeeds/dataset/20170126-100257-0.jpg,1,DW_LANT,8,DW_NEG,False,0.7202588
/content/drive/MyDrive/DeepWeeds/dataset/20170126-100518-0.jpg,1,DW_LANT,1,DW_LANT,True,0.9504615
/content/drive/MyDrive/DeepWeeds/dataset/20170127-100724-0.jpg,1,DW_LANT,1,DW_LANT,True,0.8932074
/content/drive/MyDrive/DeepWeeds/dataset/20170127-101000-0.jpg,1,DW_LANT,1,DW_LANT,True,0.99538994
/content/drive/MyDrive/DeepWeeds/dataset/20170127-101008-0.jpg,1,DW_LANT,1,DW_LANT,True,0.9999777
/content/drive/MyDrive/DeepWeeds/dataset/20170127-101304-0.jpg,1,DW_LANT,8,DW_NEG,False,0.6913425
/content/drive/MyDrive/DeepWeeds/dataset/20170127-101438-0.jpg,1,DW_LANT,1,DW_LANT,True,0.9861044
/content/drive/MyDrive/DeepWeeds/dataset/20170127-101528-0.jpg,1,DW_LANT,1,DW_LANT,True,0.8888723
/content/drive/MyDrive/DeepWeeds/dataset/20170127-101628-0.jpg,1,DW_LANT,6,DW_SIWE,False,0.8816626
/content/drive/MyDrive/DeepWeeds/dataset/20170127-101737-0.jpg,1,DW_LANT,1,DW_LANT,True,0.99992895
/content/drive/MyDrive/DeepWeeds/dataset/20170127-101830-0.jpg,1,DW_LANT,1,DW_LANT,True,0.97887325
/content/drive/MyDrive/DeepWeeds/dataset/20170127-101918-0.jpg,1,DW_LANT,1,DW_LANT,True,0.99972814
/content/drive/MyDrive/DeepWeeds/dataset/20170127-101959-0.jpg,1,DW_LANT,1,DW_LANT,True,0.9983432
/content/drive/MyDrive/DeepWeeds/dataset/20170127-102051-0.jpg,1,DW_LANT,1,DW_LANT,True,0.99723864
/content/drive/MyDrive/DeepWeeds/dataset/20170127-102132-0.jpg,1,DW_LANT,1,DW_LANT,True,0.99943906
/content/drive/MyDrive/DeepWeeds/dataset/20170127-102151-0.jpg,1,DW_LANT,1,DW_LANT,True,0.9872951
/content/drive/MyDrive/DeepWeeds/dataset/20170127-102251-0.jpg,1,DW_LANT,1,DW_LANT,True,0.82915086
/content/drive/MyDrive/DeepWeeds/dataset/20170127-102426-0.jpg,1,DW_LANT,1,DW_LANT,True,0.7783465
/content/drive/MyDrive/DeepWeeds/dataset/20170127-102604-0.jpg,1,DW_LANT,1,DW_LANT,True,0.89984345
/content/drive/MyDrive/DeepWeeds/dataset/20170127-102812-0.jpg,1,DW_LANT,1,DW_LANT,True,0.9075924
/content/drive/MyDrive/DeepWeeds/dataset/20170127-102850-0.jpg,1,DW_LANT,1,DW_LANT,True,0.77838916
/content/drive/MyDrive/DeepWeeds/dataset/20170127-102912-0.jpg,1,DW_LANT,1,DW_LANT,True,0.9998994
/content/drive/MyDrive/DeepWeeds/dataset/20170127-103025-0.jpg,1,DW_LANT,1,DW_LANT,True,0.5673954
/content/drive/MyDrive/DeepWeeds/dataset/20170127-103214-0.jpg,1,DW_LANT,1,DW_LANT,True,0.7525447
/content/drive/MyDrive/DeepWeeds/dataset/20170127-103337-0.jpg,1,DW_LANT,1,DW_LANT,True,0.99854136
/content/drive/MyDrive/DeepWeeds/dataset/20170128-102043-0.jpg,8,DW_NEG,8,DW_NEG,True,0.9978376
/content/drive/MyDrive/DeepWeeds/dataset/20170128-102150-0.jpg,8,DW_NEG,8,DW_NEG,True,0.9731844
/content/drive/MyDrive/DeepWeeds/dataset/20170128-102233-0.jpg,8,DW_NEG,8,DW_NEG,True,0.9920081
/content/drive/MyDrive/DeepWeeds/dataset/20170128-102415-0.jpg,8,DW_NEG,8,DW_NEG,True,0.9438148
/content/drive/MyDrive/DeepWeeds/dataset/20170128-102526-0.jpg,8,DW_NEG,8,DW_NEG,True,0.92242664
/content/drive/MyDrive/DeepWeeds/dataset/20170128-102622-0.jpg,8,DW_NEG,8,DW_NEG,True,0.70706916
/content/drive/MyDrive/DeepWeeds/dataset/20170128-102740-0.jpg,8,DW_NEG,8,DW_NEG,True,0.9459082
/content/drive/MyDrive/DeepWeeds/dataset/20170128-103034-0.jpg,8,DW_NEG,8,DW_NEG,True,0.76085585
/content/drive/MyDrive/DeepWeeds/dataset/20170128-103121-0.jpg,8,DW_NEG,1,DW_LANT,False,0.62466305
/content/drive/MyDrive/DeepWeeds/dataset/20170128-103131-0.jpg,8,DW_NEG,8,DW_NEG,True,0.78031546
/content/drive/MyDrive/DeepWeeds/dataset/20170128-103224-0.jpg,8,DW_NEG,8,DW_NEG,True,0.692439
/content/drive/MyDrive/DeepWeeds/dataset/20170128-103255-0.jpg,8,DW_NEG,8,DW_NEG,True,0.87362176
/content/drive/MyDrive/DeepWeeds/dataset/20170128-103416-0.jpg,8,DW_NEG,8,DW_NEG,True,0.66455966
/content/drive/MyDrive/DeepWeeds/dataset/20170128-103458-0.jpg,8,DW_NEG,8,DW_NEG,True,0.7785405
/content/drive/MyDrive/DeepWeeds/dataset/20170128-103649-0.jpg,8,DW_NEG,1,DW_LANT,False,0.66412807
/content/drive/MyDrive/DeepWeeds/dataset/20170128-103723-0.jpg,8,DW_NEG,1,DW_LANT,False,0.6518058
/content/drive/MyDrive/DeepWeeds/dataset/20170128-103830-0.jpg,8,DW_NEG,8,DW_NEG,True,0.79746
/content/drive/MyDrive/DeepWeeds/dataset/20170128-103904-0.jpg,8,DW_NEG,8,DW_NEG,True,0.9934818
/content/drive/MyDrive/DeepWeeds/dataset/20170128-104021-0.jpg,8,DW_NEG,8,DW_NEG,True,0.9936139
/content/drive/MyDrive/DeepWeeds/dataset/20170129-102050-0.jpg,8,DW_NEG,8,DW_NEG,True,0.9384845
/content/drive/MyDrive/DeepWeeds/dataset/20170129-102105-0.jpg,8,DW_NEG,7,DW_SNWE,False,0.41858274
/content/drive/MyDrive/DeepWeeds/dataset/20170129-102230-0.jpg,8,DW_NEG,8,DW_NEG,True,0.5615972
/content/drive/MyDrive/DeepWeeds/dataset/20170129-102354-0.jpg,8,DW_NEG,0,DW_CHAP,False,0.55427873
/content/drive/MyDrive/DeepWeeds/dataset/20170129-102505-0.jpg,8,DW_NEG,8,DW_NEG,True,0.5426427
/content/drive/MyDrive/DeepWeeds/dataset/20170129-102537-0.jpg,8,DW_NEG,1,DW_LANT,False,0.9853359
/content/drive/MyDrive/DeepWeeds/dataset/20170129-102736-0.jpg,8,DW_NEG,8,DW_NEG,True,0.890114
/content/drive/MyDrive/DeepWeeds/dataset/20170129-102814-0.jpg,8,DW_NEG,8,DW_NEG,True,0.8326417
/content/drive/MyDrive/DeepWeeds/dataset/20170129-102930-0.jpg,8,DW_NEG,8,DW_NEG,True,0.98066497
/content/drive/MyDrive/DeepWeeds/dataset/20170129-103005-0.jpg,8,DW_NEG,8,DW_NEG,True,0.81171024
/content/drive/MyDrive/DeepWeeds/dataset/20170129-103106-0.jpg,8,DW_NEG,8,DW_NEG,True,0.97075313
/content/drive/MyDrive/DeepWeeds/dataset/20170129-103137-0.jpg,8,DW_NEG,1,DW_LANT,False,0.414881
/content/drive/MyDrive/DeepWeeds/dataset/20170129-103249-0.jpg,8,DW_NEG,5,DW_RUBV,False,0.41987833
/content/drive/MyDrive/DeepWeeds/dataset/20170129-103330-0.jpg,8,DW_NEG,8,DW_NEG,True,0.8435805
/content/drive/MyDrive/DeepWeeds/dataset/20170129-103517-0.jpg,8,DW_NEG,1,DW_LANT,False,0.7768971
/content/drive/MyDrive/DeepWeeds/dataset/20170129-103735-0.jpg,8,DW_NEG,8,DW_NEG,True,0.97399604
/content/drive/MyDrive/DeepWeeds/dataset/20170129-103903-0.jpg,8,DW_NEG,8,DW_NEG,True,0.70771456
/content/drive/MyDrive/DeepWeeds/dataset/20170129-103957-0.jpg,8,DW_NEG,7,DW_SNWE,False,0.6300843
/content/drive/MyDrive/DeepWeeds/dataset/20170129-104113-0.jpg,8,DW_NEG,7,DW_SNWE,False,0.5159095
/content/drive/MyDrive/DeepWeeds/dataset/20170130-102032-0.jpg,1,DW_LANT,1,DW_LANT,True,0.9998456
/content/drive/MyDrive/DeepWeeds/dataset/20170130-102111-0.jpg,1,DW_LANT,1,DW_LANT,True,0.99857605
/content/drive/MyDrive/DeepWeeds/dataset/20170130-102215-0.jpg,1,DW_LANT,1,DW_LANT,True,0.9874057
/content/drive/MyDrive/DeepWeeds/dataset/20170130-102305-0.jpg,1,DW_LANT,1,DW_LANT,True,0.99855536
/content/drive/MyDrive/DeepWeeds/dataset/20170130-102342-0.jpg,1,DW_LANT,1,DW_LANT,True,0.9996718
/content/drive/MyDrive/DeepWeeds/dataset/20170130-102438-0.jpg,1,DW_LANT,1,DW_LANT,True,0.9881781
/content/drive/MyDrive/DeepWeeds/dataset/20170130-102516-0.jpg,1,DW_LANT,8,DW_NEG,False,0.30593333
/content/drive/MyDrive/DeepWeeds/dataset/20170130-102546-0.jpg,1,DW_LANT,1,DW_LANT,True,0.9990226
/content/drive/MyDrive/DeepWeeds/dataset/20170130-102601-0.jpg,1,DW_LANT,1,DW_LANT,True,0.97715604
/content/drive/MyDrive/DeepWeeds/dataset/20170130-102858-0.jpg,1,DW_LANT,1,DW_LANT,True,0.85251373
/content/drive/MyDrive/DeepWeeds/dataset/20170207-141531-0.jpg,7,DW_SNWE,7,DW_SNWE,True,0.9071114
/content/drive/MyDrive/DeepWeeds/dataset/20170207-141634-0.jpg,7,DW_SNWE,7,DW_SNWE,True,0.9999999
/content/drive/MyDrive/DeepWeeds/dataset/20170207-141814-0.jpg,7,DW_SNWE,7,DW_SNWE,True,0.99999905
/content/drive/MyDrive/DeepWeeds/dataset/20170207-141852-0.jpg,7,DW_SNWE,7,DW_SNWE,True,0.99998176
/content/drive/MyDrive/DeepWeeds/dataset/20170207-142157-0.jpg,7,DW_SNWE,7,DW_SNWE,True,0.92141783
/content/drive/MyDrive/DeepWeeds/dataset/20170207-142255-0.jpg,7,DW_SNWE,7,DW_SNWE,True,0.79449654
/content/drive/MyDrive/DeepWeeds/dataset/20170207-142420-0.jpg,7,DW_SNWE,7,DW_SNWE,True,0.99739194
/content/drive/MyDrive/DeepWeeds/dataset/20170207-142601-0.jpg,7,DW_SNWE,7,DW_SNWE,True,0.5445505
/content/drive/MyDrive/DeepWeeds/dataset/20170207-142713-0.jpg,7,DW_SNWE,7,DW_SNWE,True,0.7007681
/content/drive/MyDrive/DeepWeeds/dataset/20170207-142840-0.jpg,7,DW_SNWE,7,DW_SNWE,True,0.9994869
/content/drive/MyDrive/DeepWeeds/dataset/20170207-153656-0.jpg,0,DW_CHAP,0,DW_CHAP,True,0.46332118
/content/drive/MyDrive/DeepWeeds/dataset/20170207-153815-0.jpg,0,DW_CHAP,0,DW_CHAP,True,0.9658343
/content/drive/MyDrive/DeepWeeds/dataset/20170207-153903-0.jpg,0,DW_CHAP,0,DW_CHAP,True,0.79016924
/content/drive/MyDrive/DeepWeeds/dataset/20170207-154845-0.jpg,0,DW_CHAP,0,DW_CHAP,True,0.61807495
/content/drive/MyDrive/DeepWeeds/dataset/20170210-130133-0.jpg,7,DW_SNWE,7,DW_SNWE,True,0.83650506
/content/drive/MyDrive/DeepWeeds/dataset/20170210-130229-0.jpg,7,DW_SNWE,7,DW_SNWE,True,0.99899715
/content/drive/MyDrive/DeepWeeds/dataset/20170210-130441-0.jpg,7,DW_SNWE,7,DW_SNWE,True,0.99981207
/content/drive/MyDrive/DeepWeeds/dataset/20170210-130638-0.jpg,7,DW_SNWE,7,DW_SNWE,True,0.9999856
/content/drive/MyDrive/DeepWeeds/dataset/20170210-130746-0.jpg,7,DW_SNWE,7,DW_SNWE,True,0.99996877
/content/drive/MyDrive/DeepWeeds/dataset/20170210-130852-0.jpg,7,DW_SNWE,7,DW_SNWE,True,0.99841917
/content/drive/MyDrive/DeepWeeds/dataset/20170210-130921-0.jpg,7,DW_SNWE,7,DW_SNWE,True,0.9991104
/content/drive/MyDrive/DeepWeeds/dataset/20170210-130944-0.jpg,7,DW_SNWE,7,DW_SNWE,True,0.9906872
/content/drive/MyDrive/DeepWeeds/dataset/20170210-131031-0.jpg,7,DW_SNWE,7,DW_SNWE,True,0.9583339
/content/drive/MyDrive/DeepWeeds/dataset/20170210-131107-0.jpg,7,DW_SNWE,7,DW_SNWE,True,0.9938407
/content/drive/MyDrive/DeepWeeds/dataset/20170210-131145-0.jpg,7,DW_SNWE,7,DW_SNWE,True,0.9999981
/content/drive/MyDrive/DeepWeeds/dataset/20170210-131209-0.jpg,7,DW_SNWE,7,DW_SNWE,True,0.99224335
/content/drive/MyDrive/DeepWeeds/dataset/20170210-131325-0.jpg,7,DW_SNWE,7,DW_SNWE,True,0.97398055
/content/drive/MyDrive/DeepWeeds/dataset/20170210-131413-0.jpg,7,DW_SNWE,7,DW_SNWE,True,0.9903228
/content/drive/MyDrive/DeepWeeds/dataset/20170210-131505-0.jpg,7,DW_SNWE,7,DW_SNWE,True,0.9993573
/content/drive/MyDrive/DeepWeeds/dataset/20170210-131513-0.jpg,7,DW_SNWE,7,DW_SNWE,True,0.9998771
/content/drive/MyDrive/DeepWeeds/dataset/20170210-131628-0.jpg,7,DW_SNWE,7,DW_SNWE,True,0.9637855
/content/drive/MyDrive/DeepWeeds/dataset/20170210-131730-0.jpg,7,DW_SNWE,7,DW_SNWE,True,0.9999988
/content/drive/MyDrive/DeepWeeds/dataset/20170210-131822-0.jpg,0,DW_CHAP,8,DW_NEG,False,0.404939
/content/drive/MyDrive/DeepWeeds/dataset/20170210-131852-0.jpg,7,DW_SNWE,7,DW_SNWE,True,0.9999999
/content/drive/MyDrive/DeepWeeds/dataset/20170210-131954-0.jpg,7,DW_SNWE,7,DW_SNWE,True,0.9988432
/content/drive/MyDrive/DeepWeeds/dataset/20170210-132021-0.jpg,7,DW_SNWE,7,DW_SNWE,True,0.9983417
/content/drive/MyDrive/DeepWeeds/dataset/20170210-132204-0.jpg,0,DW_CHAP,0,DW_CHAP,True,0.83172965
/content/drive/MyDrive/DeepWeeds/dataset/20170210-132217-0.jpg,7,DW_SNWE,7,DW_SNWE,True,0.53248054
/content/drive/MyDrive/DeepWeeds/dataset/20170210-132249-0.jpg,0,DW_CHAP,7,DW_SNWE,False,0.59930307
/content/drive/MyDrive/DeepWeeds/dataset/20170210-132327-0.jpg,0,DW_CHAP,1,DW_LANT,False,0.49962977
/content/drive/MyDrive/DeepWeeds/dataset/20170210-132421-0.jpg,0,DW_CHAP,7,DW_SNWE,False,0.54978937
/content/drive/MyDrive/DeepWeeds/dataset/20170210-132528-0.jpg,0,DW_CHAP,0,DW_CHAP,True,0.44260454
/content/drive/MyDrive/DeepWeeds/dataset/20170210-132651-0.jpg,0,DW_CHAP,1,DW_LANT,False,0.56476724
/content/drive/MyDrive/DeepWeeds/dataset/20170210-132741-0.jpg,0,DW_CHAP,0,DW_CHAP,True,0.36931527
/content/drive/MyDrive/DeepWeeds/dataset/20170210-132755-0.jpg,0,DW_CHAP,8,DW_NEG,False,0.4694527
/content/drive/MyDrive/DeepWeeds/dataset/20170210-133043-0.jpg,0,DW_CHAP,0,DW_CHAP,True,0.99841297
/content/drive/MyDrive/DeepWeeds/dataset/20170210-133140-0.jpg,0,DW_CHAP,8,DW_NEG,False,0.3996348
/content/drive/MyDrive/DeepWeeds/dataset/20170210-133205-0.jpg,0,DW_CHAP,6,DW_SIWE,False,0.81934524
/content/drive/MyDrive/DeepWeeds/dataset/20170210-133424-0.jpg,0,DW_CHAP,0,DW_CHAP,True,0.8445556
/content/drive/MyDrive/DeepWeeds/dataset/20170210-133632-0.jpg,0,DW_CHAP,7,DW_SNWE,False,0.67370784
/content/drive/MyDrive/DeepWeeds/dataset/20170210-133726-0.jpg,0,DW_CHAP,0,DW_CHAP,True,0.78160757
/content/drive/MyDrive/DeepWeeds/dataset/20170210-133806-0.jpg,0,DW_CHAP,0,DW_CHAP,True,0.99740416
/content/drive/MyDrive/DeepWeeds/dataset/20170210-133852-0.jpg,0,DW_CHAP,1,DW_LANT,False,0.87945724
/content/drive/MyDrive/DeepWeeds/dataset/20170210-134029-0.jpg,0,DW_CHAP,0,DW_CHAP,True,0.9495033
/content/drive/MyDrive/DeepWeeds/dataset/20170210-134133-0.jpg,0,DW_CHAP,7,DW_SNWE,False,0.597985
/content/drive/MyDrive/DeepWeeds/dataset/20170210-134316-0.jpg,0,DW_CHAP,0,DW_CHAP,True,0.9843427
/content/drive/MyDrive/DeepWeeds/dataset/20170210-141439-0.jpg,7,DW_SNWE,7,DW_SNWE,True,0.8528851
/content/drive/MyDrive/DeepWeeds/dataset/20170210-141621-0.jpg,7,DW_SNWE,7,DW_SNWE,True,0.9999608
/content/drive/MyDrive/DeepWeeds/dataset/20170210-141645-0.jpg,7,DW_SNWE,7,DW_SNWE,True,0.99982613
/content/drive/MyDrive/DeepWeeds/dataset/20170210-141917-0.jpg,7,DW_SNWE,7,DW_SNWE,True,0.9999943
/content/drive/MyDrive/DeepWeeds/dataset/20170210-142001-0.jpg,7,DW_SNWE,7,DW_SNWE,True,0.9986206
/content/drive/MyDrive/DeepWeeds/dataset/20170210-142158-0.jpg,7,DW_SNWE,7,DW_SNWE,True,0.9999974
/content/drive/MyDrive/DeepWeeds/dataset/20170210-142309-0.jpg,7,DW_SNWE,7,DW_SNWE,True,0.9964636
/content/drive/MyDrive/DeepWeeds/dataset/20170210-142409-0.jpg,7,DW_SNWE,7,DW_SNWE,True,0.99819607
/content/drive/MyDrive/DeepWeeds/dataset/20170210-142523-0.jpg,7,DW_SNWE,7,DW_SNWE,True,0.9999999
/content/drive/MyDrive/DeepWeeds/dataset/20170210-142607-0.jpg,7,DW_SNWE,7,DW_SNWE,True,0.99999785
/content/drive/MyDrive/DeepWeeds/dataset/20170210-142658-0.jpg,7,DW_SNWE,7,DW_SNWE,True,0.99998367
/content/drive/MyDrive/DeepWeeds/dataset/20170210-144917-0.jpg,7,DW_SNWE,7,DW_SNWE,True,0.51966864
/content/drive/MyDrive/DeepWeeds/dataset/20170210-145503-0.jpg,0,DW_CHAP,0,DW_CHAP,True,0.5118781
/content/drive/MyDrive/DeepWeeds/dataset/20170210-145509-0.jpg,0,DW_CHAP,0,DW_CHAP,True,0.9999249
/content/drive/MyDrive/DeepWeeds/dataset/20170210-145719-0.jpg,0,DW_CHAP,0,DW_CHAP,True,0.9999794
/content/drive/MyDrive/DeepWeeds/dataset/20170210-150136-0.jpg,0,DW_CHAP,0,DW_CHAP,True,0.99991786
/content/drive/MyDrive/DeepWeeds/dataset/20170210-150542-0.jpg,7,DW_SNWE,0,DW_CHAP,False,0.99683857
/content/drive/MyDrive/DeepWeeds/dataset/20170210-150642-0.jpg,0,DW_CHAP,0,DW_CHAP,True,0.99171853
/content/drive/MyDrive/DeepWeeds/dataset/20170217-095245-0.jpg,7,DW_SNWE,7,DW_SNWE,True,0.494694
/content/drive/MyDrive/DeepWeeds/dataset/20170217-095357-0.jpg,7,DW_SNWE,7,DW_SNWE,True,0.99989545
/content/drive/MyDrive/DeepWeeds/dataset/20170217-095604-0.jpg,7,DW_SNWE,7,DW_SNWE,True,0.9988136
/content/drive/MyDrive/DeepWeeds/dataset/20170217-095642-0.jpg,7,DW_SNWE,7,DW_SNWE,True,0.99968207
/content/drive/MyDrive/DeepWeeds/dataset/20170217-095926-0.jpg,7,DW_SNWE,7,DW_SNWE,True,0.999874
/content/drive/MyDrive/DeepWeeds/dataset/20170217-100111-0.jpg,7,DW_SNWE,7,DW_SNWE,True,0.99937767
/content/drive/MyDrive/DeepWeeds/dataset/20170217-100235-0.jpg,7,DW_SNWE,7,DW_SNWE,True,0.9997882
/content/drive/MyDrive/DeepWeeds/dataset/20170217-100450-0.jpg,7,DW_SNWE,7,DW_SNWE,True,0.9999708
/content/drive/MyDrive/DeepWeeds/dataset/20170217-100740-0.jpg,7,DW_SNWE,7,DW_SNWE,True,0.99943846
/content/drive/MyDrive/DeepWeeds/dataset/20170217-100851-0.jpg,7,DW_SNWE,7,DW_SNWE,True,0.9977569
/content/drive/MyDrive/DeepWeeds/dataset/20170217-101133-0.jpg,0,DW_CHAP,0,DW_CHAP,True,0.99795544
/content/drive/MyDrive/DeepWeeds/dataset/20170217-101348-0.jpg,0,DW_CHAP,7,DW_SNWE,False,0.64784527
/content/drive/MyDrive/DeepWeeds/dataset/20170217-102019-0.jpg,0,DW_CHAP,0,DW_CHAP,True,0.9999937
/content/drive/MyDrive/DeepWeeds/dataset/20170217-102232-0.jpg,0,DW_CHAP,7,DW_SNWE,False,0.6983858
/content/drive/MyDrive/DeepWeeds/dataset/20170217-102546-0.jpg,0,DW_CHAP,0,DW_CHAP,True,0.99992657
/content/drive/MyDrive/DeepWeeds/dataset/20170217-103018-0.jpg,0,DW_CHAP,0,DW_CHAP,True,0.9926537
/content/drive/MyDrive/DeepWeeds/dataset/20170217-103444-0.jpg,0,DW_CHAP,0,DW_CHAP,True,0.75230765
/content/drive/MyDrive/DeepWeeds/dataset/20170217-103810-0.jpg,0,DW_CHAP,0,DW_CHAP,True,0.7434274
/content/drive/MyDrive/DeepWeeds/dataset/20170217-103906-0.jpg,0,DW_CHAP,0,DW_CHAP,True,0.99992037
/content/drive/MyDrive/DeepWeeds/dataset/20170217-103940-0.jpg,0,DW_CHAP,0,DW_CHAP,True,0.999765
/content/drive/MyDrive/DeepWeeds/dataset/20170217-110631-0.jpg,0,DW_CHAP,0,DW_CHAP,True,0.9438408
/content/drive/MyDrive/DeepWeeds/dataset/20170217-111104-0.jpg,0,DW_CHAP,0,DW_CHAP,True,0.9754081
/content/drive/MyDrive/DeepWeeds/dataset/20170217-111130-0.jpg,0,DW_CHAP,0,DW_CHAP,True,0.83815074
/content/drive/MyDrive/DeepWeeds/dataset/20170217-111616-0.jpg,0,DW_CHAP,0,DW_CHAP,True,0.87715477
/content/drive/MyDrive/DeepWeeds/dataset/20170217-111841-0.jpg,0,DW_CHAP,0,DW_CHAP,True,0.99113137
/content/drive/MyDrive/DeepWeeds/dataset/20170217-112348-0.jpg,0,DW_CHAP,0,DW_CHAP,True,0.9993237
/content/drive/MyDrive/DeepWeeds/dataset/20170217-112531-0.jpg,0,DW_CHAP,0,DW_CHAP,True,0.99584705
/content/drive/MyDrive/DeepWeeds/dataset/20170217-112936-0.jpg,7,DW_SNWE,7,DW_SNWE,True,0.9995671
/content/drive/MyDrive/DeepWeeds/dataset/20170217-113132-0.jpg,7,DW_SNWE,7,DW_SNWE,True,0.9999995
/content/drive/MyDrive/DeepWeeds/dataset/20170217-113424-0.jpg,7,DW_SNWE,7,DW_SNWE,True,0.999967
/content/drive/MyDrive/DeepWeeds/dataset/20170217-113546-0.jpg,0,DW_CHAP,7,DW_SNWE,False,0.57659125
/content/drive/MyDrive/DeepWeeds/dataset/20170217-113831-0.jpg,0,DW_CHAP,0,DW_CHAP,True,0.97999144
/content/drive/MyDrive/DeepWeeds/dataset/20170217-114051-0.jpg,0,DW_CHAP,0,DW_CHAP,True,0.98478544
/content/drive/MyDrive/DeepWeeds/dataset/20170217-114455-0.jpg,0,DW_CHAP,7,DW_SNWE,False,0.92338896
/content/drive/MyDrive/DeepWeeds/dataset/20170217-114604-0.jpg,7,DW_SNWE,7,DW_SNWE,True,0.8917847
/content/drive/MyDrive/DeepWeeds/dataset/20170217-114614-0.jpg,7,DW_SNWE,7,DW_SNWE,True,0.9995876
/content/drive/MyDrive/DeepWeeds/dataset/20170217-114728-0.jpg,0,DW_CHAP,0,DW_CHAP,True,0.97351515
/content/drive/MyDrive/DeepWeeds/dataset/20170217-114849-0.jpg,7,DW_SNWE,7,DW_SNWE,True,0.98818934
/content/drive/MyDrive/DeepWeeds/dataset/20170217-115125-0.jpg,7,DW_SNWE,7,DW_SNWE,True,0.9920844
/content/drive/MyDrive/DeepWeeds/dataset/20170217-115351-0.jpg,7,DW_SNWE,8,DW_NEG,False,0.9564197
/content/drive/MyDrive/DeepWeeds/dataset/20170217-115427-0.jpg,7,DW_SNWE,7,DW_SNWE,True,0.96136624
/content/drive/MyDrive/DeepWeeds/dataset/20170217-115708-0.jpg,0,DW_CHAP,0,DW_CHAP,True,0.7327146
/content/drive/MyDrive/DeepWeeds/dataset/20170217-115828-0.jpg,0,DW_CHAP,7,DW_SNWE,False,0.53756297
/content/drive/MyDrive/DeepWeeds/dataset/20170217-120132-0.jpg,0,DW_CHAP,0,DW_CHAP,True,0.99936503
/content/drive/MyDrive/DeepWeeds/dataset/20170217-120325-0.jpg,7,DW_SNWE,7,DW_SNWE,True,0.9993936
/content/drive/MyDrive/DeepWeeds/dataset/20170217-120401-0.jpg,7,DW_SNWE,8,DW_NEG,False,0.5513134
/content/drive/MyDrive/DeepWeeds/dataset/20170217-120512-0.jpg,7,DW_SNWE,7,DW_SNWE,True,0.95654184
/content/drive/MyDrive/DeepWeeds/dataset/20170217-121139-0.jpg,0,DW_CHAP,0,DW_CHAP,True,0.6197892
/content/drive/MyDrive/DeepWeeds/dataset/20170217-121703-0.jpg,0,DW_CHAP,0,DW_CHAP,True,0.99395305
/content/drive/MyDrive/DeepWeeds/dataset/20170217-121730-0.jpg,0,DW_CHAP,0,DW_CHAP,True,0.97683275
/content/drive/MyDrive/DeepWeeds/dataset/20170217-122057-0.jpg,0,DW_CHAP,0,DW_CHAP,True,0.9999347
/content/drive/MyDrive/DeepWeeds/dataset/20170217-122330-0.jpg,0,DW_CHAP,7,DW_SNWE,False,0.6119996
/content/drive/MyDrive/DeepWeeds/dataset/20170217-143640-0.jpg,7,DW_SNWE,7,DW_SNWE,True,0.98598236
/content/drive/MyDrive/DeepWeeds/dataset/20170217-143741-0.jpg,7,DW_SNWE,7,DW_SNWE,True,0.99730456
/content/drive/MyDrive/DeepWeeds/dataset/20170217-143939-0.jpg,7,DW_SNWE,7,DW_SNWE,True,0.98593444
/content/drive/MyDrive/DeepWeeds/dataset/20170217-144419-0.jpg,7,DW_SNWE,7,DW_SNWE,True,0.99408
/content/drive/MyDrive/DeepWeeds/dataset/20170217-144601-0.jpg,7,DW_SNWE,7,DW_SNWE,True,0.99981946
/content/drive/MyDrive/DeepWeeds/dataset/20170217-144905-0.jpg,7,DW_SNWE,8,DW_NEG,False,0.917361
/content/drive/MyDrive/DeepWeeds/dataset/20170217-145102-0.jpg,7,DW_SNWE,7,DW_SNWE,True,0.9995497
/content/drive/MyDrive/DeepWeeds/dataset/20170217-145358-0.jpg,7,DW_SNWE,7,DW_SNWE,True,0.99963224
/content/drive/MyDrive/DeepWeeds/dataset/20170217-150253-0.jpg,0,DW_CHAP,0,DW_CHAP,True,0.9985682
/content/drive/MyDrive/DeepWeeds/dataset/20170217-150733-0.jpg,0,DW_CHAP,0,DW_CHAP,True,0.945438
/content/drive/MyDrive/DeepWeeds/dataset/20170217-151206-0.jpg,0,DW_CHAP,8,DW_NEG,False,0.5341409
/content/drive/MyDrive/DeepWeeds/dataset/20170217-151542-0.jpg,0,DW_CHAP,0,DW_CHAP,True,0.5381257
/content/drive/MyDrive/DeepWeeds/dataset/20170217-151857-0.jpg,0,DW_CHAP,0,DW_CHAP,True,0.99729115
/content/drive/MyDrive/DeepWeeds/dataset/20170217-152211-0.jpg,0,DW_CHAP,0,DW_CHAP,True,0.94146633
/content/drive/MyDrive/DeepWeeds/dataset/20170304-123600-0.jpg,7,DW_SNWE,1,DW_LANT,False,0.5710498
/content/drive/MyDrive/DeepWeeds/dataset/20170304-123711-0.jpg,0,DW_CHAP,0,DW_CHAP,True,0.55054384
/content/drive/MyDrive/DeepWeeds/dataset/20170304-124121-0.jpg,0,DW_CHAP,0,DW_CHAP,True,0.59544265
/content/drive/MyDrive/DeepWeeds/dataset/20170304-124441-0.jpg,0,DW_CHAP,7,DW_SNWE,False,0.82089436
/content/drive/MyDrive/DeepWeeds/dataset/20170304-124521-0.jpg,0,DW_CHAP,0,DW_CHAP,True,0.87542146
/content/drive/MyDrive/DeepWeeds/dataset/20170304-124535-0.jpg,0,DW_CHAP,0,DW_CHAP,True,0.5063439
/content/drive/MyDrive/DeepWeeds/dataset/20170304-124656-0.jpg,0,DW_CHAP,7,DW_SNWE,False,0.944068
/content/drive/MyDrive/DeepWeeds/dataset/20170304-124907-0.jpg,0,DW_CHAP,8,DW_NEG,False,0.72021306
/content/drive/MyDrive/DeepWeeds/dataset/20170304-125101-0.jpg,0,DW_CHAP,0,DW_CHAP,True,0.9327261
/content/drive/MyDrive/DeepWeeds/dataset/20170304-125226-0.jpg,0,DW_CHAP,0,DW_CHAP,True,0.9999502
/content/drive/MyDrive/DeepWeeds/dataset/20170304-125427-0.jpg,0,DW_CHAP,0,DW_CHAP,True,0.99506855
/content/drive/MyDrive/DeepWeeds/dataset/20170304-130115-0.jpg,7,DW_SNWE,7,DW_SNWE,True,0.9971654
/content/drive/MyDrive/DeepWeeds/dataset/20170304-130551-0.jpg,7,DW_SNWE,7,DW_SNWE,True,0.91540974
/content/drive/MyDrive/DeepWeeds/dataset/20170304-130721-0.jpg,7,DW_SNWE,7,DW_SNWE,True,0.66445875
/content/drive/MyDrive/DeepWeeds/dataset/20170304-130929-0.jpg,7,DW_SNWE,7,DW_SNWE,True,0.9992754
/content/drive/MyDrive/DeepWeeds/dataset/20170304-131410-0.jpg,7,DW_SNWE,7,DW_SNWE,True,0.9924697
/content/drive/MyDrive/DeepWeeds/dataset/20170304-131504-0.jpg,7,DW_SNWE,7,DW_SNWE,True,0.7363339
/content/drive/MyDrive/DeepWeeds/dataset/20170304-131624-0.jpg,7,DW_SNWE,7,DW_SNWE,True,0.9999585
/content/drive/MyDrive/DeepWeeds/dataset/20170304-131712-0.jpg,7,DW_SNWE,7,DW_SNWE,True,0.8256964
/content/drive/MyDrive/DeepWeeds/dataset/20170304-131822-0.jpg,7,DW_SNWE,7,DW_SNWE,True,0.9914419
/content/drive/MyDrive/DeepWeeds/dataset/20170304-131932-0.jpg,7,DW_SNWE,7,DW_SNWE,True,0.9984175
/content/drive/MyDrive/DeepWeeds/dataset/20170304-132134-0.jpg,7,DW_SNWE,7,DW_SNWE,True,0.978319
/content/drive/MyDrive/DeepWeeds/dataset/20170304-132246-0.jpg,7,DW_SNWE,7,DW_SNWE,True,0.9960174
/content/drive/MyDrive/DeepWeeds/dataset/20170304-132429-0.jpg,7,DW_SNWE,7,DW_SNWE,True,0.9998084
/content/drive/MyDrive/DeepWeeds/dataset/20170304-132450-0.jpg,7,DW_SNWE,7,DW_SNWE,True,0.99986446
/content/drive/MyDrive/DeepWeeds/dataset/20170304-132701-0.jpg,7,DW_SNWE,7,DW_SNWE,True,0.9534779
/content/drive/MyDrive/DeepWeeds/dataset/20170315-084914-0.jpg,8,DW_NEG,8,DW_NEG,True,0.919131
/content/drive/MyDrive/DeepWeeds/dataset/20170315-085103-0.jpg,8,DW_NEG,8,DW_NEG,True,0.73793626
/content/drive/MyDrive/DeepWeeds/dataset/20170315-085159-0.jpg,8,DW_NEG,8,DW_NEG,True,0.48711446
/content/drive/MyDrive/DeepWeeds/dataset/20170315-085441-0.jpg,8,DW_NEG,8,DW_NEG,True,0.6831914
/content/drive/MyDrive/DeepWeeds/dataset/20170315-085531-0.jpg,8,DW_NEG,8,DW_NEG,True,0.9850419
/content/drive/MyDrive/DeepWeeds/dataset/20170315-085616-0.jpg,8,DW_NEG,8,DW_NEG,True,0.5703423
/content/drive/MyDrive/DeepWeeds/dataset/20170315-085825-0.jpg,8,DW_NEG,8,DW_NEG,True,0.5275955
/content/drive/MyDrive/DeepWeeds/dataset/20170315-085923-0.jpg,8,DW_NEG,8,DW_NEG,True,0.5872918
/content/drive/MyDrive/DeepWeeds/dataset/20170315-090024-0.jpg,8,DW_NEG,8,DW_NEG,True,0.61464405
/content/drive/MyDrive/DeepWeeds/dataset/20170315-090124-0.jpg,8,DW_NEG,8,DW_NEG,True,0.58392996
/content/drive/MyDrive/DeepWeeds/dataset/20170315-090434-0.jpg,8,DW_NEG,8,DW_NEG,True,0.9408264
/content/drive/MyDrive/DeepWeeds/dataset/20170315-090514-0.jpg,8,DW_NEG,8,DW_NEG,True,0.87710184
/content/drive/MyDrive/DeepWeeds/dataset/20170315-090650-0.jpg,8,DW_NEG,0,DW_CHAP,False,0.56893367
/content/drive/MyDrive/DeepWeeds/dataset/20170315-090831-0.jpg,8,DW_NEG,8,DW_NEG,True,0.85571957
/content/drive/MyDrive/DeepWeeds/dataset/20170404-153544-0.jpg,7,DW_SNWE,7,DW_SNWE,True,0.8664224
/content/drive/MyDrive/DeepWeeds/dataset/20170404-153628-0.jpg,7,DW_SNWE,7,DW_SNWE,True,0.9996512
/content/drive/MyDrive/DeepWeeds/dataset/20170404-153744-0.jpg,7,DW_SNWE,7,DW_SNWE,True,0.9996805
/content/drive/MyDrive/DeepWeeds/dataset/20170404-153837-0.jpg,7,DW_SNWE,7,DW_SNWE,True,0.9995221
/content/drive/MyDrive/DeepWeeds/dataset/20170404-153902-0.jpg,7,DW_SNWE,7,DW_SNWE,True,0.9999925
/content/drive/MyDrive/DeepWeeds/dataset/20170404-154025-0.jpg,7,DW_SNWE,7,DW_SNWE,True,0.9994179
/content/drive/MyDrive/DeepWeeds/dataset/20170404-154130-0.jpg,7,DW_SNWE,7,DW_SNWE,True,0.99939716
/content/drive/MyDrive/DeepWeeds/dataset/20170404-154230-0.jpg,7,DW_SNWE,7,DW_SNWE,True,0.97919184
/content/drive/MyDrive/DeepWeeds/dataset/20170404-154333-0.jpg,7,DW_SNWE,7,DW_SNWE,True,0.9998086
/content/drive/MyDrive/DeepWeeds/dataset/20170405-154901-0.jpg,0,DW_CHAP,0,DW_CHAP,True,0.9999242
/content/drive/MyDrive/DeepWeeds/dataset/20170405-155046-0.jpg,0,DW_CHAP,7,DW_SNWE,False,0.8477673
/content/drive/MyDrive/DeepWeeds/dataset/20170405-155215-0.jpg,0,DW_CHAP,7,DW_SNWE,False,0.7308022
/content/drive/MyDrive/DeepWeeds/dataset/20170405-155232-0.jpg,0,DW_CHAP,7,DW_SNWE,False,0.5669448
/content/drive/MyDrive/DeepWeeds/dataset/20170405-155438-0.jpg,0,DW_CHAP,0,DW_CHAP,True,0.5888264
/content/drive/MyDrive/DeepWeeds/dataset/20170405-155554-0.jpg,0,DW_CHAP,0,DW_CHAP,True,0.8899846
/content/drive/MyDrive/DeepWeeds/dataset/20170405-155732-0.jpg,0,DW_CHAP,0,DW_CHAP,True,0.93567157
/content/drive/MyDrive/DeepWeeds/dataset/20170405-160024-0.jpg,0,DW_CHAP,7,DW_SNWE,False,0.5149446
/content/drive/MyDrive/DeepWeeds/dataset/20170405-160226-0.jpg,0,DW_CHAP,8,DW_NEG,False,0.792289
/content/drive/MyDrive/DeepWeeds/dataset/20170405-160251-0.jpg,0,DW_CHAP,7,DW_SNWE,False,0.95336694
/content/drive/MyDrive/DeepWeeds/dataset/20170410-124109-0.jpg,8,DW_NEG,0,DW_CHAP,False,0.50909555
/content/drive/MyDrive/DeepWeeds/dataset/20170410-124218-0.jpg,0,DW_CHAP,0,DW_CHAP,True,0.40924007
/content/drive/MyDrive/DeepWeeds/dataset/20170410-124328-0.jpg,0,DW_CHAP,0,DW_CHAP,True,0.9712214
/content/drive/MyDrive/DeepWeeds/dataset/20170410-124438-0.jpg,0,DW_CHAP,0,DW_CHAP,True,0.7528757
/content/drive/MyDrive/DeepWeeds/dataset/20170410-124625-0.jpg,0,DW_CHAP,0,DW_CHAP,True,0.6287155
/content/drive/MyDrive/DeepWeeds/dataset/20170410-124729-0.jpg,0,DW_CHAP,8,DW_NEG,False,0.50747544
/content/drive/MyDrive/DeepWeeds/dataset/20170410-153429-0.jpg,7,DW_SNWE,7,DW_SNWE,True,0.9998981
/content/drive/MyDrive/DeepWeeds/dataset/20170410-153511-0.jpg,0,DW_CHAP,8,DW_NEG,False,0.57768506
/content/drive/MyDrive/DeepWeeds/dataset/20170410-153913-0.jpg,0,DW_CHAP,0,DW_CHAP,True,0.95662385
/content/drive/MyDrive/DeepWeeds/dataset/20170410-154101-0.jpg,0,DW_CHAP,0,DW_CHAP,True,0.88785505
/content/drive/MyDrive/DeepWeeds/dataset/20170410-154132-0.jpg,0,DW_CHAP,0,DW_CHAP,True,0.5073372
/content/drive/MyDrive/DeepWeeds/dataset/20170410-154255-0.jpg,0,DW_CHAP,8,DW_NEG,False,0.85357445
/content/drive/MyDrive/DeepWeeds/dataset/20170410-154734-0.jpg,0,DW_CHAP,7,DW_SNWE,False,0.93616796
/content/drive/MyDrive/DeepWeeds/dataset/20170410-155936-0.jpg,7,DW_SNWE,7,DW_SNWE,True,0.9988758
/content/drive/MyDrive/DeepWeeds/dataset/20170410-160223-0.jpg,7,DW_SNWE,7,DW_SNWE,True,0.98838824
/content/drive/MyDrive/DeepWeeds/dataset/20170501-142305-0.jpg,1,DW_LANT,1,DW_LANT,True,0.70391816
/content/drive/MyDrive/DeepWeeds/dataset/20170501-142418-0.jpg,1,DW_LANT,1,DW_LANT,True,0.9999242
/content/drive/MyDrive/DeepWeeds/dataset/20170501-142646-0.jpg,1,DW_LANT,1,DW_LANT,True,0.99998677
/content/drive/MyDrive/DeepWeeds/dataset/20170501-142713-0.jpg,1,DW_LANT,1,DW_LANT,True,0.6025744
/content/drive/MyDrive/DeepWeeds/dataset/20170501-142900-0.jpg,1,DW_LANT,1,DW_LANT,True,0.9877243
/content/drive/MyDrive/DeepWeeds/dataset/20170501-143127-0.jpg,1,DW_LANT,1,DW_LANT,True,0.9433416
/content/drive/MyDrive/DeepWeeds/dataset/20170501-143226-0.jpg,1,DW_LANT,1,DW_LANT,True,0.60310787
/content/drive/MyDrive/DeepWeeds/dataset/20170501-143248-0.jpg,1,DW_LANT,7,DW_SNWE,False,0.7243753
/content/drive/MyDrive/DeepWeeds/dataset/20170501-143529-0.jpg,1,DW_LANT,8,DW_NEG,False,0.5093861
/content/drive/MyDrive/DeepWeeds/dataset/20170501-143630-0.jpg,1,DW_LANT,1,DW_LANT,True,0.70931447
/content/drive/MyDrive/DeepWeeds/dataset/20170501-143714-0.jpg,1,DW_LANT,1,DW_LANT,True,0.9991775
/content/drive/MyDrive/DeepWeeds/dataset/20170501-143847-0.jpg,1,DW_LANT,1,DW_LANT,True,0.6905089
/content/drive/MyDrive/DeepWeeds/dataset/20170501-144221-0.jpg,1,DW_LANT,1,DW_LANT,True,0.9974064
/content/drive/MyDrive/DeepWeeds/dataset/20170501-144305-0.jpg,1,DW_LANT,1,DW_LANT,True,0.99983406
/content/drive/MyDrive/DeepWeeds/dataset/20170501-144408-0.jpg,1,DW_LANT,1,DW_LANT,True,0.8962628
/content/drive/MyDrive/DeepWeeds/dataset/20170501-144448-0.jpg,1,DW_LANT,1,DW_LANT,True,0.8316034
/content/drive/MyDrive/DeepWeeds/dataset/20170501-144633-0.jpg,8,DW_NEG,8,DW_NEG,True,0.9030165
/content/drive/MyDrive/DeepWeeds/dataset/20170501-144820-0.jpg,8,DW_NEG,8,DW_NEG,True,0.7458865
/content/drive/MyDrive/DeepWeeds/dataset/20170501-144912-0.jpg,8,DW_NEG,8,DW_NEG,True,0.95411533
/content/drive/MyDrive/DeepWeeds/dataset/20170501-145007-0.jpg,8,DW_NEG,8,DW_NEG,True,0.99295324
/content/drive/MyDrive/DeepWeeds/dataset/20170501-145112-0.jpg,8,DW_NEG,8,DW_NEG,True,0.7461241
/content/drive/MyDrive/DeepWeeds/dataset/20170501-145245-0.jpg,8,DW_NEG,1,DW_LANT,False,0.6325624
/content/drive/MyDrive/DeepWeeds/dataset/20170501-145336-0.jpg,8,DW_NEG,8,DW_NEG,True,0.99760616
/content/drive/MyDrive/DeepWeeds/dataset/20170501-145358-0.jpg,8,DW_NEG,8,DW_NEG,True,0.7160357
/content/drive/MyDrive/DeepWeeds/dataset/20170501-145550-0.jpg,8,DW_NEG,8,DW_NEG,True,0.6541967
/content/drive/MyDrive/DeepWeeds/dataset/20170501-145625-0.jpg,8,DW_NEG,8,DW_NEG,True,0.96986157
/content/drive/MyDrive/DeepWeeds/dataset/20170501-145700-0.jpg,8,DW_NEG,7,DW_SNWE,False,0.866362
/content/drive/MyDrive/DeepWeeds/dataset/20170501-145751-0.jpg,8,DW_NEG,6,DW_SIWE,False,0.6172763
/content/drive/MyDrive/DeepWeeds/dataset/20170501-145819-0.jpg,8,DW_NEG,8,DW_NEG,True,0.9875919
/content/drive/MyDrive/DeepWeeds/dataset/20170501-145921-0.jpg,8,DW_NEG,5,DW_RUBV,False,0.27982223
/content/drive/MyDrive/DeepWeeds/dataset/20170521-153515-0.jpg,1,DW_LANT,1,DW_LANT,True,0.88107985
/content/drive/MyDrive/DeepWeeds/dataset/20170522-093530-0.jpg,1,DW_LANT,1,DW_LANT,True,0.96112835
/content/drive/MyDrive/DeepWeeds/dataset/20170522-093642-0.jpg,1,DW_LANT,1,DW_LANT,True,0.9806755
/content/drive/MyDrive/DeepWeeds/dataset/20170610-120826-0.jpg,1,DW_LANT,1,DW_LANT,True,0.9150645
/content/drive/MyDrive/DeepWeeds/dataset/20170610-121741-0.jpg,1,DW_LANT,1,DW_LANT,True,0.9680606
/content/drive/MyDrive/DeepWeeds/dataset/20170610-122024-0.jpg,1,DW_LANT,7,DW_SNWE,False,0.92488295
/content/drive/MyDrive/DeepWeeds/dataset/20170610-122050-0.jpg,1,DW_LANT,1,DW_LANT,True,0.9880883
/content/drive/MyDrive/DeepWeeds/dataset/20170610-122404-0.jpg,1,DW_LANT,1,DW_LANT,True,0.9993555
/content/drive/MyDrive/DeepWeeds/dataset/20170610-122533-0.jpg,1,DW_LANT,1,DW_LANT,True,0.9999652
/content/drive/MyDrive/DeepWeeds/dataset/20170610-122723-0.jpg,1,DW_LANT,7,DW_SNWE,False,0.4757586
/content/drive/MyDrive/DeepWeeds/dataset/20170610-122807-0.jpg,1,DW_LANT,1,DW_LANT,True,0.5783361
/content/drive/MyDrive/DeepWeeds/dataset/20170610-123017-0.jpg,1,DW_LANT,1,DW_LANT,True,0.92125386
/content/drive/MyDrive/DeepWeeds/dataset/20170610-123110-0.jpg,1,DW_LANT,1,DW_LANT,True,0.95391136
/content/drive/MyDrive/DeepWeeds/dataset/20170610-123326-0.jpg,1,DW_LANT,1,DW_LANT,True,0.9100681
/content/drive/MyDrive/DeepWeeds/dataset/20170610-123408-0.jpg,1,DW_LANT,1,DW_LANT,True,0.63006645
/content/drive/MyDrive/DeepWeeds/dataset/20170610-123740-0.jpg,1,DW_LANT,8,DW_NEG,False,0.8530142
/content/drive/MyDrive/DeepWeeds/dataset/20170610-123756-0.jpg,1,DW_LANT,1,DW_LANT,True,0.60494876
/content/drive/MyDrive/DeepWeeds/dataset/20170610-123952-0.jpg,1,DW_LANT,6,DW_SIWE,False,0.4100557
/content/drive/MyDrive/DeepWeeds/dataset/20170610-124033-0.jpg,1,DW_LANT,1,DW_LANT,True,0.7550534
/content/drive/MyDrive/DeepWeeds/dataset/20170627-103419-0.jpg,0,DW_CHAP,8,DW_NEG,False,0.81658244
/content/drive/MyDrive/DeepWeeds/dataset/20170627-103624-0.jpg,0,DW_CHAP,0,DW_CHAP,True,0.9664047
/content/drive/MyDrive/DeepWeeds/dataset/20170627-103832-0.jpg,0,DW_CHAP,0,DW_CHAP,True,0.9936919
/content/drive/MyDrive/DeepWeeds/dataset/20170627-104050-0.jpg,8,DW_NEG,8,DW_NEG,True,0.8889496
/content/drive/MyDrive/DeepWeeds/dataset/20170627-104522-0.jpg,7,DW_SNWE,7,DW_SNWE,True,0.617065
/content/drive/MyDrive/DeepWeeds/dataset/20170627-104853-0.jpg,7,DW_SNWE,7,DW_SNWE,True,0.99983907
/content/drive/MyDrive/DeepWeeds/dataset/20170627-105033-0.jpg,8,DW_NEG,8,DW_NEG,True,0.59822255
/content/drive/MyDrive/DeepWeeds/dataset/20170627-105314-0.jpg,0,DW_CHAP,7,DW_SNWE,False,0.54379255
/content/drive/MyDrive/DeepWeeds/dataset/20170630-150716-0.jpg,7,DW_SNWE,7,DW_SNWE,True,0.60939777
/content/drive/MyDrive/DeepWeeds/dataset/20170630-151310-0.jpg,7,DW_SNWE,7,DW_SNWE,True,0.34257424
/content/drive/MyDrive/DeepWeeds/dataset/20170630-151347-0.jpg,7,DW_SNWE,6,DW_SIWE,False,0.82623345
/content/drive/MyDrive/DeepWeeds/dataset/20170630-151804-0.jpg,7,DW_SNWE,1,DW_LANT,False,0.5913139
/content/drive/MyDrive/DeepWeeds/dataset/20170630-152017-0.jpg,7,DW_SNWE,7,DW_SNWE,True,0.9902202
/content/drive/MyDrive/DeepWeeds/dataset/20170630-152238-0.jpg,7,DW_SNWE,7,DW_SNWE,True,0.995902
/content/drive/MyDrive/DeepWeeds/dataset/20170630-152500-0.jpg,7,DW_SNWE,7,DW_SNWE,True,0.99046236
/content/drive/MyDrive/DeepWeeds/dataset/20170630-153511-0.jpg,8,DW_NEG,1,DW_LANT,False,0.97038233
/content/drive/MyDrive/DeepWeeds/dataset/20170630-153907-0.jpg,8,DW_NEG,8,DW_NEG,True,0.96661526
/content/drive/MyDrive/DeepWeeds/dataset/20170630-154345-0.jpg,7,DW_SNWE,6,DW_SIWE,False,0.68473905
/content/drive/MyDrive/DeepWeeds/dataset/20170630-154510-0.jpg,7,DW_SNWE,7,DW_SNWE,True,0.95330614
/content/drive/MyDrive/DeepWeeds/dataset/20170630-154706-0.jpg,7,DW_SNWE,7,DW_SNWE,True,0.9545768
/content/drive/MyDrive/DeepWeeds/dataset/20170630-154749-0.jpg,8,DW_NEG,8,DW_NEG,True,0.56468296
/content/drive/MyDrive/DeepWeeds/dataset/20170630-155251-0.jpg,7,DW_SNWE,8,DW_NEG,False,0.4744382
/content/drive/MyDrive/DeepWeeds/dataset/20170630-155427-0.jpg,7,DW_SNWE,7,DW_SNWE,True,0.9939468
/content/drive/MyDrive/DeepWeeds/dataset/20170630-155907-0.jpg,7,DW_SNWE,7,DW_SNWE,True,0.9976961
/content/drive/MyDrive/DeepWeeds/dataset/20170630-155936-0.jpg,7,DW_SNWE,7,DW_SNWE,True,0.983896
/content/drive/MyDrive/DeepWeeds/dataset/20170630-160037-0.jpg,7,DW_SNWE,7,DW_SNWE,True,0.95012045
/content/drive/MyDrive/DeepWeeds/dataset/20170630-160438-0.jpg,0,DW_CHAP,8,DW_NEG,False,0.992273
/content/drive/MyDrive/DeepWeeds/dataset/20170704-150722-0.jpg,7,DW_SNWE,8,DW_NEG,False,0.7447194
/content/drive/MyDrive/DeepWeeds/dataset/20170704-151121-0.jpg,7,DW_SNWE,1,DW_LANT,False,0.96374524
/content/drive/MyDrive/DeepWeeds/dataset/20170704-151344-0.jpg,7,DW_SNWE,7,DW_SNWE,True,0.7627248
/content/drive/MyDrive/DeepWeeds/dataset/20170704-152003-0.jpg,0,DW_CHAP,0,DW_CHAP,True,0.8880639
/content/drive/MyDrive/DeepWeeds/dataset/20170704-152155-0.jpg,7,DW_SNWE,7,DW_SNWE,True,0.55901384
/content/drive/MyDrive/DeepWeeds/dataset/20170704-152523-0.jpg,0,DW_CHAP,0,DW_CHAP,True,0.9996923
/content/drive/MyDrive/DeepWeeds/dataset/20170704-153529-0.jpg,8,DW_NEG,7,DW_SNWE,False,0.9515593
/content/drive/MyDrive/DeepWeeds/dataset/20170704-154014-0.jpg,0,DW_CHAP,6,DW_SIWE,False,0.7654933
/content/drive/MyDrive/DeepWeeds/dataset/20170704-154139-0.jpg,0,DW_CHAP,7,DW_SNWE,False,0.9998235
/content/drive/MyDrive/DeepWeeds/dataset/20170704-154518-0.jpg,0,DW_CHAP,0,DW_CHAP,True,0.73301333
/content/drive/MyDrive/DeepWeeds/dataset/20170704-155122-0.jpg,7,DW_SNWE,7,DW_SNWE,True,0.3760841
/content/drive/MyDrive/DeepWeeds/dataset/20170704-155206-0.jpg,7,DW_SNWE,7,DW_SNWE,True,0.3861984
/content/drive/MyDrive/DeepWeeds/dataset/20170704-155422-0.jpg,7,DW_SNWE,7,DW_SNWE,True,0.69695956
/content/drive/MyDrive/DeepWeeds/dataset/20170705-160734-0.jpg,7,DW_SNWE,7,DW_SNWE,True,0.94977486
/content/drive/MyDrive/DeepWeeds/dataset/20170705-161037-0.jpg,7,DW_SNWE,8,DW_NEG,False,0.706141
/content/drive/MyDrive/DeepWeeds/dataset/20170705-161223-0.jpg,7,DW_SNWE,7,DW_SNWE,True,0.827042
/content/drive/MyDrive/DeepWeeds/dataset/20170705-161341-0.jpg,7,DW_SNWE,7,DW_SNWE,True,0.6138818
/content/drive/MyDrive/DeepWeeds/dataset/20170705-161748-0.jpg,7,DW_SNWE,7,DW_SNWE,True,0.97317344
/content/drive/MyDrive/DeepWeeds/dataset/20170705-161916-0.jpg,7,DW_SNWE,7,DW_SNWE,True,0.9632564
/content/drive/MyDrive/DeepWeeds/dataset/20170705-162217-0.jpg,7,DW_SNWE,7,DW_SNWE,True,0.6022539
/content/drive/MyDrive/DeepWeeds/dataset/20170705-162351-0.jpg,7,DW_SNWE,7,DW_SNWE,True,0.97593915
/content/drive/MyDrive/DeepWeeds/dataset/20170705-162715-0.jpg,7,DW_SNWE,3,DW_PART,False,0.9242317
/content/drive/MyDrive/DeepWeeds/dataset/20170705-163125-0.jpg,8,DW_NEG,0,DW_CHAP,False,0.32636303
/content/drive/MyDrive/DeepWeeds/dataset/20170705-163349-0.jpg,7,DW_SNWE,7,DW_SNWE,True,0.60977674
/content/drive/MyDrive/DeepWeeds/dataset/20170705-163531-0.jpg,7,DW_SNWE,7,DW_SNWE,True,0.87149346
/content/drive/MyDrive/DeepWeeds/dataset/20170705-163848-0.jpg,7,DW_SNWE,8,DW_NEG,False,0.43307674
/content/drive/MyDrive/DeepWeeds/dataset/20170705-163946-0.jpg,7,DW_SNWE,7,DW_SNWE,True,0.86967695
/content/drive/MyDrive/DeepWeeds/dataset/20170705-164308-0.jpg,7,DW_SNWE,7,DW_SNWE,True,0.9207752
/content/drive/MyDrive/DeepWeeds/dataset/20170705-164347-0.jpg,7,DW_SNWE,7,DW_SNWE,True,0.99032307
/content/drive/MyDrive/DeepWeeds/dataset/20170705-164812-0.jpg,7,DW_SNWE,3,DW_PART,False,0.6539675
/content/drive/MyDrive/DeepWeeds/dataset/20170705-165000-0.jpg,7,DW_SNWE,7,DW_SNWE,True,0.4595254
/content/drive/MyDrive/DeepWeeds/dataset/20170705-165029-0.jpg,7,DW_SNWE,7,DW_SNWE,True,0.9996718
/content/drive/MyDrive/DeepWeeds/dataset/20170705-165136-0.jpg,7,DW_SNWE,8,DW_NEG,False,0.5260973
/content/drive/MyDrive/DeepWeeds/dataset/20170705-165342-0.jpg,0,DW_CHAP,1,DW_LANT,False,0.6972761
/content/drive/MyDrive/DeepWeeds/dataset/20170705-165551-0.jpg,7,DW_SNWE,1,DW_LANT,False,0.27355894
/content/drive/MyDrive/DeepWeeds/dataset/20170705-165723-0.jpg,7,DW_SNWE,1,DW_LANT,False,0.4473887
/content/drive/MyDrive/DeepWeeds/dataset/20170705-170108-0.jpg,7,DW_SNWE,7,DW_SNWE,True,0.90390223
/content/drive/MyDrive/DeepWeeds/dataset/20170705-170314-0.jpg,0,DW_CHAP,8,DW_NEG,False,0.60041076
/content/drive/MyDrive/DeepWeeds/dataset/20170706-105306-0.jpg,7,DW_SNWE,6,DW_SIWE,False,0.73472935
/content/drive/MyDrive/DeepWeeds/dataset/20170706-105539-0.jpg,7,DW_SNWE,7,DW_SNWE,True,0.98228043
/content/drive/MyDrive/DeepWeeds/dataset/20170706-110150-0.jpg,7,DW_SNWE,7,DW_SNWE,True,0.68280554
/content/drive/MyDrive/DeepWeeds/dataset/20170706-110326-0.jpg,7,DW_SNWE,7,DW_SNWE,True,0.52007926
/content/drive/MyDrive/DeepWeeds/dataset/20170706-110738-0.jpg,0,DW_CHAP,6,DW_SIWE,False,0.62170416
/content/drive/MyDrive/DeepWeeds/dataset/20170706-111609-0.jpg,7,DW_SNWE,8,DW_NEG,False,0.8635896
/content/drive/MyDrive/DeepWeeds/dataset/20170706-112624-0.jpg,7,DW_SNWE,7,DW_SNWE,True,0.98183364
/content/drive/MyDrive/DeepWeeds/dataset/20170706-113027-0.jpg,7,DW_SNWE,7,DW_SNWE,True,0.9522842
/content/drive/MyDrive/DeepWeeds/dataset/20170706-113419-0.jpg,7,DW_SNWE,7,DW_SNWE,True,0.9190907
/content/drive/MyDrive/DeepWeeds/dataset/20170706-113522-0.jpg,7,DW_SNWE,8,DW_NEG,False,0.6443497
/content/drive/MyDrive/DeepWeeds/dataset/20170706-130127-3.jpg,1,DW_LANT,1,DW_LANT,True,0.9999968
/content/drive/MyDrive/DeepWeeds/dataset/20170706-130316-3.jpg,1,DW_LANT,1,DW_LANT,True,0.9999999
/content/drive/MyDrive/DeepWeeds/dataset/20170707-110140-0.jpg,0,DW_CHAP,0,DW_CHAP,True,0.58531046
/content/drive/MyDrive/DeepWeeds/dataset/20170707-110305-0.jpg,7,DW_SNWE,7,DW_SNWE,True,0.8765443
/content/drive/MyDrive/DeepWeeds/dataset/20170707-111046-0.jpg,0,DW_CHAP,8,DW_NEG,False,0.49096313
/content/drive/MyDrive/DeepWeeds/dataset/20170707-111748-0.jpg,0,DW_CHAP,7,DW_SNWE,False,0.4778954
/content/drive/MyDrive/DeepWeeds/dataset/20170707-112301-0.jpg,0,DW_CHAP,8,DW_NEG,False,0.60754496
/content/drive/MyDrive/DeepWeeds/dataset/20170707-112442-0.jpg,0,DW_CHAP,7,DW_SNWE,False,0.7941986
/content/drive/MyDrive/DeepWeeds/dataset/20170707-112953-0.jpg,7,DW_SNWE,7,DW_SNWE,True,0.96764106
/content/drive/MyDrive/DeepWeeds/dataset/20170707-113402-0.jpg,0,DW_CHAP,8,DW_NEG,False,0.6017882
/content/drive/MyDrive/DeepWeeds/dataset/20170707-113650-0.jpg,0,DW_CHAP,8,DW_NEG,False,0.8288697
/content/drive/MyDrive/DeepWeeds/dataset/20170707-114844-0.jpg,0,DW_CHAP,1,DW_LANT,False,0.49247566
/content/drive/MyDrive/DeepWeeds/dataset/20170711-113028-0.jpg,0,DW_CHAP,0,DW_CHAP,True,0.8247375
/content/drive/MyDrive/DeepWeeds/dataset/20170711-113055-0.jpg,0,DW_CHAP,0,DW_CHAP,True,0.44258857
/content/drive/MyDrive/DeepWeeds/dataset/20170711-114223-0.jpg,0,DW_CHAP,8,DW_NEG,False,0.9987679
/content/drive/MyDrive/DeepWeeds/dataset/20170711-114826-0.jpg,7,DW_SNWE,7,DW_SNWE,True,0.9200415
/content/drive/MyDrive/DeepWeeds/dataset/20170711-115315-0.jpg,0,DW_CHAP,8,DW_NEG,False,0.89047956
/content/drive/MyDrive/DeepWeeds/dataset/20170711-115537-0.jpg,0,DW_CHAP,7,DW_SNWE,False,0.39406636
/content/drive/MyDrive/DeepWeeds/dataset/20170711-120239-0.jpg,7,DW_SNWE,7,DW_SNWE,True,0.9842711
/content/drive/MyDrive/DeepWeeds/dataset/20170711-120700-0.jpg,0,DW_CHAP,1,DW_LANT,False,0.4467728
/content/drive/MyDrive/DeepWeeds/dataset/20170711-121008-0.jpg,0,DW_CHAP,0,DW_CHAP,True,0.9489713
/content/drive/MyDrive/DeepWeeds/dataset/20170711-121335-0.jpg,0,DW_CHAP,8,DW_NEG,False,0.31491342
/content/drive/MyDrive/DeepWeeds/dataset/20170711-121448-0.jpg,0,DW_CHAP,0,DW_CHAP,True,0.87922645
/content/drive/MyDrive/DeepWeeds/dataset/20170714-110439-3.jpg,1,DW_LANT,1,DW_LANT,True,0.999908
/content/drive/MyDrive/DeepWeeds/dataset/20170714-110618-3.jpg,1,DW_LANT,5,DW_RUBV,False,0.8317472
/content/drive/MyDrive/DeepWeeds/dataset/20170714-110651-3.jpg,1,DW_LANT,1,DW_LANT,True,0.88477916
/content/drive/MyDrive/DeepWeeds/dataset/20170714-110747-2.jpg,1,DW_LANT,1,DW_LANT,True,0.9999949
/content/drive/MyDrive/DeepWeeds/dataset/20170714-110825-1.jpg,1,DW_LANT,6,DW_SIWE,False,0.7280018
/content/drive/MyDrive/DeepWeeds/dataset/20170714-111038-2.jpg,1,DW_LANT,1,DW_LANT,True,0.9966138
/content/drive/MyDrive/DeepWeeds/dataset/20170714-111045-1.jpg,1,DW_LANT,1,DW_LANT,True,0.96844685
/content/drive/MyDrive/DeepWeeds/dataset/20170714-111235-1.jpg,1,DW_LANT,1,DW_LANT,True,0.998992
/content/drive/MyDrive/DeepWeeds/dataset/20170714-111315-1.jpg,1,DW_LANT,1,DW_LANT,True,0.9909623
/content/drive/MyDrive/DeepWeeds/dataset/20170714-111501-2.jpg,1,DW_LANT,1,DW_LANT,True,0.9999987
/content/drive/MyDrive/DeepWeeds/dataset/20170714-111610-1.jpg,1,DW_LANT,1,DW_LANT,True,0.99977404
/content/drive/MyDrive/DeepWeeds/dataset/20170714-111926-2.jpg,1,DW_LANT,1,DW_LANT,True,0.9982827
/content/drive/MyDrive/DeepWeeds/dataset/20170714-112144-3.jpg,1,DW_LANT,1,DW_LANT,True,0.9999248
/content/drive/MyDrive/DeepWeeds/dataset/20170714-112512-2.jpg,1,DW_LANT,1,DW_LANT,True,0.99999976
/content/drive/MyDrive/DeepWeeds/dataset/20170714-112604-2.jpg,1,DW_LANT,1,DW_LANT,True,0.99925023
/content/drive/MyDrive/DeepWeeds/dataset/20170714-112649-2.jpg,1,DW_LANT,1,DW_LANT,True,0.9652532
/content/drive/MyDrive/DeepWeeds/dataset/20170714-113240-2.jpg,1,DW_LANT,1,DW_LANT,True,0.73562396
/content/drive/MyDrive/DeepWeeds/dataset/20170714-113520-2.jpg,1,DW_LANT,5,DW_RUBV,False,0.56688476
/content/drive/MyDrive/DeepWeeds/dataset/20170714-113838-2.jpg,1,DW_LANT,1,DW_LANT,True,0.9686443
/content/drive/MyDrive/DeepWeeds/dataset/20170714-114042-2.jpg,1,DW_LANT,1,DW_LANT,True,0.99151695
/content/drive/MyDrive/DeepWeeds/dataset/20170714-114444-2.jpg,1,DW_LANT,1,DW_LANT,True,0.93123025
/content/drive/MyDrive/DeepWeeds/dataset/20170714-114719-3.jpg,1,DW_LANT,1,DW_LANT,True,0.99999917
/content/drive/MyDrive/DeepWeeds/dataset/20170714-114911-3.jpg,1,DW_LANT,1,DW_LANT,True,0.9999869
/content/drive/MyDrive/DeepWeeds/dataset/20170714-115344-2.jpg,1,DW_LANT,1,DW_LANT,True,0.9969118
/content/drive/MyDrive/DeepWeeds/dataset/20170714-115409-3.jpg,1,DW_LANT,1,DW_LANT,True,0.9999974
/content/drive/MyDrive/DeepWeeds/dataset/20170714-115505-2.jpg,1,DW_LANT,1,DW_LANT,True,0.9999993
/content/drive/MyDrive/DeepWeeds/dataset/20170714-115620-3.jpg,1,DW_LANT,1,DW_LANT,True,0.9999988
/content/drive/MyDrive/DeepWeeds/dataset/20170714-115730-2.jpg,1,DW_LANT,1,DW_LANT,True,0.9999944
/content/drive/MyDrive/DeepWeeds/dataset/20170714-115847-3.jpg,1,DW_LANT,1,DW_LANT,True,0.9991234
/content/drive/MyDrive/DeepWeeds/dataset/20170714-115933-1.jpg,1,DW_LANT,1,DW_LANT,True,0.99998593
/content/drive/MyDrive/DeepWeeds/dataset/20170714-115933-3.jpg,1,DW_LANT,1,DW_LANT,True,0.9999999
/content/drive/MyDrive/DeepWeeds/dataset/20170714-120046-3.jpg,1,DW_LANT,1,DW_LANT,True,0.99999964
/content/drive/MyDrive/DeepWeeds/dataset/20170714-120203-3.jpg,1,DW_LANT,1,DW_LANT,True,0.99998736
/content/drive/MyDrive/DeepWeeds/dataset/20170714-120304-3.jpg,1,DW_LANT,1,DW_LANT,True,0.99995136
/content/drive/MyDrive/DeepWeeds/dataset/20170714-120502-3.jpg,1,DW_LANT,1,DW_LANT,True,0.99999976
/content/drive/MyDrive/DeepWeeds/dataset/20170714-120613-2.jpg,1,DW_LANT,1,DW_LANT,True,0.99999774
/content/drive/MyDrive/DeepWeeds/dataset/20170714-120723-3.jpg,1,DW_LANT,1,DW_LANT,True,0.99993455
/content/drive/MyDrive/DeepWeeds/dataset/20170714-121008-3.jpg,1,DW_LANT,1,DW_LANT,True,0.99998856
/content/drive/MyDrive/DeepWeeds/dataset/20170714-121517-3.jpg,1,DW_LANT,1,DW_LANT,True,0.8079747
/content/drive/MyDrive/DeepWeeds/dataset/20170714-121735-3.jpg,1,DW_LANT,1,DW_LANT,True,0.9999988
/content/drive/MyDrive/DeepWeeds/dataset/20170714-121905-2.jpg,1,DW_LANT,1,DW_LANT,True,0.49436024
/content/drive/MyDrive/DeepWeeds/dataset/20170714-122007-2.jpg,1,DW_LANT,1,DW_LANT,True,0.99986553
/content/drive/MyDrive/DeepWeeds/dataset/20170714-122210-2.jpg,1,DW_LANT,1,DW_LANT,True,0.55133337
/content/drive/MyDrive/DeepWeeds/dataset/20170714-122344-3.jpg,1,DW_LANT,1,DW_LANT,True,0.9999999
/content/drive/MyDrive/DeepWeeds/dataset/20170714-122506-3.jpg,1,DW_LANT,1,DW_LANT,True,0.99999976
/content/drive/MyDrive/DeepWeeds/dataset/20170714-122801-3.jpg,1,DW_LANT,1,DW_LANT,True,0.99998796
/content/drive/MyDrive/DeepWeeds/dataset/20170714-122855-3.jpg,1,DW_LANT,1,DW_LANT,True,0.9990938
/content/drive/MyDrive/DeepWeeds/dataset/20170714-130040-1.jpg,1,DW_LANT,1,DW_LANT,True,0.99677247
/content/drive/MyDrive/DeepWeeds/dataset/20170714-131005-1.jpg,1,DW_LANT,1,DW_LANT,True,0.9213532
/content/drive/MyDrive/DeepWeeds/dataset/20170714-132633-1.jpg,1,DW_LANT,1,DW_LANT,True,0.99987435
/content/drive/MyDrive/DeepWeeds/dataset/20170714-133342-1.jpg,1,DW_LANT,1,DW_LANT,True,0.99212486
/content/drive/MyDrive/DeepWeeds/dataset/20170714-133445-1.jpg,1,DW_LANT,1,DW_LANT,True,0.94340813
/content/drive/MyDrive/DeepWeeds/dataset/20170714-133830-1.jpg,1,DW_LANT,1,DW_LANT,True,0.9999906
/content/drive/MyDrive/DeepWeeds/dataset/20170714-134129-1.jpg,1,DW_LANT,1,DW_LANT,True,0.99999106
/content/drive/MyDrive/DeepWeeds/dataset/20170714-134152-1.jpg,1,DW_LANT,1,DW_LANT,True,0.99951863
/content/drive/MyDrive/DeepWeeds/dataset/20170714-135050-2.jpg,1,DW_LANT,1,DW_LANT,True,0.9999995
/content/drive/MyDrive/DeepWeeds/dataset/20170714-135158-2.jpg,1,DW_LANT,1,DW_LANT,True,0.87186253
/content/drive/MyDrive/DeepWeeds/dataset/20170714-135328-3.jpg,1,DW_LANT,1,DW_LANT,True,0.9999999
/content/drive/MyDrive/DeepWeeds/dataset/20170714-135431-3.jpg,1,DW_LANT,1,DW_LANT,True,0.99999905
/content/drive/MyDrive/DeepWeeds/dataset/20170714-135916-1.jpg,1,DW_LANT,1,DW_LANT,True,0.96124035
/content/drive/MyDrive/DeepWeeds/dataset/20170714-135946-2.jpg,1,DW_LANT,1,DW_LANT,True,0.9992455
/content/drive/MyDrive/DeepWeeds/dataset/20170714-140142-3.jpg,1,DW_LANT,1,DW_LANT,True,0.99997354
/content/drive/MyDrive/DeepWeeds/dataset/20170714-140238-3.jpg,1,DW_LANT,1,DW_LANT,True,0.9998242
/content/drive/MyDrive/DeepWeeds/dataset/20170714-140436-1.jpg,1,DW_LANT,1,DW_LANT,True,0.9999969
/content/drive/MyDrive/DeepWeeds/dataset/20170714-140539-2.jpg,1,DW_LANT,8,DW_NEG,False,0.71699417
/content/drive/MyDrive/DeepWeeds/dataset/20170714-140607-2.jpg,1,DW_LANT,1,DW_LANT,True,0.9926151
/content/drive/MyDrive/DeepWeeds/dataset/20170714-140634-2.jpg,1,DW_LANT,8,DW_NEG,False,0.818969
/content/drive/MyDrive/DeepWeeds/dataset/20170714-141340-3.jpg,1,DW_LANT,1,DW_LANT,True,0.999987
/content/drive/MyDrive/DeepWeeds/dataset/20170714-141443-3.jpg,1,DW_LANT,1,DW_LANT,True,0.9974148
/content/drive/MyDrive/DeepWeeds/dataset/20170714-141732-2.jpg,1,DW_LANT,1,DW_LANT,True,0.9985039
/content/drive/MyDrive/DeepWeeds/dataset/20170714-141843-3.jpg,1,DW_LANT,1,DW_LANT,True,0.9227865
/content/drive/MyDrive/DeepWeeds/dataset/20170714-142019-3.jpg,1,DW_LANT,1,DW_LANT,True,0.99999964
/content/drive/MyDrive/DeepWeeds/dataset/20170714-142112-2.jpg,1,DW_LANT,1,DW_LANT,True,0.99998987
/content/drive/MyDrive/DeepWeeds/dataset/20170714-142207-2.jpg,1,DW_LANT,1,DW_LANT,True,0.9965036
/content/drive/MyDrive/DeepWeeds/dataset/20170714-142329-2.jpg,1,DW_LANT,1,DW_LANT,True,0.9244562
/content/drive/MyDrive/DeepWeeds/dataset/20170714-142512-3.jpg,1,DW_LANT,1,DW_LANT,True,1.0
/content/drive/MyDrive/DeepWeeds/dataset/20170714-142559-2.jpg,1,DW_LANT,1,DW_LANT,True,0.99649507
/content/drive/MyDrive/DeepWeeds/dataset/20170714-142743-3.jpg,1,DW_LANT,1,DW_LANT,True,1.0
/content/drive/MyDrive/DeepWeeds/dataset/20170714-142931-2.jpg,1,DW_LANT,8,DW_NEG,False,0.9808867
/content/drive/MyDrive/DeepWeeds/dataset/20170714-143003-2.jpg,1,DW_LANT,1,DW_LANT,True,0.66249824
/content/drive/MyDrive/DeepWeeds/dataset/20170714-143102-3.jpg,1,DW_LANT,1,DW_LANT,True,0.9999039
/content/drive/MyDrive/DeepWeeds/dataset/20170714-143138-1.jpg,1,DW_LANT,1,DW_LANT,True,0.7239882
/content/drive/MyDrive/DeepWeeds/dataset/20170714-143253-1.jpg,1,DW_LANT,1,DW_LANT,True,0.99998975
/content/drive/MyDrive/DeepWeeds/dataset/20170714-143425-1.jpg,1,DW_LANT,1,DW_LANT,True,0.9637761
/content/drive/MyDrive/DeepWeeds/dataset/20170714-143523-1.jpg,1,DW_LANT,1,DW_LANT,True,0.96913534
/content/drive/MyDrive/DeepWeeds/dataset/20170714-143702-2.jpg,1,DW_LANT,1,DW_LANT,True,0.86778367
/content/drive/MyDrive/DeepWeeds/dataset/20170714-143745-2.jpg,1,DW_LANT,1,DW_LANT,True,0.98307484
/content/drive/MyDrive/DeepWeeds/dataset/20170714-144230-3.jpg,1,DW_LANT,1,DW_LANT,True,0.99999857
/content/drive/MyDrive/DeepWeeds/dataset/20170714-144338-2.jpg,1,DW_LANT,1,DW_LANT,True,0.78948075
/content/drive/MyDrive/DeepWeeds/dataset/20170714-150115-1.jpg,1,DW_LANT,1,DW_LANT,True,0.99823797
/content/drive/MyDrive/DeepWeeds/dataset/20170714-150201-1.jpg,1,DW_LANT,8,DW_NEG,False,0.6045498
/content/drive/MyDrive/DeepWeeds/dataset/20170714-150314-1.jpg,1,DW_LANT,1,DW_LANT,True,0.97108907
/content/drive/MyDrive/DeepWeeds/dataset/20170714-150539-1.jpg,1,DW_LANT,1,DW_LANT,True,0.99754864
/content/drive/MyDrive/DeepWeeds/dataset/20170714-165832-1.jpg,1,DW_LANT,1,DW_LANT,True,0.9999987
/content/drive/MyDrive/DeepWeeds/dataset/20170714-165934-1.jpg,1,DW_LANT,1,DW_LANT,True,0.999856
/content/drive/MyDrive/DeepWeeds/dataset/20170714-170127-1.jpg,1,DW_LANT,1,DW_LANT,True,0.999997
/content/drive/MyDrive/DeepWeeds/dataset/20170714-170203-1.jpg,1,DW_LANT,1,DW_LANT,True,0.9999999
/content/drive/MyDrive/DeepWeeds/dataset/20170714-170321-1.jpg,1,DW_LANT,1,DW_LANT,True,0.9999641
/content/drive/MyDrive/DeepWeeds/dataset/20170714-170622-1.jpg,1,DW_LANT,1,DW_LANT,True,0.99995875
/content/drive/MyDrive/DeepWeeds/dataset/20170714-170749-1.jpg,1,DW_LANT,1,DW_LANT,True,0.9235582
/content/drive/MyDrive/DeepWeeds/dataset/20170714-185914-1.jpg,1,DW_LANT,1,DW_LANT,True,0.9960846
/content/drive/MyDrive/DeepWeeds/dataset/20170714-190139-1.jpg,1,DW_LANT,1,DW_LANT,True,0.9940877
/content/drive/MyDrive/DeepWeeds/dataset/20170714-190227-1.jpg,1,DW_LANT,1,DW_LANT,True,0.9997571
/content/drive/MyDrive/DeepWeeds/dataset/20170715-100156-1.jpg,1,DW_LANT,1,DW_LANT,True,0.9472566
/content/drive/MyDrive/DeepWeeds/dataset/20170715-102205-1.jpg,1,DW_LANT,1,DW_LANT,True,0.99997294
/content/drive/MyDrive/DeepWeeds/dataset/20170715-102940-1.jpg,1,DW_LANT,1,DW_LANT,True,0.9986035
/content/drive/MyDrive/DeepWeeds/dataset/20170715-105922-1.jpg,1,DW_LANT,1,DW_LANT,True,0.9993418
/content/drive/MyDrive/DeepWeeds/dataset/20170715-113813-1.jpg,1,DW_LANT,1,DW_LANT,True,0.99997497
/content/drive/MyDrive/DeepWeeds/dataset/20170715-114315-1.jpg,1,DW_LANT,1,DW_LANT,True,0.99989414
/content/drive/MyDrive/DeepWeeds/dataset/20170715-120055-1.jpg,1,DW_LANT,1,DW_LANT,True,0.99888676
/content/drive/MyDrive/DeepWeeds/dataset/20170715-120421-1.jpg,1,DW_LANT,1,DW_LANT,True,0.99997437
/content/drive/MyDrive/DeepWeeds/dataset/20170715-124544-1.jpg,1,DW_LANT,1,DW_LANT,True,0.9999821
/content/drive/MyDrive/DeepWeeds/dataset/20170715-130024-1.jpg,1,DW_LANT,1,DW_LANT,True,0.99955255
/content/drive/MyDrive/DeepWeeds/dataset/20170715-133401-1.jpg,1,DW_LANT,1,DW_LANT,True,0.999998
/content/drive/MyDrive/DeepWeeds/dataset/20170715-135754-1.jpg,1,DW_LANT,1,DW_LANT,True,0.99850214
/content/drive/MyDrive/DeepWeeds/dataset/20170715-141015-1.jpg,1,DW_LANT,1,DW_LANT,True,0.998987
/content/drive/MyDrive/DeepWeeds/dataset/20170715-141629-1.jpg,1,DW_LANT,1,DW_LANT,True,0.9999974
/content/drive/MyDrive/DeepWeeds/dataset/20170715-144230-1.jpg,1,DW_LANT,1,DW_LANT,True,0.9999678
/content/drive/MyDrive/DeepWeeds/dataset/20170715-150502-1.jpg,1,DW_LANT,1,DW_LANT,True,0.9999887
/content/drive/MyDrive/DeepWeeds/dataset/20170715-152433-1.jpg,1,DW_LANT,1,DW_LANT,True,0.999984
/content/drive/MyDrive/DeepWeeds/dataset/20170715-154122-1.jpg,1,DW_LANT,1,DW_LANT,True,0.6465306
/content/drive/MyDrive/DeepWeeds/dataset/20170715-154735-1.jpg,1,DW_LANT,1,DW_LANT,True,0.99998367
/content/drive/MyDrive/DeepWeeds/dataset/20170715-160802-1.jpg,1,DW_LANT,6,DW_SIWE,False,0.7955547
/content/drive/MyDrive/DeepWeeds/dataset/20170715-162718-1.jpg,1,DW_LANT,1,DW_LANT,True,0.9996294
/content/drive/MyDrive/DeepWeeds/dataset/20170715-170353-1.jpg,1,DW_LANT,1,DW_LANT,True,0.9999999
/content/drive/MyDrive/DeepWeeds/dataset/20170715-170432-1.jpg,1,DW_LANT,1,DW_LANT,True,0.9997156
/content/drive/MyDrive/DeepWeeds/dataset/20170715-173134-1.jpg,1,DW_LANT,1,DW_LANT,True,0.9397878
/content/drive/MyDrive/DeepWeeds/dataset/20170715-174706-1.jpg,1,DW_LANT,1,DW_LANT,True,0.99999285
/content/drive/MyDrive/DeepWeeds/dataset/20170718-094353-2.jpg,0,DW_CHAP,0,DW_CHAP,True,0.45467404
/content/drive/MyDrive/DeepWeeds/dataset/20170718-094700-2.jpg,0,DW_CHAP,1,DW_LANT,False,0.47117254
/content/drive/MyDrive/DeepWeeds/dataset/20170718-094738-2.jpg,0,DW_CHAP,0,DW_CHAP,True,0.80300826
/content/drive/MyDrive/DeepWeeds/dataset/20170718-095109-2.jpg,0,DW_CHAP,7,DW_SNWE,False,0.57009965
/content/drive/MyDrive/DeepWeeds/dataset/20170718-095159-2.jpg,0,DW_CHAP,0,DW_CHAP,True,0.8429072
/content/drive/MyDrive/DeepWeeds/dataset/20170718-095215-2.jpg,0,DW_CHAP,0,DW_CHAP,True,0.8686629
/content/drive/MyDrive/DeepWeeds/dataset/20170718-100224-2.jpg,0,DW_CHAP,0,DW_CHAP,True,0.506561
/content/drive/MyDrive/DeepWeeds/dataset/20170718-100427-2.jpg,0,DW_CHAP,0,DW_CHAP,True,0.5238013
/content/drive/MyDrive/DeepWeeds/dataset/20170718-100650-2.jpg,0,DW_CHAP,7,DW_SNWE,False,0.831092
/content/drive/MyDrive/DeepWeeds/dataset/20170718-101048-2.jpg,0,DW_CHAP,7,DW_SNWE,False,0.5787099
/content/drive/MyDrive/DeepWeeds/dataset/20170718-101208-2.jpg,0,DW_CHAP,0,DW_CHAP,True,0.75969297
/content/drive/MyDrive/DeepWeeds/dataset/20170718-101328-2.jpg,0,DW_CHAP,7,DW_SNWE,False,0.939193
/content/drive/MyDrive/DeepWeeds/dataset/20170718-101509-2.jpg,0,DW_CHAP,0,DW_CHAP,True,0.999418
/content/drive/MyDrive/DeepWeeds/dataset/20170718-101628-2.jpg,7,DW_SNWE,7,DW_SNWE,True,0.8613627
/content/drive/MyDrive/DeepWeeds/dataset/20170718-101808-2.jpg,0,DW_CHAP,5,DW_RUBV,False,0.95963717
/content/drive/MyDrive/DeepWeeds/dataset/20170718-101939-2.jpg,0,DW_CHAP,1,DW_LANT,False,0.47860613
/content/drive/MyDrive/DeepWeeds/dataset/20170718-102057-2.jpg,7,DW_SNWE,0,DW_CHAP,False,0.63110304
/content/drive/MyDrive/DeepWeeds/dataset/20170718-102206-2.jpg,7,DW_SNWE,7,DW_SNWE,True,0.9995371
/content/drive/MyDrive/DeepWeeds/dataset/20170718-102545-2.jpg,7,DW_SNWE,7,DW_SNWE,True,0.9312947
/content/drive/MyDrive/DeepWeeds/dataset/20170718-131745-2.jpg,7,DW_SNWE,7,DW_SNWE,True,0.856109
/content/drive/MyDrive/DeepWeeds/dataset/20170718-131812-2.jpg,7,DW_SNWE,7,DW_SNWE,True,0.6365864
/content/drive/MyDrive/DeepWeeds/dataset/20170718-131856-2.jpg,7,DW_SNWE,7,DW_SNWE,True,0.9995443
/content/drive/MyDrive/DeepWeeds/dataset/20170718-131944-2.jpg,7,DW_SNWE,7,DW_SNWE,True,0.99978167
/content/drive/MyDrive/DeepWeeds/dataset/20170718-132007-2.jpg,7,DW_SNWE,7,DW_SNWE,True,0.9718884
/content/drive/MyDrive/DeepWeeds/dataset/20170718-132036-2.jpg,7,DW_SNWE,7,DW_SNWE,True,0.36831295
/content/drive/MyDrive/DeepWeeds/dataset/20170718-132112-2.jpg,7,DW_SNWE,7,DW_SNWE,True,0.9934335
/content/drive/MyDrive/DeepWeeds/dataset/20170718-132216-2.jpg,7,DW_SNWE,7,DW_SNWE,True,0.9976907
/content/drive/MyDrive/DeepWeeds/dataset/20170718-132225-2.jpg,7,DW_SNWE,7,DW_SNWE,True,0.7582059
/content/drive/MyDrive/DeepWeeds/dataset/20170718-132334-2.jpg,7,DW_SNWE,7,DW_SNWE,True,0.9201314
/content/drive/MyDrive/DeepWeeds/dataset/20170718-132409-2.jpg,7,DW_SNWE,7,DW_SNWE,True,0.5454533
/content/drive/MyDrive/DeepWeeds/dataset/20170718-132445-2.jpg,7,DW_SNWE,7,DW_SNWE,True,0.99677
/content/drive/MyDrive/DeepWeeds/dataset/20170718-132625-2.jpg,7,DW_SNWE,7,DW_SNWE,True,0.8265272
/content/drive/MyDrive/DeepWeeds/dataset/20170718-132704-2.jpg,7,DW_SNWE,7,DW_SNWE,True,0.9994469
/content/drive/MyDrive/DeepWeeds/dataset/20170718-132810-2.jpg,7,DW_SNWE,7,DW_SNWE,True,0.99931157
/content/drive/MyDrive/DeepWeeds/dataset/20170718-133003-2.jpg,7,DW_SNWE,8,DW_NEG,False,0.38926172
/content/drive/MyDrive/DeepWeeds/dataset/20170718-133118-2.jpg,7,DW_SNWE,7,DW_SNWE,True,0.99291396
/content/drive/MyDrive/DeepWeeds/dataset/20170718-133349-2.jpg,7,DW_SNWE,7,DW_SNWE,True,0.98404586
/content/drive/MyDrive/DeepWeeds/dataset/20170718-133537-2.jpg,0,DW_CHAP,8,DW_NEG,False,0.90612185
/content/drive/MyDrive/DeepWeeds/dataset/20170718-133726-2.jpg,7,DW_SNWE,7,DW_SNWE,True,0.99449134
/content/drive/MyDrive/DeepWeeds/dataset/20170721-114858-1.jpg,0,DW_CHAP,8,DW_NEG,False,0.50925726
/content/drive/MyDrive/DeepWeeds/dataset/20170727-094012-1.jpg,8,DW_NEG,4,DW_PRAC,False,0.8350306
/content/drive/MyDrive/DeepWeeds/dataset/20170727-111856-1.jpg,4,DW_PRAC,4,DW_PRAC,True,0.96118945
/content/drive/MyDrive/DeepWeeds/dataset/20170727-111940-1.jpg,4,DW_PRAC,4,DW_PRAC,True,0.9756404
/content/drive/MyDrive/DeepWeeds/dataset/20170727-112625-3.jpg,4,DW_PRAC,4,DW_PRAC,True,0.66970474
/content/drive/MyDrive/DeepWeeds/dataset/20170727-112933-3.jpg,4,DW_PRAC,4,DW_PRAC,True,0.96856135
/content/drive/MyDrive/DeepWeeds/dataset/20170727-113140-1.jpg,4,DW_PRAC,4,DW_PRAC,True,0.9729416
/content/drive/MyDrive/DeepWeeds/dataset/20170727-113251-3.jpg,4,DW_PRAC,6,DW_SIWE,False,0.73607737
/content/drive/MyDrive/DeepWeeds/dataset/20170727-113316-3.jpg,4,DW_PRAC,7,DW_SNWE,False,0.35724878
/content/drive/MyDrive/DeepWeeds/dataset/20170727-113505-1.jpg,4,DW_PRAC,4,DW_PRAC,True,0.9972888
/content/drive/MyDrive/DeepWeeds/dataset/20170727-113637-3.jpg,4,DW_PRAC,4,DW_PRAC,True,0.9998467
/content/drive/MyDrive/DeepWeeds/dataset/20170727-113753-1.jpg,4,DW_PRAC,4,DW_PRAC,True,0.5629597
/content/drive/MyDrive/DeepWeeds/dataset/20170727-113909-1.jpg,4,DW_PRAC,5,DW_RUBV,False,0.9871399
/content/drive/MyDrive/DeepWeeds/dataset/20170727-114516-3.jpg,4,DW_PRAC,4,DW_PRAC,True,0.6345449
/content/drive/MyDrive/DeepWeeds/dataset/20170727-114537-3.jpg,4,DW_PRAC,8,DW_NEG,False,0.6406888
/content/drive/MyDrive/DeepWeeds/dataset/20170727-114626-3.jpg,4,DW_PRAC,4,DW_PRAC,True,0.9915371
/content/drive/MyDrive/DeepWeeds/dataset/20170727-115147-1.jpg,4,DW_PRAC,4,DW_PRAC,True,0.9443324
/content/drive/MyDrive/DeepWeeds/dataset/20170727-115706-3.jpg,4,DW_PRAC,8,DW_NEG,False,0.9579271
/content/drive/MyDrive/DeepWeeds/dataset/20170727-120128-3.jpg,4,DW_PRAC,8,DW_NEG,False,0.9344121
/content/drive/MyDrive/DeepWeeds/dataset/20170727-120657-3.jpg,4,DW_PRAC,8,DW_NEG,False,0.73481554
/content/drive/MyDrive/DeepWeeds/dataset/20170727-121108-3.jpg,4,DW_PRAC,8,DW_NEG,False,0.8298445
/content/drive/MyDrive/DeepWeeds/dataset/20170727-121830-3.jpg,4,DW_PRAC,4,DW_PRAC,True,0.9859008
/content/drive/MyDrive/DeepWeeds/dataset/20170727-124429-3.jpg,4,DW_PRAC,8,DW_NEG,False,0.9570744
/content/drive/MyDrive/DeepWeeds/dataset/20170727-124737-1.jpg,4,DW_PRAC,4,DW_PRAC,True,0.96280575
/content/drive/MyDrive/DeepWeeds/dataset/20170727-124737-3.jpg,4,DW_PRAC,8,DW_NEG,False,0.59515196
/content/drive/MyDrive/DeepWeeds/dataset/20170727-124937-3.jpg,4,DW_PRAC,4,DW_PRAC,True,0.9375859
/content/drive/MyDrive/DeepWeeds/dataset/20170727-125008-1.jpg,4,DW_PRAC,8,DW_NEG,False,0.50709105
/content/drive/MyDrive/DeepWeeds/dataset/20170727-125315-1.jpg,4,DW_PRAC,3,DW_PART,False,0.35481977
/content/drive/MyDrive/DeepWeeds/dataset/20170727-125540-3.jpg,4,DW_PRAC,4,DW_PRAC,True,0.9998827
/content/drive/MyDrive/DeepWeeds/dataset/20170727-125722-3.jpg,4,DW_PRAC,4,DW_PRAC,True,0.970007
/content/drive/MyDrive/DeepWeeds/dataset/20170727-125859-3.jpg,4,DW_PRAC,4,DW_PRAC,True,0.7046792
/content/drive/MyDrive/DeepWeeds/dataset/20170727-130103-1.jpg,4,DW_PRAC,4,DW_PRAC,True,0.99751675
/content/drive/MyDrive/DeepWeeds/dataset/20170727-130230-1.jpg,4,DW_PRAC,4,DW_PRAC,True,0.959837
/content/drive/MyDrive/DeepWeeds/dataset/20170727-130315-1.jpg,4,DW_PRAC,4,DW_PRAC,True,0.96579504
/content/drive/MyDrive/DeepWeeds/dataset/20170727-130601-1.jpg,4,DW_PRAC,8,DW_NEG,False,0.8824218
/content/drive/MyDrive/DeepWeeds/dataset/20170727-134916-1.jpg,4,DW_PRAC,8,DW_NEG,False,0.4184842
/content/drive/MyDrive/DeepWeeds/dataset/20170727-135150-1.jpg,4,DW_PRAC,8,DW_NEG,False,0.9610044
/content/drive/MyDrive/DeepWeeds/dataset/20170727-135548-1.jpg,4,DW_PRAC,4,DW_PRAC,True,0.934759
/content/drive/MyDrive/DeepWeeds/dataset/20170727-135945-1.jpg,4,DW_PRAC,4,DW_PRAC,True,0.4966514
/content/drive/MyDrive/DeepWeeds/dataset/20170727-140142-1.jpg,4,DW_PRAC,8,DW_NEG,False,0.63986206
/content/drive/MyDrive/DeepWeeds/dataset/20170727-140315-1.jpg,4,DW_PRAC,8,DW_NEG,False,0.5411039
/content/drive/MyDrive/DeepWeeds/dataset/20170727-140504-1.jpg,4,DW_PRAC,4,DW_PRAC,True,0.92567855
/content/drive/MyDrive/DeepWeeds/dataset/20170727-142959-1.jpg,4,DW_PRAC,4,DW_PRAC,True,0.99996805
/content/drive/MyDrive/DeepWeeds/dataset/20170727-143117-1.jpg,4,DW_PRAC,8,DW_NEG,False,0.47995454
/content/drive/MyDrive/DeepWeeds/dataset/20170727-143545-1.jpg,4,DW_PRAC,4,DW_PRAC,True,0.96862197
/content/drive/MyDrive/DeepWeeds/dataset/20170727-143716-1.jpg,4,DW_PRAC,7,DW_SNWE,False,0.37225577
/content/drive/MyDrive/DeepWeeds/dataset/20170727-143758-1.jpg,4,DW_PRAC,8,DW_NEG,False,0.7587627
/content/drive/MyDrive/DeepWeeds/dataset/20170727-143918-3.jpg,4,DW_PRAC,4,DW_PRAC,True,0.86863285
/content/drive/MyDrive/DeepWeeds/dataset/20170727-144045-3.jpg,4,DW_PRAC,4,DW_PRAC,True,0.9993703
/content/drive/MyDrive/DeepWeeds/dataset/20170727-144243-1.jpg,4,DW_PRAC,4,DW_PRAC,True,0.98407114
/content/drive/MyDrive/DeepWeeds/dataset/20170727-144352-1.jpg,4,DW_PRAC,4,DW_PRAC,True,0.9594638
/content/drive/MyDrive/DeepWeeds/dataset/20170727-144559-1.jpg,4,DW_PRAC,5,DW_RUBV,False,0.92949224
/content/drive/MyDrive/DeepWeeds/dataset/20170727-144725-1.jpg,8,DW_NEG,4,DW_PRAC,False,0.99788946
/content/drive/MyDrive/DeepWeeds/dataset/20170727-144821-1.jpg,4,DW_PRAC,8,DW_NEG,False,0.69401705
/content/drive/MyDrive/DeepWeeds/dataset/20170727-144930-1.jpg,4,DW_PRAC,4,DW_PRAC,True,0.8177721
/content/drive/MyDrive/DeepWeeds/dataset/20170727-145457-3.jpg,4,DW_PRAC,8,DW_NEG,False,0.69391257
/content/drive/MyDrive/DeepWeeds/dataset/20170727-145756-3.jpg,4,DW_PRAC,8,DW_NEG,False,0.55173635
/content/drive/MyDrive/DeepWeeds/dataset/20170727-150018-3.jpg,4,DW_PRAC,4,DW_PRAC,True,0.961996
/content/drive/MyDrive/DeepWeeds/dataset/20170727-150211-3.jpg,4,DW_PRAC,4,DW_PRAC,True,0.7988756
/content/drive/MyDrive/DeepWeeds/dataset/20170727-150645-3.jpg,4,DW_PRAC,4,DW_PRAC,True,0.69958204
/content/drive/MyDrive/DeepWeeds/dataset/20170727-151447-1.jpg,4,DW_PRAC,4,DW_PRAC,True,0.64496934
/content/drive/MyDrive/DeepWeeds/dataset/20170727-151613-1.jpg,4,DW_PRAC,8,DW_NEG,False,0.6682994
/content/drive/MyDrive/DeepWeeds/dataset/20170727-151953-3.jpg,4,DW_PRAC,4,DW_PRAC,True,0.53892714
/content/drive/MyDrive/DeepWeeds/dataset/20170727-152403-3.jpg,4,DW_PRAC,8,DW_NEG,False,0.7503523
/content/drive/MyDrive/DeepWeeds/dataset/20170727-152802-1.jpg,4,DW_PRAC,4,DW_PRAC,True,0.45466277
/content/drive/MyDrive/DeepWeeds/dataset/20170727-152845-1.jpg,4,DW_PRAC,4,DW_PRAC,True,0.99259853
/content/drive/MyDrive/DeepWeeds/dataset/20170727-152953-1.jpg,4,DW_PRAC,4,DW_PRAC,True,0.8896684
/content/drive/MyDrive/DeepWeeds/dataset/20170727-153017-3.jpg,4,DW_PRAC,4,DW_PRAC,True,0.89811915
/content/drive/MyDrive/DeepWeeds/dataset/20170727-154134-1.jpg,4,DW_PRAC,4,DW_PRAC,True,0.98733497
/content/drive/MyDrive/DeepWeeds/dataset/20170727-154439-1.jpg,4,DW_PRAC,4,DW_PRAC,True,0.95806015
/content/drive/MyDrive/DeepWeeds/dataset/20170727-154716-1.jpg,4,DW_PRAC,8,DW_NEG,False,0.48408335
/content/drive/MyDrive/DeepWeeds/dataset/20170727-155224-1.jpg,8,DW_NEG,4,DW_PRAC,False,0.90755576
/content/drive/MyDrive/DeepWeeds/dataset/20170727-155330-1.jpg,4,DW_PRAC,8,DW_NEG,False,0.3875227
/content/drive/MyDrive/DeepWeeds/dataset/20170727-155556-1.jpg,4,DW_PRAC,8,DW_NEG,False,0.9836727
/content/drive/MyDrive/DeepWeeds/dataset/20170727-155712-1.jpg,4,DW_PRAC,4,DW_PRAC,True,0.9365894
/content/drive/MyDrive/DeepWeeds/dataset/20170727-162343-1.jpg,4,DW_PRAC,4,DW_PRAC,True,0.8448896
/content/drive/MyDrive/DeepWeeds/dataset/20170727-162546-1.jpg,4,DW_PRAC,8,DW_NEG,False,0.9643016
/content/drive/MyDrive/DeepWeeds/dataset/20170727-162713-3.jpg,4,DW_PRAC,8,DW_NEG,False,0.5463483
/content/drive/MyDrive/DeepWeeds/dataset/20170727-162837-1.jpg,4,DW_PRAC,4,DW_PRAC,True,0.88851136
/content/drive/MyDrive/DeepWeeds/dataset/20170727-163001-1.jpg,4,DW_PRAC,4,DW_PRAC,True,0.9728531
/content/drive/MyDrive/DeepWeeds/dataset/20170727-163200-1.jpg,4,DW_PRAC,4,DW_PRAC,True,0.9702262
/content/drive/MyDrive/DeepWeeds/dataset/20170727-163756-3.jpg,4,DW_PRAC,3,DW_PART,False,0.5556957
/content/drive/MyDrive/DeepWeeds/dataset/20170727-164023-1.jpg,4,DW_PRAC,4,DW_PRAC,True,0.5667264
/content/drive/MyDrive/DeepWeeds/dataset/20170727-164126-1.jpg,4,DW_PRAC,8,DW_NEG,False,0.8780677
/content/drive/MyDrive/DeepWeeds/dataset/20170727-164248-3.jpg,4,DW_PRAC,4,DW_PRAC,True,0.7911257
/content/drive/MyDrive/DeepWeeds/dataset/20170727-164539-1.jpg,4,DW_PRAC,4,DW_PRAC,True,0.91856927
/content/drive/MyDrive/DeepWeeds/dataset/20170727-164636-1.jpg,4,DW_PRAC,8,DW_NEG,False,0.9324625
/content/drive/MyDrive/DeepWeeds/dataset/20170727-165148-1.jpg,4,DW_PRAC,4,DW_PRAC,True,0.96345675
/content/drive/MyDrive/DeepWeeds/dataset/20170727-165320-1.jpg,4,DW_PRAC,4,DW_PRAC,True,0.9134779
/content/drive/MyDrive/DeepWeeds/dataset/20170727-165433-3.jpg,4,DW_PRAC,4,DW_PRAC,True,0.787324
/content/drive/MyDrive/DeepWeeds/dataset/20170727-165544-1.jpg,4,DW_PRAC,4,DW_PRAC,True,0.95949286
/content/drive/MyDrive/DeepWeeds/dataset/20170727-165715-1.jpg,4,DW_PRAC,4,DW_PRAC,True,0.609593
/content/drive/MyDrive/DeepWeeds/dataset/20170727-170007-1.jpg,4,DW_PRAC,4,DW_PRAC,True,0.66987437
/content/drive/MyDrive/DeepWeeds/dataset/20170727-170217-1.jpg,4,DW_PRAC,4,DW_PRAC,True,0.898638
/content/drive/MyDrive/DeepWeeds/dataset/20170727-170437-1.jpg,8,DW_NEG,0,DW_CHAP,False,0.33036265
/content/drive/MyDrive/DeepWeeds/dataset/20170727-170649-1.jpg,4,DW_PRAC,4,DW_PRAC,True,0.7053147
/content/drive/MyDrive/DeepWeeds/dataset/20170727-170810-3.jpg,4,DW_PRAC,3,DW_PART,False,0.5064676
/content/drive/MyDrive/DeepWeeds/dataset/20170727-170947-1.jpg,4,DW_PRAC,4,DW_PRAC,True,0.9252048
/content/drive/MyDrive/DeepWeeds/dataset/20170727-171052-3.jpg,4,DW_PRAC,4,DW_PRAC,True,0.82351494
/content/drive/MyDrive/DeepWeeds/dataset/20170727-171203-1.jpg,4,DW_PRAC,4,DW_PRAC,True,0.9890103
/content/drive/MyDrive/DeepWeeds/dataset/20170727-171518-1.jpg,4,DW_PRAC,4,DW_PRAC,True,0.8943525
/content/drive/MyDrive/DeepWeeds/dataset/20170727-171618-3.jpg,4,DW_PRAC,8,DW_NEG,False,0.41662928
/content/drive/MyDrive/DeepWeeds/dataset/20170727-171709-3.jpg,4,DW_PRAC,8,DW_NEG,False,0.5041074
/content/drive/MyDrive/DeepWeeds/dataset/20170727-171755-2.jpg,4,DW_PRAC,4,DW_PRAC,True,0.9993451
/content/drive/MyDrive/DeepWeeds/dataset/20170727-171755-3.jpg,4,DW_PRAC,4,DW_PRAC,True,0.9920032
/content/drive/MyDrive/DeepWeeds/dataset/20170727-171839-1.jpg,4,DW_PRAC,8,DW_NEG,False,0.87632215
/content/drive/MyDrive/DeepWeeds/dataset/20170727-171942-1.jpg,4,DW_PRAC,4,DW_PRAC,True,0.993222
/content/drive/MyDrive/DeepWeeds/dataset/20170728-115256-1.jpg,4,DW_PRAC,4,DW_PRAC,True,0.97860134
/content/drive/MyDrive/DeepWeeds/dataset/20170728-120134-2.jpg,4,DW_PRAC,4,DW_PRAC,True,0.99987197
/content/drive/MyDrive/DeepWeeds/dataset/20170728-120207-2.jpg,4,DW_PRAC,4,DW_PRAC,True,0.966769
/content/drive/MyDrive/DeepWeeds/dataset/20170728-120435-2.jpg,4,DW_PRAC,4,DW_PRAC,True,0.7712122
/content/drive/MyDrive/DeepWeeds/dataset/20170728-120534-2.jpg,4,DW_PRAC,4,DW_PRAC,True,0.98223704
/content/drive/MyDrive/DeepWeeds/dataset/20170728-120900-2.jpg,4,DW_PRAC,4,DW_PRAC,True,0.6339365
/content/drive/MyDrive/DeepWeeds/dataset/20170728-121232-2.jpg,4,DW_PRAC,4,DW_PRAC,True,0.9985629
/content/drive/MyDrive/DeepWeeds/dataset/20170728-121353-2.jpg,4,DW_PRAC,4,DW_PRAC,True,0.8309372
/content/drive/MyDrive/DeepWeeds/dataset/20170728-121519-2.jpg,4,DW_PRAC,4,DW_PRAC,True,0.6578789
/content/drive/MyDrive/DeepWeeds/dataset/20170728-121823-2.jpg,4,DW_PRAC,4,DW_PRAC,True,0.7913374
/content/drive/MyDrive/DeepWeeds/dataset/20170728-122008-2.jpg,4,DW_PRAC,8,DW_NEG,False,0.6605186
/content/drive/MyDrive/DeepWeeds/dataset/20170728-122106-2.jpg,4,DW_PRAC,4,DW_PRAC,True,0.94628733
/content/drive/MyDrive/DeepWeeds/dataset/20170728-122306-3.jpg,4,DW_PRAC,4,DW_PRAC,True,0.96962535
/content/drive/MyDrive/DeepWeeds/dataset/20170728-122338-2.jpg,4,DW_PRAC,4,DW_PRAC,True,0.9142654
/content/drive/MyDrive/DeepWeeds/dataset/20170728-122435-2.jpg,4,DW_PRAC,4,DW_PRAC,True,0.861858
/content/drive/MyDrive/DeepWeeds/dataset/20170728-122456-2.jpg,4,DW_PRAC,4,DW_PRAC,True,0.98323995
/content/drive/MyDrive/DeepWeeds/dataset/20170728-122620-3.jpg,4,DW_PRAC,4,DW_PRAC,True,0.9799811
/content/drive/MyDrive/DeepWeeds/dataset/20170728-122736-2.jpg,4,DW_PRAC,3,DW_PART,False,0.57266
/content/drive/MyDrive/DeepWeeds/dataset/20170728-123000-2.jpg,4,DW_PRAC,3,DW_PART,False,0.49962834
/content/drive/MyDrive/DeepWeeds/dataset/20170728-123035-2.jpg,4,DW_PRAC,4,DW_PRAC,True,0.9957617
/content/drive/MyDrive/DeepWeeds/dataset/20170728-123815-3.jpg,4,DW_PRAC,4,DW_PRAC,True,0.99919647
/content/drive/MyDrive/DeepWeeds/dataset/20170728-124106-2.jpg,4,DW_PRAC,4,DW_PRAC,True,0.8672723
/content/drive/MyDrive/DeepWeeds/dataset/20170728-124313-3.jpg,4,DW_PRAC,4,DW_PRAC,True,0.9695544
/content/drive/MyDrive/DeepWeeds/dataset/20170728-124451-2.jpg,4,DW_PRAC,4,DW_PRAC,True,0.62608117
/content/drive/MyDrive/DeepWeeds/dataset/20170728-124642-2.jpg,4,DW_PRAC,4,DW_PRAC,True,0.9347983
/content/drive/MyDrive/DeepWeeds/dataset/20170728-124749-2.jpg,4,DW_PRAC,4,DW_PRAC,True,0.9029234
/content/drive/MyDrive/DeepWeeds/dataset/20170728-124827-2.jpg,4,DW_PRAC,4,DW_PRAC,True,0.9989975
/content/drive/MyDrive/DeepWeeds/dataset/20170728-125031-2.jpg,4,DW_PRAC,4,DW_PRAC,True,0.99726284
/content/drive/MyDrive/DeepWeeds/dataset/20170728-125054-3.jpg,4,DW_PRAC,8,DW_NEG,False,0.9322538
/content/drive/MyDrive/DeepWeeds/dataset/20170728-125317-2.jpg,4,DW_PRAC,4,DW_PRAC,True,0.9898628
/content/drive/MyDrive/DeepWeeds/dataset/20170728-125433-3.jpg,4,DW_PRAC,4,DW_PRAC,True,0.981386
/content/drive/MyDrive/DeepWeeds/dataset/20170728-125810-3.jpg,4,DW_PRAC,4,DW_PRAC,True,0.45164526
/content/drive/MyDrive/DeepWeeds/dataset/20170728-145909-1.jpg,8,DW_NEG,8,DW_NEG,True,0.8913105
/content/drive/MyDrive/DeepWeeds/dataset/20170728-150105-1.jpg,4,DW_PRAC,4,DW_PRAC,True,0.796366
/content/drive/MyDrive/DeepWeeds/dataset/20170728-150215-1.jpg,4,DW_PRAC,4,DW_PRAC,True,0.9960846
/content/drive/MyDrive/DeepWeeds/dataset/20170728-150426-3.jpg,8,DW_NEG,8,DW_NEG,True,0.94904447
/content/drive/MyDrive/DeepWeeds/dataset/20170728-150511-3.jpg,8,DW_NEG,8,DW_NEG,True,0.8794415
/content/drive/MyDrive/DeepWeeds/dataset/20170728-150813-1.jpg,8,DW_NEG,8,DW_NEG,True,0.7844351
/content/drive/MyDrive/DeepWeeds/dataset/20170728-150847-1.jpg,4,DW_PRAC,4,DW_PRAC,True,0.9876935
/content/drive/MyDrive/DeepWeeds/dataset/20170728-150952-1.jpg,4,DW_PRAC,4,DW_PRAC,True,0.9500702
/content/drive/MyDrive/DeepWeeds/dataset/20170728-151413-1.jpg,8,DW_NEG,8,DW_NEG,True,0.960095
/content/drive/MyDrive/DeepWeeds/dataset/20170728-151548-2.jpg,4,DW_PRAC,4,DW_PRAC,True,0.93391526
/content/drive/MyDrive/DeepWeeds/dataset/20170728-151846-1.jpg,8,DW_NEG,8,DW_NEG,True,0.9916854
/content/drive/MyDrive/DeepWeeds/dataset/20170728-151858-2.jpg,4,DW_PRAC,8,DW_NEG,False,0.8917659
/content/drive/MyDrive/DeepWeeds/dataset/20170728-152054-1.jpg,8,DW_NEG,4,DW_PRAC,False,0.9798242
/content/drive/MyDrive/DeepWeeds/dataset/20170728-152216-1.jpg,4,DW_PRAC,8,DW_NEG,False,0.68908805
/content/drive/MyDrive/DeepWeeds/dataset/20170728-152245-3.jpg,8,DW_NEG,4,DW_PRAC,False,0.92444754
/content/drive/MyDrive/DeepWeeds/dataset/20170728-152532-1.jpg,4,DW_PRAC,8,DW_NEG,False,0.58444506
/content/drive/MyDrive/DeepWeeds/dataset/20170728-152722-2.jpg,4,DW_PRAC,4,DW_PRAC,True,0.9033854
/content/drive/MyDrive/DeepWeeds/dataset/20170728-152827-3.jpg,8,DW_NEG,4,DW_PRAC,False,0.9914492
/content/drive/MyDrive/DeepWeeds/dataset/20170728-152836-2.jpg,4,DW_PRAC,4,DW_PRAC,True,0.9922943
/content/drive/MyDrive/DeepWeeds/dataset/20170728-153122-1.jpg,8,DW_NEG,3,DW_PART,False,0.6893791
/content/drive/MyDrive/DeepWeeds/dataset/20170728-153128-1.jpg,4,DW_PRAC,4,DW_PRAC,True,0.982947
/content/drive/MyDrive/DeepWeeds/dataset/20170728-153152-2.jpg,4,DW_PRAC,4,DW_PRAC,True,0.54632574
/content/drive/MyDrive/DeepWeeds/dataset/20170728-153256-3.jpg,8,DW_NEG,4,DW_PRAC,False,0.9822128
/content/drive/MyDrive/DeepWeeds/dataset/20170728-153449-2.jpg,4,DW_PRAC,4,DW_PRAC,True,0.9837367
/content/drive/MyDrive/DeepWeeds/dataset/20170728-153536-3.jpg,8,DW_NEG,8,DW_NEG,True,0.81190187
/content/drive/MyDrive/DeepWeeds/dataset/20170728-153614-1.jpg,8,DW_NEG,8,DW_NEG,True,0.5143275
/content/drive/MyDrive/DeepWeeds/dataset/20170728-154000-3.jpg,8,DW_NEG,4,DW_PRAC,False,0.84575427
/content/drive/MyDrive/DeepWeeds/dataset/20170728-154142-1.jpg,4,DW_PRAC,4,DW_PRAC,True,0.9093492
/content/drive/MyDrive/DeepWeeds/dataset/20170728-154302-3.jpg,8,DW_NEG,4,DW_PRAC,False,0.89988804
/content/drive/MyDrive/DeepWeeds/dataset/20170728-154705-1.jpg,4,DW_PRAC,4,DW_PRAC,True,0.9984138
/content/drive/MyDrive/DeepWeeds/dataset/20170728-155251-1.jpg,4,DW_PRAC,4,DW_PRAC,True,0.9920677
/content/drive/MyDrive/DeepWeeds/dataset/20170729-085836-3.jpg,4,DW_PRAC,3,DW_PART,False,0.46479824
/content/drive/MyDrive/DeepWeeds/dataset/20170729-085926-1.jpg,4,DW_PRAC,8,DW_NEG,False,0.49943048
/content/drive/MyDrive/DeepWeeds/dataset/20170729-085955-3.jpg,4,DW_PRAC,4,DW_PRAC,True,0.60099363
/content/drive/MyDrive/DeepWeeds/dataset/20170729-090140-1.jpg,4,DW_PRAC,4,DW_PRAC,True,0.8394451
/content/drive/MyDrive/DeepWeeds/dataset/20170729-090346-1.jpg,4,DW_PRAC,4,DW_PRAC,True,0.84538376
/content/drive/MyDrive/DeepWeeds/dataset/20170729-090408-1.jpg,4,DW_PRAC,4,DW_PRAC,True,0.99403524
/content/drive/MyDrive/DeepWeeds/dataset/20170729-090602-1.jpg,4,DW_PRAC,4,DW_PRAC,True,0.7222254
/content/drive/MyDrive/DeepWeeds/dataset/20170729-090812-1.jpg,4,DW_PRAC,4,DW_PRAC,True,0.80476576
/content/drive/MyDrive/DeepWeeds/dataset/20170729-091011-1.jpg,4,DW_PRAC,4,DW_PRAC,True,0.53734094
/content/drive/MyDrive/DeepWeeds/dataset/20170729-091101-1.jpg,4,DW_PRAC,4,DW_PRAC,True,0.898817
/content/drive/MyDrive/DeepWeeds/dataset/20170729-091105-2.jpg,4,DW_PRAC,4,DW_PRAC,True,0.9874072
/content/drive/MyDrive/DeepWeeds/dataset/20170729-091718-1.jpg,4,DW_PRAC,4,DW_PRAC,True,0.79389584
/content/drive/MyDrive/DeepWeeds/dataset/20170729-091749-2.jpg,4,DW_PRAC,4,DW_PRAC,True,0.609919
/content/drive/MyDrive/DeepWeeds/dataset/20170729-092018-1.jpg,4,DW_PRAC,0,DW_CHAP,False,0.41945297
/content/drive/MyDrive/DeepWeeds/dataset/20170729-092200-2.jpg,4,DW_PRAC,8,DW_NEG,False,0.57819486
/content/drive/MyDrive/DeepWeeds/dataset/20170729-092240-1.jpg,4,DW_PRAC,4,DW_PRAC,True,0.9817852
/content/drive/MyDrive/DeepWeeds/dataset/20170729-092430-1.jpg,4,DW_PRAC,5,DW_RUBV,False,0.5739007
/content/drive/MyDrive/DeepWeeds/dataset/20170729-092523-1.jpg,4,DW_PRAC,4,DW_PRAC,True,0.96367335
/content/drive/MyDrive/DeepWeeds/dataset/20170729-092652-1.jpg,4,DW_PRAC,4,DW_PRAC,True,0.9888837
/content/drive/MyDrive/DeepWeeds/dataset/20170729-092752-1.jpg,4,DW_PRAC,4,DW_PRAC,True,0.9220393
/content/drive/MyDrive/DeepWeeds/dataset/20170729-092837-2.jpg,4,DW_PRAC,4,DW_PRAC,True,0.7448176
/content/drive/MyDrive/DeepWeeds/dataset/20170729-092929-2.jpg,4,DW_PRAC,8,DW_NEG,False,0.8590867
/content/drive/MyDrive/DeepWeeds/dataset/20170729-093015-3.jpg,8,DW_NEG,4,DW_PRAC,False,0.6962811
/content/drive/MyDrive/DeepWeeds/dataset/20170729-093227-2.jpg,4,DW_PRAC,4,DW_PRAC,True,0.48054898
/content/drive/MyDrive/DeepWeeds/dataset/20170729-093431-2.jpg,4,DW_PRAC,4,DW_PRAC,True,0.8375799
/content/drive/MyDrive/DeepWeeds/dataset/20170729-093609-2.jpg,4,DW_PRAC,4,DW_PRAC,True,0.6496533
/content/drive/MyDrive/DeepWeeds/dataset/20170729-153313-3.jpg,4,DW_PRAC,4,DW_PRAC,True,0.9043603
/content/drive/MyDrive/DeepWeeds/dataset/20170729-153504-3.jpg,4,DW_PRAC,4,DW_PRAC,True,0.99893624
/content/drive/MyDrive/DeepWeeds/dataset/20170729-153538-3.jpg,4,DW_PRAC,4,DW_PRAC,True,0.4369073
/content/drive/MyDrive/DeepWeeds/dataset/20170729-153742-3.jpg,4,DW_PRAC,4,DW_PRAC,True,0.967574
/content/drive/MyDrive/DeepWeeds/dataset/20170729-154133-3.jpg,4,DW_PRAC,8,DW_NEG,False,0.5559275
/content/drive/MyDrive/DeepWeeds/dataset/20170729-154609-3.jpg,4,DW_PRAC,3,DW_PART,False,0.8316254
/content/drive/MyDrive/DeepWeeds/dataset/20170803-131501-1.jpg,0,DW_CHAP,4,DW_PRAC,False,0.71440226
/content/drive/MyDrive/DeepWeeds/dataset/20170803-132255-1.jpg,7,DW_SNWE,7,DW_SNWE,True,0.55326825
/content/drive/MyDrive/DeepWeeds/dataset/20170804-132430-1.jpg,1,DW_LANT,6,DW_SIWE,False,0.40057322
/content/drive/MyDrive/DeepWeeds/dataset/20170804-133024-1.jpg,0,DW_CHAP,1,DW_LANT,False,0.85844535
/content/drive/MyDrive/DeepWeeds/dataset/20170811-100750-2.jpg,0,DW_CHAP,0,DW_CHAP,True,0.6240921
/content/drive/MyDrive/DeepWeeds/dataset/20170811-103503-2.jpg,0,DW_CHAP,7,DW_SNWE,False,0.51348215
/content/drive/MyDrive/DeepWeeds/dataset/20170811-103645-2.jpg,0,DW_CHAP,0,DW_CHAP,True,0.89973545
/content/drive/MyDrive/DeepWeeds/dataset/20170811-103813-2.jpg,0,DW_CHAP,0,DW_CHAP,True,0.9998387
/content/drive/MyDrive/DeepWeeds/dataset/20170811-103929-2.jpg,0,DW_CHAP,7,DW_SNWE,False,0.62984
/content/drive/MyDrive/DeepWeeds/dataset/20170811-104139-1.jpg,0,DW_CHAP,0,DW_CHAP,True,0.99945563
/content/drive/MyDrive/DeepWeeds/dataset/20170811-104353-2.jpg,0,DW_CHAP,7,DW_SNWE,False,0.47165167
/content/drive/MyDrive/DeepWeeds/dataset/20170811-104441-2.jpg,0,DW_CHAP,7,DW_SNWE,False,0.7241934
/content/drive/MyDrive/DeepWeeds/dataset/20170811-104623-2.jpg,0,DW_CHAP,0,DW_CHAP,True,0.9710579
/content/drive/MyDrive/DeepWeeds/dataset/20170811-104804-2.jpg,0,DW_CHAP,0,DW_CHAP,True,0.85740244
/content/drive/MyDrive/DeepWeeds/dataset/20170811-105123-2.jpg,0,DW_CHAP,8,DW_NEG,False,0.45859867
/content/drive/MyDrive/DeepWeeds/dataset/20170811-110245-2.jpg,0,DW_CHAP,0,DW_CHAP,True,0.9941995
/content/drive/MyDrive/DeepWeeds/dataset/20170811-110609-1.jpg,0,DW_CHAP,0,DW_CHAP,True,0.99253017
/content/drive/MyDrive/DeepWeeds/dataset/20170811-111114-2.jpg,0,DW_CHAP,6,DW_SIWE,False,0.5484558
/content/drive/MyDrive/DeepWeeds/dataset/20170811-111301-2.jpg,0,DW_CHAP,0,DW_CHAP,True,0.98794353
/content/drive/MyDrive/DeepWeeds/dataset/20170811-111413-1.jpg,0,DW_CHAP,0,DW_CHAP,True,0.9998442
/content/drive/MyDrive/DeepWeeds/dataset/20170811-112522-2.jpg,0,DW_CHAP,1,DW_LANT,False,0.4551526
/content/drive/MyDrive/DeepWeeds/dataset/20170811-112727-1.jpg,0,DW_CHAP,8,DW_NEG,False,0.9951391
/content/drive/MyDrive/DeepWeeds/dataset/20170811-112959-2.jpg,0,DW_CHAP,8,DW_NEG,False,0.5864588
/content/drive/MyDrive/DeepWeeds/dataset/20170811-113501-1.jpg,0,DW_CHAP,0,DW_CHAP,True,0.6368939
/content/drive/MyDrive/DeepWeeds/dataset/20170811-113755-1.jpg,0,DW_CHAP,8,DW_NEG,False,0.99986434
/content/drive/MyDrive/DeepWeeds/dataset/20170811-114019-1.jpg,0,DW_CHAP,0,DW_CHAP,True,0.92507523
/content/drive/MyDrive/DeepWeeds/dataset/20170811-114143-2.jpg,0,DW_CHAP,1,DW_LANT,False,0.9913312
/content/drive/MyDrive/DeepWeeds/dataset/20170811-114743-2.jpg,0,DW_CHAP,7,DW_SNWE,False,0.9373222
/content/drive/MyDrive/DeepWeeds/dataset/20170811-114958-2.jpg,0,DW_CHAP,0,DW_CHAP,True,0.7625198
/content/drive/MyDrive/DeepWeeds/dataset/20170811-115130-2.jpg,0,DW_CHAP,0,DW_CHAP,True,0.863669
/content/drive/MyDrive/DeepWeeds/dataset/20170811-122609-2.jpg,0,DW_CHAP,0,DW_CHAP,True,0.48670703
/content/drive/MyDrive/DeepWeeds/dataset/20170811-122809-2.jpg,0,DW_CHAP,8,DW_NEG,False,0.50814945
/content/drive/MyDrive/DeepWeeds/dataset/20170811-123016-2.jpg,0,DW_CHAP,0,DW_CHAP,True,0.99998856
/content/drive/MyDrive/DeepWeeds/dataset/20170811-123636-2.jpg,0,DW_CHAP,0,DW_CHAP,True,0.9894667
/content/drive/MyDrive/DeepWeeds/dataset/20170811-124710-1.jpg,0,DW_CHAP,0,DW_CHAP,True,0.99979895
/content/drive/MyDrive/DeepWeeds/dataset/20170811-124841-2.jpg,0,DW_CHAP,0,DW_CHAP,True,0.981927
/content/drive/MyDrive/DeepWeeds/dataset/20170811-125030-1.jpg,0,DW_CHAP,0,DW_CHAP,True,0.7500249
/content/drive/MyDrive/DeepWeeds/dataset/20170811-125055-1.jpg,0,DW_CHAP,8,DW_NEG,False,0.7315366
/content/drive/MyDrive/DeepWeeds/dataset/20170811-125323-1.jpg,0,DW_CHAP,0,DW_CHAP,True,0.78981364
/content/drive/MyDrive/DeepWeeds/dataset/20170811-125323-2.jpg,0,DW_CHAP,0,DW_CHAP,True,0.9868895
/content/drive/MyDrive/DeepWeeds/dataset/20170811-125610-1.jpg,0,DW_CHAP,0,DW_CHAP,True,0.8508445
/content/drive/MyDrive/DeepWeeds/dataset/20170811-125920-1.jpg,0,DW_CHAP,0,DW_CHAP,True,0.99016005
/content/drive/MyDrive/DeepWeeds/dataset/20170811-130221-1.jpg,0,DW_CHAP,0,DW_CHAP,True,0.9999012
/content/drive/MyDrive/DeepWeeds/dataset/20170811-130352-2.jpg,0,DW_CHAP,0,DW_CHAP,True,0.35243064
/content/drive/MyDrive/DeepWeeds/dataset/20170811-130639-1.jpg,0,DW_CHAP,0,DW_CHAP,True,0.93169093
/content/drive/MyDrive/DeepWeeds/dataset/20170811-131045-1.jpg,0,DW_CHAP,5,DW_RUBV,False,0.71468925
/content/drive/MyDrive/DeepWeeds/dataset/20170811-131052-2.jpg,0,DW_CHAP,0,DW_CHAP,True,0.99573165
/content/drive/MyDrive/DeepWeeds/dataset/20170811-131255-1.jpg,0,DW_CHAP,7,DW_SNWE,False,0.63174003
/content/drive/MyDrive/DeepWeeds/dataset/20170811-131454-1.jpg,0,DW_CHAP,7,DW_SNWE,False,0.71467793
/content/drive/MyDrive/DeepWeeds/dataset/20170811-131532-2.jpg,0,DW_CHAP,0,DW_CHAP,True,0.999995
/content/drive/MyDrive/DeepWeeds/dataset/20170811-132405-2.jpg,0,DW_CHAP,8,DW_NEG,False,0.90201455
/content/drive/MyDrive/DeepWeeds/dataset/20170811-132518-1.jpg,0,DW_CHAP,0,DW_CHAP,True,0.8824229
/content/drive/MyDrive/DeepWeeds/dataset/20170811-132606-1.jpg,0,DW_CHAP,0,DW_CHAP,True,0.9997031
/content/drive/MyDrive/DeepWeeds/dataset/20170811-132732-1.jpg,0,DW_CHAP,0,DW_CHAP,True,0.9998622
/content/drive/MyDrive/DeepWeeds/dataset/20170811-133033-1.jpg,0,DW_CHAP,0,DW_CHAP,True,0.9954449
/content/drive/MyDrive/DeepWeeds/dataset/20170811-133219-2.jpg,0,DW_CHAP,8,DW_NEG,False,0.6175914
/content/drive/MyDrive/DeepWeeds/dataset/20170811-133320-1.jpg,0,DW_CHAP,0,DW_CHAP,True,0.9908443
/content/drive/MyDrive/DeepWeeds/dataset/20170811-133606-2.jpg,0,DW_CHAP,8,DW_NEG,False,0.6045831
/content/drive/MyDrive/DeepWeeds/dataset/20170811-133631-2.jpg,0,DW_CHAP,0,DW_CHAP,True,0.3781359
/content/drive/MyDrive/DeepWeeds/dataset/20170811-133720-2.jpg,0,DW_CHAP,8,DW_NEG,False,0.9151389
/content/drive/MyDrive/DeepWeeds/dataset/20170811-133943-2.jpg,0,DW_CHAP,7,DW_SNWE,False,0.50611687
/content/drive/MyDrive/DeepWeeds/dataset/20170811-134007-1.jpg,0,DW_CHAP,8,DW_NEG,False,0.69336396
/content/drive/MyDrive/DeepWeeds/dataset/20170811-134128-1.jpg,0,DW_CHAP,8,DW_NEG,False,0.9674634
/content/drive/MyDrive/DeepWeeds/dataset/20170811-134256-1.jpg,0,DW_CHAP,0,DW_CHAP,True,0.70484865
/content/drive/MyDrive/DeepWeeds/dataset/20170811-134409-1.jpg,0,DW_CHAP,0,DW_CHAP,True,0.9522939
/content/drive/MyDrive/DeepWeeds/dataset/20170811-134449-2.jpg,0,DW_CHAP,0,DW_CHAP,True,0.9623115
/content/drive/MyDrive/DeepWeeds/dataset/20170811-134636-2.jpg,0,DW_CHAP,8,DW_NEG,False,0.66431
/content/drive/MyDrive/DeepWeeds/dataset/20170811-154839-2.jpg,0,DW_CHAP,7,DW_SNWE,False,0.35366344
/content/drive/MyDrive/DeepWeeds/dataset/20170811-155004-2.jpg,0,DW_CHAP,1,DW_LANT,False,0.944223
/content/drive/MyDrive/DeepWeeds/dataset/20170811-155103-2.jpg,0,DW_CHAP,0,DW_CHAP,True,0.72814023
/content/drive/MyDrive/DeepWeeds/dataset/20170811-162102-1.jpg,0,DW_CHAP,0,DW_CHAP,True,0.9921509
/content/drive/MyDrive/DeepWeeds/dataset/20170811-162503-1.jpg,0,DW_CHAP,0,DW_CHAP,True,0.99799925
/content/drive/MyDrive/DeepWeeds/dataset/20170811-163650-1.jpg,0,DW_CHAP,0,DW_CHAP,True,0.7813006
/content/drive/MyDrive/DeepWeeds/dataset/20170906-091751-1.jpg,3,DW_PART,8,DW_NEG,False,0.6843722
/content/drive/MyDrive/DeepWeeds/dataset/20170906-092311-1.jpg,3,DW_PART,3,DW_PART,True,0.4477515
/content/drive/MyDrive/DeepWeeds/dataset/20170906-093055-1.jpg,3,DW_PART,8,DW_NEG,False,0.71121556
/content/drive/MyDrive/DeepWeeds/dataset/20170906-094133-4.jpg,3,DW_PART,2,DW_PARK,False,0.96525675
/content/drive/MyDrive/DeepWeeds/dataset/20170906-094622-1.jpg,3,DW_PART,8,DW_NEG,False,0.504684
/content/drive/MyDrive/DeepWeeds/dataset/20170906-094844-2.jpg,3,DW_PART,8,DW_NEG,False,0.76301765
/content/drive/MyDrive/DeepWeeds/dataset/20170906-095922-1.jpg,3,DW_PART,3,DW_PART,True,0.7558323
/content/drive/MyDrive/DeepWeeds/dataset/20170906-100132-1.jpg,3,DW_PART,3,DW_PART,True,0.9947411
/content/drive/MyDrive/DeepWeeds/dataset/20170906-100809-1.jpg,3,DW_PART,3,DW_PART,True,0.9865536
/content/drive/MyDrive/DeepWeeds/dataset/20170906-101344-1.jpg,3,DW_PART,7,DW_SNWE,False,0.9806942
/content/drive/MyDrive/DeepWeeds/dataset/20170906-103622-1.jpg,3,DW_PART,8,DW_NEG,False,0.7453572
/content/drive/MyDrive/DeepWeeds/dataset/20170906-103848-1.jpg,3,DW_PART,0,DW_CHAP,False,0.7609554
/content/drive/MyDrive/DeepWeeds/dataset/20170906-104758-1.jpg,3,DW_PART,8,DW_NEG,False,0.6543031
/content/drive/MyDrive/DeepWeeds/dataset/20170906-105128-1.jpg,3,DW_PART,8,DW_NEG,False,0.6965952
/content/drive/MyDrive/DeepWeeds/dataset/20170906-105324-1.jpg,3,DW_PART,3,DW_PART,True,0.30483386
/content/drive/MyDrive/DeepWeeds/dataset/20170906-105821-1.jpg,3,DW_PART,3,DW_PART,True,0.99843174
/content/drive/MyDrive/DeepWeeds/dataset/20170906-110222-1.jpg,3,DW_PART,8,DW_NEG,False,0.9831345
/content/drive/MyDrive/DeepWeeds/dataset/20170906-110330-1.jpg,3,DW_PART,3,DW_PART,True,0.47303852
/content/drive/MyDrive/DeepWeeds/dataset/20170906-110557-1.jpg,3,DW_PART,3,DW_PART,True,0.8221297
/content/drive/MyDrive/DeepWeeds/dataset/20170906-110802-4.jpg,3,DW_PART,8,DW_NEG,False,0.8967681
/content/drive/MyDrive/DeepWeeds/dataset/20170906-111722-1.jpg,3,DW_PART,3,DW_PART,True,0.9986835
/content/drive/MyDrive/DeepWeeds/dataset/20170906-111745-1.jpg,3,DW_PART,3,DW_PART,True,0.6708908
/content/drive/MyDrive/DeepWeeds/dataset/20170906-111956-1.jpg,3,DW_PART,3,DW_PART,True,0.97352153
/content/drive/MyDrive/DeepWeeds/dataset/20170906-112511-2.jpg,3,DW_PART,8,DW_NEG,False,0.9485009
/content/drive/MyDrive/DeepWeeds/dataset/20170906-112604-2.jpg,3,DW_PART,3,DW_PART,True,0.9186994
/content/drive/MyDrive/DeepWeeds/dataset/20170906-112821-2.jpg,3,DW_PART,3,DW_PART,True,0.8300948
/content/drive/MyDrive/DeepWeeds/dataset/20170906-113112-4.jpg,3,DW_PART,3,DW_PART,True,0.5167285
/content/drive/MyDrive/DeepWeeds/dataset/20170906-113219-4.jpg,3,DW_PART,3,DW_PART,True,0.585442
/content/drive/MyDrive/DeepWeeds/dataset/20170906-113426-1.jpg,3,DW_PART,3,DW_PART,True,0.9924563
/content/drive/MyDrive/DeepWeeds/dataset/20170906-113558-1.jpg,3,DW_PART,3,DW_PART,True,0.9924454
/content/drive/MyDrive/DeepWeeds/dataset/20170906-113859-1.jpg,3,DW_PART,8,DW_NEG,False,0.7770825
/content/drive/MyDrive/DeepWeeds/dataset/20170906-114011-2.jpg,3,DW_PART,3,DW_PART,True,0.99840075
/content/drive/MyDrive/DeepWeeds/dataset/20170906-114254-2.jpg,3,DW_PART,8,DW_NEG,False,0.9200574
/content/drive/MyDrive/DeepWeeds/dataset/20170906-114332-1.jpg,3,DW_PART,3,DW_PART,True,0.76370525
/content/drive/MyDrive/DeepWeeds/dataset/20170906-114810-1.jpg,3,DW_PART,7,DW_SNWE,False,0.831237
/content/drive/MyDrive/DeepWeeds/dataset/20170906-115056-1.jpg,3,DW_PART,3,DW_PART,True,0.28593165
/content/drive/MyDrive/DeepWeeds/dataset/20170906-115342-1.jpg,3,DW_PART,0,DW_CHAP,False,0.32246685
/content/drive/MyDrive/DeepWeeds/dataset/20170906-130826-1.jpg,3,DW_PART,8,DW_NEG,False,0.49452636
/content/drive/MyDrive/DeepWeeds/dataset/20170906-131829-2.jpg,3,DW_PART,3,DW_PART,True,0.99983716
/content/drive/MyDrive/DeepWeeds/dataset/20170906-132328-1.jpg,3,DW_PART,2,DW_PARK,False,0.7956551
/content/drive/MyDrive/DeepWeeds/dataset/20170906-133106-1.jpg,3,DW_PART,3,DW_PART,True,0.5778407
/content/drive/MyDrive/DeepWeeds/dataset/20170906-133247-1.jpg,3,DW_PART,8,DW_NEG,False,0.6146662
/content/drive/MyDrive/DeepWeeds/dataset/20170906-134145-1.jpg,3,DW_PART,8,DW_NEG,False,0.8363181
/content/drive/MyDrive/DeepWeeds/dataset/20170906-134516-2.jpg,3,DW_PART,8,DW_NEG,False,0.7333283
/content/drive/MyDrive/DeepWeeds/dataset/20170906-135313-1.jpg,3,DW_PART,3,DW_PART,True,0.69573385
/content/drive/MyDrive/DeepWeeds/dataset/20170906-135435-1.jpg,3,DW_PART,8,DW_NEG,False,0.7415769
/content/drive/MyDrive/DeepWeeds/dataset/20170906-135705-1.jpg,3,DW_PART,8,DW_NEG,False,0.8724782
/content/drive/MyDrive/DeepWeeds/dataset/20170906-140251-1.jpg,3,DW_PART,3,DW_PART,True,0.72586936
/content/drive/MyDrive/DeepWeeds/dataset/20170906-140427-1.jpg,3,DW_PART,8,DW_NEG,False,0.83989674
/content/drive/MyDrive/DeepWeeds/dataset/20170913-095507-2.jpg,3,DW_PART,3,DW_PART,True,0.99186957
/content/drive/MyDrive/DeepWeeds/dataset/20170913-095627-2.jpg,3,DW_PART,3,DW_PART,True,0.9913747
/content/drive/MyDrive/DeepWeeds/dataset/20170913-095721-1.jpg,3,DW_PART,3,DW_PART,True,0.9998909
/content/drive/MyDrive/DeepWeeds/dataset/20170913-100017-2.jpg,3,DW_PART,8,DW_NEG,False,0.6453568
/content/drive/MyDrive/DeepWeeds/dataset/20170913-100044-1.jpg,3,DW_PART,3,DW_PART,True,0.9979018
/content/drive/MyDrive/DeepWeeds/dataset/20170913-100153-1.jpg,3,DW_PART,3,DW_PART,True,0.98664564
/content/drive/MyDrive/DeepWeeds/dataset/20170913-100332-1.jpg,3,DW_PART,3,DW_PART,True,0.99061894
/content/drive/MyDrive/DeepWeeds/dataset/20170913-100339-2.jpg,3,DW_PART,3,DW_PART,True,0.9998313
/content/drive/MyDrive/DeepWeeds/dataset/20170913-100435-2.jpg,3,DW_PART,3,DW_PART,True,0.98535466
/content/drive/MyDrive/DeepWeeds/dataset/20170913-100631-2.jpg,3,DW_PART,3,DW_PART,True,0.94514203
/content/drive/MyDrive/DeepWeeds/dataset/20170913-100746-1.jpg,3,DW_PART,5,DW_RUBV,False,0.5762922
/content/drive/MyDrive/DeepWeeds/dataset/20170913-100817-1.jpg,3,DW_PART,5,DW_RUBV,False,0.8247562
/content/drive/MyDrive/DeepWeeds/dataset/20170913-100918-2.jpg,3,DW_PART,3,DW_PART,True,0.99016297
/content/drive/MyDrive/DeepWeeds/dataset/20170913-101044-2.jpg,3,DW_PART,3,DW_PART,True,0.8174024
/content/drive/MyDrive/DeepWeeds/dataset/20170913-101125-3.jpg,5,DW_RUBV,5,DW_RUBV,True,0.99999857
/content/drive/MyDrive/DeepWeeds/dataset/20170913-101208-2.jpg,3,DW_PART,3,DW_PART,True,0.9938087
/content/drive/MyDrive/DeepWeeds/dataset/20170913-101243-2.jpg,3,DW_PART,3,DW_PART,True,0.99999857
/content/drive/MyDrive/DeepWeeds/dataset/20170913-101430-2.jpg,3,DW_PART,3,DW_PART,True,0.5878519
/content/drive/MyDrive/DeepWeeds/dataset/20170913-101449-2.jpg,3,DW_PART,3,DW_PART,True,0.5061492
/content/drive/MyDrive/DeepWeeds/dataset/20170913-101538-3.jpg,5,DW_RUBV,8,DW_NEG,False,0.5074705
/content/drive/MyDrive/DeepWeeds/dataset/20170913-101930-2.jpg,3,DW_PART,3,DW_PART,True,0.9999981
/content/drive/MyDrive/DeepWeeds/dataset/20170913-101959-2.jpg,3,DW_PART,3,DW_PART,True,0.99988246
/content/drive/MyDrive/DeepWeeds/dataset/20170913-102030-3.jpg,5,DW_RUBV,5,DW_RUBV,True,0.9999292
/content/drive/MyDrive/DeepWeeds/dataset/20170913-102241-3.jpg,5,DW_RUBV,5,DW_RUBV,True,0.9931851
/content/drive/MyDrive/DeepWeeds/dataset/20170913-102316-3.jpg,5,DW_RUBV,5,DW_RUBV,True,0.9998679
/content/drive/MyDrive/DeepWeeds/dataset/20170913-102531-3.jpg,5,DW_RUBV,5,DW_RUBV,True,0.9004573
/content/drive/MyDrive/DeepWeeds/dataset/20170913-102554-2.jpg,3,DW_PART,3,DW_PART,True,0.96502745
/content/drive/MyDrive/DeepWeeds/dataset/20170913-102722-2.jpg,3,DW_PART,3,DW_PART,True,0.9958799
/content/drive/MyDrive/DeepWeeds/dataset/20170913-102830-2.jpg,3,DW_PART,3,DW_PART,True,0.9725055
/content/drive/MyDrive/DeepWeeds/dataset/20170913-102846-2.jpg,3,DW_PART,3,DW_PART,True,0.99999917
/content/drive/MyDrive/DeepWeeds/dataset/20170913-103112-2.jpg,3,DW_PART,3,DW_PART,True,0.9978442
/content/drive/MyDrive/DeepWeeds/dataset/20170913-103205-1.jpg,3,DW_PART,3,DW_PART,True,0.9995345
/content/drive/MyDrive/DeepWeeds/dataset/20170913-103325-1.jpg,3,DW_PART,3,DW_PART,True,0.9999505
/content/drive/MyDrive/DeepWeeds/dataset/20170913-103455-2.jpg,3,DW_PART,3,DW_PART,True,0.98398954
/content/drive/MyDrive/DeepWeeds/dataset/20170913-103603-3.jpg,5,DW_RUBV,5,DW_RUBV,True,0.98276675
/content/drive/MyDrive/DeepWeeds/dataset/20170913-103603-2.jpg,3,DW_PART,3,DW_PART,True,0.9261634
/content/drive/MyDrive/DeepWeeds/dataset/20170913-103628-2.jpg,3,DW_PART,3,DW_PART,True,0.99989045
/content/drive/MyDrive/DeepWeeds/dataset/20170913-103816-1.jpg,3,DW_PART,3,DW_PART,True,0.97620255
/content/drive/MyDrive/DeepWeeds/dataset/20170913-103910-2.jpg,3,DW_PART,3,DW_PART,True,0.9772972
/content/drive/MyDrive/DeepWeeds/dataset/20170913-104009-2.jpg,3,DW_PART,8,DW_NEG,False,0.7418896
/content/drive/MyDrive/DeepWeeds/dataset/20170913-104029-3.jpg,5,DW_RUBV,5,DW_RUBV,True,0.9999924
/content/drive/MyDrive/DeepWeeds/dataset/20170913-104151-2.jpg,3,DW_PART,3,DW_PART,True,0.9935041
/content/drive/MyDrive/DeepWeeds/dataset/20170913-104338-2.jpg,3,DW_PART,8,DW_NEG,False,0.7057763
/content/drive/MyDrive/DeepWeeds/dataset/20170913-104513-2.jpg,3,DW_PART,3,DW_PART,True,0.93949413
/content/drive/MyDrive/DeepWeeds/dataset/20170913-104650-2.jpg,3,DW_PART,3,DW_PART,True,0.9466291
/content/drive/MyDrive/DeepWeeds/dataset/20170913-104753-2.jpg,3,DW_PART,3,DW_PART,True,0.99996793
/content/drive/MyDrive/DeepWeeds/dataset/20170913-104923-2.jpg,3,DW_PART,3,DW_PART,True,0.9996327
/content/drive/MyDrive/DeepWeeds/dataset/20170913-104934-3.jpg,5,DW_RUBV,0,DW_CHAP,False,0.3525325
/content/drive/MyDrive/DeepWeeds/dataset/20170913-105137-1.jpg,3,DW_PART,8,DW_NEG,False,0.6370212
/content/drive/MyDrive/DeepWeeds/dataset/20170913-105406-1.jpg,3,DW_PART,3,DW_PART,True,0.9999913
/content/drive/MyDrive/DeepWeeds/dataset/20170913-105513-1.jpg,3,DW_PART,3,DW_PART,True,0.99927896
/content/drive/MyDrive/DeepWeeds/dataset/20170913-105638-2.jpg,3,DW_PART,3,DW_PART,True,0.97807527
/content/drive/MyDrive/DeepWeeds/dataset/20170913-105750-2.jpg,3,DW_PART,3,DW_PART,True,0.9999778
/content/drive/MyDrive/DeepWeeds/dataset/20170913-105801-2.jpg,3,DW_PART,3,DW_PART,True,0.9979436
/content/drive/MyDrive/DeepWeeds/dataset/20170913-105901-3.jpg,5,DW_RUBV,5,DW_RUBV,True,0.99465203
/content/drive/MyDrive/DeepWeeds/dataset/20170913-105923-2.jpg,3,DW_PART,3,DW_PART,True,0.9976162
/content/drive/MyDrive/DeepWeeds/dataset/20170913-110131-2.jpg,3,DW_PART,8,DW_NEG,False,0.77969277
/content/drive/MyDrive/DeepWeeds/dataset/20170913-110220-2.jpg,3,DW_PART,8,DW_NEG,False,0.69342715
/content/drive/MyDrive/DeepWeeds/dataset/20170913-110433-3.jpg,5,DW_RUBV,5,DW_RUBV,True,0.9999949
/content/drive/MyDrive/DeepWeeds/dataset/20170913-110903-1.jpg,3,DW_PART,3,DW_PART,True,0.8354451
/content/drive/MyDrive/DeepWeeds/dataset/20170913-111002-1.jpg,3,DW_PART,3,DW_PART,True,0.62241626
/content/drive/MyDrive/DeepWeeds/dataset/20170913-115201-2.jpg,5,DW_RUBV,5,DW_RUBV,True,0.9989318
/content/drive/MyDrive/DeepWeeds/dataset/20170913-115358-2.jpg,5,DW_RUBV,5,DW_RUBV,True,1.0
/content/drive/MyDrive/DeepWeeds/dataset/20170913-120255-1.jpg,5,DW_RUBV,8,DW_NEG,False,0.57492566
/content/drive/MyDrive/DeepWeeds/dataset/20170913-120450-1.jpg,5,DW_RUBV,5,DW_RUBV,True,0.83587706
/content/drive/MyDrive/DeepWeeds/dataset/20170913-121131-3.jpg,3,DW_PART,3,DW_PART,True,0.9988281
/content/drive/MyDrive/DeepWeeds/dataset/20170913-121310-1.jpg,5,DW_RUBV,5,DW_RUBV,True,1.0
/content/drive/MyDrive/DeepWeeds/dataset/20170913-121403-1.jpg,5,DW_RUBV,5,DW_RUBV,True,1.0
/content/drive/MyDrive/DeepWeeds/dataset/20170913-121531-1.jpg,5,DW_RUBV,5,DW_RUBV,True,0.9999999
/content/drive/MyDrive/DeepWeeds/dataset/20170913-121858-1.jpg,5,DW_RUBV,5,DW_RUBV,True,0.9999428
/content/drive/MyDrive/DeepWeeds/dataset/20170913-122058-3.jpg,3,DW_PART,8,DW_NEG,False,0.99432474
/content/drive/MyDrive/DeepWeeds/dataset/20170913-122153-3.jpg,3,DW_PART,8,DW_NEG,False,0.7076436
/content/drive/MyDrive/DeepWeeds/dataset/20170913-122254-3.jpg,3,DW_PART,3,DW_PART,True,0.9271367
/content/drive/MyDrive/DeepWeeds/dataset/20170913-122527-2.jpg,5,DW_RUBV,5,DW_RUBV,True,1.0
/content/drive/MyDrive/DeepWeeds/dataset/20170913-122745-2.jpg,5,DW_RUBV,5,DW_RUBV,True,1.0
/content/drive/MyDrive/DeepWeeds/dataset/20170913-123002-1.jpg,5,DW_RUBV,5,DW_RUBV,True,0.9636398
/content/drive/MyDrive/DeepWeeds/dataset/20170913-123129-3.jpg,3,DW_PART,3,DW_PART,True,0.997514
/content/drive/MyDrive/DeepWeeds/dataset/20170913-123421-1.jpg,5,DW_RUBV,5,DW_RUBV,True,0.9998667
/content/drive/MyDrive/DeepWeeds/dataset/20170913-123421-2.jpg,5,DW_RUBV,5,DW_RUBV,True,0.99998987
/content/drive/MyDrive/DeepWeeds/dataset/20170913-123452-1.jpg,5,DW_RUBV,5,DW_RUBV,True,0.99976057
/content/drive/MyDrive/DeepWeeds/dataset/20170913-123917-1.jpg,5,DW_RUBV,5,DW_RUBV,True,0.9960479
/content/drive/MyDrive/DeepWeeds/dataset/20170913-123917-2.jpg,5,DW_RUBV,5,DW_RUBV,True,0.56007016
/content/drive/MyDrive/DeepWeeds/dataset/20170913-124037-2.jpg,5,DW_RUBV,5,DW_RUBV,True,0.99985516
/content/drive/MyDrive/DeepWeeds/dataset/20170913-124224-1.jpg,5,DW_RUBV,5,DW_RUBV,True,0.99999905
/content/drive/MyDrive/DeepWeeds/dataset/20170913-124425-1.jpg,5,DW_RUBV,5,DW_RUBV,True,0.5961212
/content/drive/MyDrive/DeepWeeds/dataset/20170913-124549-3.jpg,5,DW_RUBV,5,DW_RUBV,True,0.9999479
/content/drive/MyDrive/DeepWeeds/dataset/20170913-125011-3.jpg,5,DW_RUBV,3,DW_PART,False,0.94317544
/content/drive/MyDrive/DeepWeeds/dataset/20170913-125115-3.jpg,5,DW_RUBV,5,DW_RUBV,True,0.9999937
/content/drive/MyDrive/DeepWeeds/dataset/20170913-130414-2.jpg,5,DW_RUBV,5,DW_RUBV,True,0.9787416
/content/drive/MyDrive/DeepWeeds/dataset/20170913-155252-3.jpg,3,DW_PART,5,DW_RUBV,False,0.41829845
/content/drive/MyDrive/DeepWeeds/dataset/20170920-093850-1.jpg,2,DW_PARK,2,DW_PARK,True,0.9999002
/content/drive/MyDrive/DeepWeeds/dataset/20170920-094016-1.jpg,4,DW_PRAC,2,DW_PARK,False,0.9063233
/content/drive/MyDrive/DeepWeeds/dataset/20170920-094203-1.jpg,4,DW_PRAC,4,DW_PRAC,True,0.70782036
/content/drive/MyDrive/DeepWeeds/dataset/20170920-094607-2.jpg,2,DW_PARK,2,DW_PARK,True,0.97310865
/content/drive/MyDrive/DeepWeeds/dataset/20170920-094836-1.jpg,2,DW_PARK,2,DW_PARK,True,0.9999471
/content/drive/MyDrive/DeepWeeds/dataset/20170920-095021-2.jpg,2,DW_PARK,8,DW_NEG,False,0.93536776
/content/drive/MyDrive/DeepWeeds/dataset/20170920-095212-2.jpg,2,DW_PARK,2,DW_PARK,True,0.6326914
/content/drive/MyDrive/DeepWeeds/dataset/20170920-095313-3.jpg,2,DW_PARK,2,DW_PARK,True,0.99993694
/content/drive/MyDrive/DeepWeeds/dataset/20170920-095354-1.jpg,2,DW_PARK,2,DW_PARK,True,0.9997002
/content/drive/MyDrive/DeepWeeds/dataset/20170920-095433-3.jpg,2,DW_PARK,2,DW_PARK,True,0.99989367
/content/drive/MyDrive/DeepWeeds/dataset/20170920-095541-2.jpg,2,DW_PARK,2,DW_PARK,True,0.9560906
/content/drive/MyDrive/DeepWeeds/dataset/20170920-095621-2.jpg,2,DW_PARK,2,DW_PARK,True,0.99956924
/content/drive/MyDrive/DeepWeeds/dataset/20170920-095728-1.jpg,2,DW_PARK,2,DW_PARK,True,0.99986565
/content/drive/MyDrive/DeepWeeds/dataset/20170920-095837-2.jpg,2,DW_PARK,2,DW_PARK,True,0.99959
/content/drive/MyDrive/DeepWeeds/dataset/20170920-095943-2.jpg,2,DW_PARK,2,DW_PARK,True,0.9970535
/content/drive/MyDrive/DeepWeeds/dataset/20170920-100021-1.jpg,2,DW_PARK,2,DW_PARK,True,0.9996984
/content/drive/MyDrive/DeepWeeds/dataset/20170920-100128-3.jpg,2,DW_PARK,2,DW_PARK,True,0.9999658
/content/drive/MyDrive/DeepWeeds/dataset/20170920-100316-2.jpg,5,DW_RUBV,5,DW_RUBV,True,0.8758739
/content/drive/MyDrive/DeepWeeds/dataset/20170920-100529-1.jpg,2,DW_PARK,2,DW_PARK,True,0.99933547
/content/drive/MyDrive/DeepWeeds/dataset/20170920-100719-1.jpg,2,DW_PARK,2,DW_PARK,True,0.99981874
/content/drive/MyDrive/DeepWeeds/dataset/20170920-100810-1.jpg,2,DW_PARK,2,DW_PARK,True,0.991905
/content/drive/MyDrive/DeepWeeds/dataset/20170920-101025-1.jpg,2,DW_PARK,2,DW_PARK,True,0.98915267
/content/drive/MyDrive/DeepWeeds/dataset/20170920-101233-2.jpg,4,DW_PRAC,8,DW_NEG,False,0.38854924
/content/drive/MyDrive/DeepWeeds/dataset/20170920-101734-3.jpg,4,DW_PRAC,4,DW_PRAC,True,0.41451615
/content/drive/MyDrive/DeepWeeds/dataset/20170920-101832-2.jpg,2,DW_PARK,2,DW_PARK,True,0.99820125
/content/drive/MyDrive/DeepWeeds/dataset/20170920-101929-1.jpg,2,DW_PARK,2,DW_PARK,True,0.999451
/content/drive/MyDrive/DeepWeeds/dataset/20170920-110518-3.jpg,2,DW_PARK,2,DW_PARK,True,0.48776513
/content/drive/MyDrive/DeepWeeds/dataset/20170920-110747-3.jpg,2,DW_PARK,2,DW_PARK,True,0.98195297
/content/drive/MyDrive/DeepWeeds/dataset/20170920-110952-2.jpg,2,DW_PARK,2,DW_PARK,True,0.9550328
/content/drive/MyDrive/DeepWeeds/dataset/20170920-111008-2.jpg,2,DW_PARK,2,DW_PARK,True,0.9861179
/content/drive/MyDrive/DeepWeeds/dataset/20170920-111044-2.jpg,2,DW_PARK,8,DW_NEG,False,0.59416234
/content/drive/MyDrive/DeepWeeds/dataset/20170920-111114-3.jpg,2,DW_PARK,2,DW_PARK,True,0.59606624
/content/drive/MyDrive/DeepWeeds/dataset/20170920-111217-2.jpg,2,DW_PARK,2,DW_PARK,True,0.996691
/content/drive/MyDrive/DeepWeeds/dataset/20170920-111615-2.jpg,2,DW_PARK,2,DW_PARK,True,0.99997294
/content/drive/MyDrive/DeepWeeds/dataset/20170920-111954-2.jpg,2,DW_PARK,8,DW_NEG,False,0.971788
/content/drive/MyDrive/DeepWeeds/dataset/20170920-112135-2.jpg,2,DW_PARK,2,DW_PARK,True,0.5711727
/content/drive/MyDrive/DeepWeeds/dataset/20170920-112234-2.jpg,2,DW_PARK,2,DW_PARK,True,0.9942152
/content/drive/MyDrive/DeepWeeds/dataset/20170920-112429-3.jpg,2,DW_PARK,2,DW_PARK,True,0.85911626
/content/drive/MyDrive/DeepWeeds/dataset/20170920-112429-2.jpg,2,DW_PARK,2,DW_PARK,True,0.9999291
/content/drive/MyDrive/DeepWeeds/dataset/20170920-112533-2.jpg,2,DW_PARK,2,DW_PARK,True,0.83031243
/content/drive/MyDrive/DeepWeeds/dataset/20170920-112624-2.jpg,2,DW_PARK,2,DW_PARK,True,0.72766685
/content/drive/MyDrive/DeepWeeds/dataset/20170920-112704-3.jpg,2,DW_PARK,2,DW_PARK,True,0.49561295
/content/drive/MyDrive/DeepWeeds/dataset/20170920-112823-3.jpg,2,DW_PARK,2,DW_PARK,True,0.98111814
/content/drive/MyDrive/DeepWeeds/dataset/20170920-112959-3.jpg,2,DW_PARK,2,DW_PARK,True,0.9950789
/content/drive/MyDrive/DeepWeeds/dataset/20170920-113041-3.jpg,2,DW_PARK,2,DW_PARK,True,0.97701365
/content/drive/MyDrive/DeepWeeds/dataset/20170920-113351-3.jpg,2,DW_PARK,2,DW_PARK,True,0.99987066
/content/drive/MyDrive/DeepWeeds/dataset/20170920-113437-3.jpg,2,DW_PARK,2,DW_PARK,True,0.99722123
/content/drive/MyDrive/DeepWeeds/dataset/20170920-113554-3.jpg,2,DW_PARK,2,DW_PARK,True,0.9987613
/content/drive/MyDrive/DeepWeeds/dataset/20170920-113554-2.jpg,2,DW_PARK,2,DW_PARK,True,0.95093614
/content/drive/MyDrive/DeepWeeds/dataset/20170920-113711-2.jpg,2,DW_PARK,2,DW_PARK,True,0.9578989
/content/drive/MyDrive/DeepWeeds/dataset/20170920-113748-2.jpg,2,DW_PARK,2,DW_PARK,True,0.99998724
/content/drive/MyDrive/DeepWeeds/dataset/20170920-113904-3.jpg,2,DW_PARK,2,DW_PARK,True,0.51971114
/content/drive/MyDrive/DeepWeeds/dataset/20170920-113935-3.jpg,2,DW_PARK,8,DW_NEG,False,0.9198963
/content/drive/MyDrive/DeepWeeds/dataset/20170920-114043-2.jpg,2,DW_PARK,5,DW_RUBV,False,0.7194815
/content/drive/MyDrive/DeepWeeds/dataset/20170920-114126-3.jpg,2,DW_PARK,8,DW_NEG,False,0.6752479
/content/drive/MyDrive/DeepWeeds/dataset/20170920-114200-3.jpg,2,DW_PARK,8,DW_NEG,False,0.8483851
/content/drive/MyDrive/DeepWeeds/dataset/20170920-114321-2.jpg,2,DW_PARK,2,DW_PARK,True,0.9918982
/content/drive/MyDrive/DeepWeeds/dataset/20170920-114445-2.jpg,2,DW_PARK,2,DW_PARK,True,0.51344717
/content/drive/MyDrive/DeepWeeds/dataset/20170920-114740-3.jpg,2,DW_PARK,8,DW_NEG,False,0.892662
/content/drive/MyDrive/DeepWeeds/dataset/20170920-114832-2.jpg,2,DW_PARK,2,DW_PARK,True,0.669643
/content/drive/MyDrive/DeepWeeds/dataset/20170920-114935-2.jpg,2,DW_PARK,8,DW_NEG,False,0.7367597
/content/drive/MyDrive/DeepWeeds/dataset/20170920-115200-3.jpg,2,DW_PARK,2,DW_PARK,True,0.99567044
/content/drive/MyDrive/DeepWeeds/dataset/20170920-115235-3.jpg,2,DW_PARK,2,DW_PARK,True,0.81848645
/content/drive/MyDrive/DeepWeeds/dataset/20170920-115442-3.jpg,2,DW_PARK,8,DW_NEG,False,0.8109666
/content/drive/MyDrive/DeepWeeds/dataset/20170920-115556-2.jpg,2,DW_PARK,2,DW_PARK,True,0.625986
/content/drive/MyDrive/DeepWeeds/dataset/20170920-115735-2.jpg,2,DW_PARK,2,DW_PARK,True,0.99445564
/content/drive/MyDrive/DeepWeeds/dataset/20170920-115939-2.jpg,2,DW_PARK,2,DW_PARK,True,0.9977366
/content/drive/MyDrive/DeepWeeds/dataset/20170920-120150-2.jpg,2,DW_PARK,8,DW_NEG,False,0.7820755
/content/drive/MyDrive/DeepWeeds/dataset/20170920-120333-2.jpg,2,DW_PARK,8,DW_NEG,False,0.99224186
/content/drive/MyDrive/DeepWeeds/dataset/20170920-121355-2.jpg,2,DW_PARK,2,DW_PARK,True,0.50781983
/content/drive/MyDrive/DeepWeeds/dataset/20170920-130439-2.jpg,2,DW_PARK,2,DW_PARK,True,0.98987246
/content/drive/MyDrive/DeepWeeds/dataset/20170920-130645-2.jpg,2,DW_PARK,2,DW_PARK,True,0.99049616
/content/drive/MyDrive/DeepWeeds/dataset/20170920-130842-2.jpg,2,DW_PARK,8,DW_NEG,False,0.9847674
/content/drive/MyDrive/DeepWeeds/dataset/20170920-131101-2.jpg,2,DW_PARK,2,DW_PARK,True,0.9885028
/content/drive/MyDrive/DeepWeeds/dataset/20170920-132106-2.jpg,2,DW_PARK,2,DW_PARK,True,0.99605584
/content/drive/MyDrive/DeepWeeds/dataset/20170920-132131-2.jpg,2,DW_PARK,2,DW_PARK,True,0.64905995
/content/drive/MyDrive/DeepWeeds/dataset/20170920-132642-2.jpg,2,DW_PARK,2,DW_PARK,True,0.96331483
/content/drive/MyDrive/DeepWeeds/dataset/20170920-132804-2.jpg,2,DW_PARK,2,DW_PARK,True,0.99595237
/content/drive/MyDrive/DeepWeeds/dataset/20170920-133333-2.jpg,2,DW_PARK,2,DW_PARK,True,0.73031044
/content/drive/MyDrive/DeepWeeds/dataset/20170920-133602-2.jpg,2,DW_PARK,8,DW_NEG,False,0.9995427
/content/drive/MyDrive/DeepWeeds/dataset/20170920-133910-2.jpg,2,DW_PARK,2,DW_PARK,True,0.5450933
/content/drive/MyDrive/DeepWeeds/dataset/20170920-134448-2.jpg,2,DW_PARK,2,DW_PARK,True,0.9922889
/content/drive/MyDrive/DeepWeeds/dataset/20170920-134648-2.jpg,2,DW_PARK,2,DW_PARK,True,0.5260106
/content/drive/MyDrive/DeepWeeds/dataset/20170920-135837-2.jpg,2,DW_PARK,2,DW_PARK,True,0.862447
/content/drive/MyDrive/DeepWeeds/dataset/20170920-140003-2.jpg,2,DW_PARK,2,DW_PARK,True,0.99547887
/content/drive/MyDrive/DeepWeeds/dataset/20170920-140039-2.jpg,2,DW_PARK,2,DW_PARK,True,0.96817636
/content/drive/MyDrive/DeepWeeds/dataset/20170920-155806-3.jpg,2,DW_PARK,2,DW_PARK,True,0.9534959
/content/drive/MyDrive/DeepWeeds/dataset/20170920-160041-3.jpg,2,DW_PARK,8,DW_NEG,False,0.9824561
/content/drive/MyDrive/DeepWeeds/dataset/20170920-160318-3.jpg,2,DW_PARK,2,DW_PARK,True,0.99896884
/content/drive/MyDrive/DeepWeeds/dataset/20170920-160503-3.jpg,2,DW_PARK,8,DW_NEG,False,0.690093
/content/drive/MyDrive/DeepWeeds/dataset/20170920-160607-3.jpg,2,DW_PARK,2,DW_PARK,True,0.9922132
/content/drive/MyDrive/DeepWeeds/dataset/20170920-160634-3.jpg,2,DW_PARK,2,DW_PARK,True,0.99951017
/content/drive/MyDrive/DeepWeeds/dataset/20170920-160641-3.jpg,2,DW_PARK,2,DW_PARK,True,0.79744685
/content/drive/MyDrive/DeepWeeds/dataset/20170920-162202-3.jpg,2,DW_PARK,2,DW_PARK,True,0.9508827
/content/drive/MyDrive/DeepWeeds/dataset/20170920-162231-3.jpg,2,DW_PARK,2,DW_PARK,True,0.9742543
/content/drive/MyDrive/DeepWeeds/dataset/20170920-162413-3.jpg,2,DW_PARK,8,DW_NEG,False,0.93068093
/content/drive/MyDrive/DeepWeeds/dataset/20170920-162530-3.jpg,2,DW_PARK,8,DW_NEG,False,0.7626659
/content/drive/MyDrive/DeepWeeds/dataset/20170920-162748-3.jpg,2,DW_PARK,2,DW_PARK,True,0.54574865
/content/drive/MyDrive/DeepWeeds/dataset/20170920-163000-3.jpg,2,DW_PARK,2,DW_PARK,True,0.99717724
/content/drive/MyDrive/DeepWeeds/dataset/20170920-163148-3.jpg,2,DW_PARK,2,DW_PARK,True,0.9997893
/content/drive/MyDrive/DeepWeeds/dataset/20170920-163339-3.jpg,2,DW_PARK,8,DW_NEG,False,0.84163564
/content/drive/MyDrive/DeepWeeds/dataset/20170920-163639-3.jpg,2,DW_PARK,2,DW_PARK,True,0.6838338
/content/drive/MyDrive/DeepWeeds/dataset/20170920-163751-3.jpg,2,DW_PARK,8,DW_NEG,False,0.67705
/content/drive/MyDrive/DeepWeeds/dataset/20170920-163917-3.jpg,2,DW_PARK,2,DW_PARK,True,0.5095946
/content/drive/MyDrive/DeepWeeds/dataset/20170920-164059-3.jpg,2,DW_PARK,8,DW_NEG,False,0.8095465
/content/drive/MyDrive/DeepWeeds/dataset/20170920-164158-3.jpg,2,DW_PARK,2,DW_PARK,True,0.87131774
/content/drive/MyDrive/DeepWeeds/dataset/20170920-164316-3.jpg,2,DW_PARK,2,DW_PARK,True,0.9905228
/content/drive/MyDrive/DeepWeeds/dataset/20170920-164757-3.jpg,2,DW_PARK,2,DW_PARK,True,0.773032
/content/drive/MyDrive/DeepWeeds/dataset/20170920-165451-1.jpg,2,DW_PARK,2,DW_PARK,True,0.92346346
/content/drive/MyDrive/DeepWeeds/dataset/20170920-171035-3.jpg,2,DW_PARK,2,DW_PARK,True,0.99999654
/content/drive/MyDrive/DeepWeeds/dataset/20170920-171149-3.jpg,2,DW_PARK,2,DW_PARK,True,0.93166023
/content/drive/MyDrive/DeepWeeds/dataset/20170920-171241-3.jpg,2,DW_PARK,8,DW_NEG,False,0.8980752
/content/drive/MyDrive/DeepWeeds/dataset/20170920-171421-1.jpg,4,DW_PRAC,4,DW_PRAC,True,0.6745963
/content/drive/MyDrive/DeepWeeds/dataset/20170920-171913-1.jpg,2,DW_PARK,2,DW_PARK,True,0.99999106
/content/drive/MyDrive/DeepWeeds/dataset/20170920-172123-1.jpg,2,DW_PARK,2,DW_PARK,True,0.99999905
/content/drive/MyDrive/DeepWeeds/dataset/20170920-172144-1.jpg,2,DW_PARK,2,DW_PARK,True,0.9999666
/content/drive/MyDrive/DeepWeeds/dataset/20170920-173342-1.jpg,4,DW_PRAC,4,DW_PRAC,True,0.71723694
/content/drive/MyDrive/DeepWeeds/dataset/20170920-174352-1.jpg,4,DW_PRAC,8,DW_NEG,False,0.88090324
/content/drive/MyDrive/DeepWeeds/dataset/20170920-175053-1.jpg,4,DW_PRAC,4,DW_PRAC,True,0.9988257
/content/drive/MyDrive/DeepWeeds/dataset/20170920-175548-1.jpg,4,DW_PRAC,4,DW_PRAC,True,0.9459294
/content/drive/MyDrive/DeepWeeds/dataset/20170920-180555-1.jpg,2,DW_PARK,8,DW_NEG,False,0.70165443
/content/drive/MyDrive/DeepWeeds/dataset/20170920-180928-1.jpg,2,DW_PARK,8,DW_NEG,False,0.50519145
/content/drive/MyDrive/DeepWeeds/dataset/20170920-181127-1.jpg,2,DW_PARK,8,DW_NEG,False,0.7179552
/content/drive/MyDrive/DeepWeeds/dataset/20170920-181438-1.jpg,2,DW_PARK,2,DW_PARK,True,0.99921703
/content/drive/MyDrive/DeepWeeds/dataset/20170920-182700-1.jpg,2,DW_PARK,2,DW_PARK,True,0.99984264
/content/drive/MyDrive/DeepWeeds/dataset/20170920-182841-1.jpg,2,DW_PARK,2,DW_PARK,True,0.71097624
/content/drive/MyDrive/DeepWeeds/dataset/20170920-183241-1.jpg,2,DW_PARK,8,DW_NEG,False,0.8551863
/content/drive/MyDrive/DeepWeeds/dataset/20170920-183454-1.jpg,2,DW_PARK,3,DW_PART,False,0.5213515
/content/drive/MyDrive/DeepWeeds/dataset/20170920-183728-1.jpg,2,DW_PARK,8,DW_NEG,False,0.6694858
/content/drive/MyDrive/DeepWeeds/dataset/20170920-183850-1.jpg,2,DW_PARK,2,DW_PARK,True,0.9849428
/content/drive/MyDrive/DeepWeeds/dataset/20170920-184039-1.jpg,2,DW_PARK,3,DW_PART,False,0.6745821
/content/drive/MyDrive/DeepWeeds/dataset/20170920-184353-1.jpg,2,DW_PARK,3,DW_PART,False,0.9080383
/content/drive/MyDrive/DeepWeeds/dataset/20170920-184817-1.jpg,2,DW_PARK,2,DW_PARK,True,0.995006
/content/drive/MyDrive/DeepWeeds/dataset/20170920-184941-1.jpg,2,DW_PARK,2,DW_PARK,True,0.9962723
/content/drive/MyDrive/DeepWeeds/dataset/20170920-185314-1.jpg,2,DW_PARK,2,DW_PARK,True,0.9966228
/content/drive/MyDrive/DeepWeeds/dataset/20170920-185519-1.jpg,2,DW_PARK,2,DW_PARK,True,0.9958643
/content/drive/MyDrive/DeepWeeds/dataset/20170920-185902-1.jpg,2,DW_PARK,2,DW_PARK,True,0.99219406
/content/drive/MyDrive/DeepWeeds/dataset/20170920-190044-1.jpg,2,DW_PARK,2,DW_PARK,True,0.6990862
/content/drive/MyDrive/DeepWeeds/dataset/20170920-190248-1.jpg,2,DW_PARK,2,DW_PARK,True,0.89299303
/content/drive/MyDrive/DeepWeeds/dataset/20170920-190555-1.jpg,2,DW_PARK,2,DW_PARK,True,0.98164004
/content/drive/MyDrive/DeepWeeds/dataset/20170920-190826-1.jpg,2,DW_PARK,2,DW_PARK,True,0.62657183
/content/drive/MyDrive/DeepWeeds/dataset/20170920-191259-1.jpg,2,DW_PARK,2,DW_PARK,True,0.7706681
/content/drive/MyDrive/DeepWeeds/dataset/20170920-191441-1.jpg,2,DW_PARK,2,DW_PARK,True,0.9999521
/content/drive/MyDrive/DeepWeeds/dataset/20170920-191834-1.jpg,2,DW_PARK,2,DW_PARK,True,0.9999981
/content/drive/MyDrive/DeepWeeds/dataset/20170920-192152-1.jpg,2,DW_PARK,2,DW_PARK,True,0.97660965
/content/drive/MyDrive/DeepWeeds/dataset/20170920-192229-1.jpg,2,DW_PARK,8,DW_NEG,False,0.6411932
/content/drive/MyDrive/DeepWeeds/dataset/20171025-073152-1.jpg,3,DW_PART,3,DW_PART,True,0.9579164
/content/drive/MyDrive/DeepWeeds/dataset/20171025-073606-3.jpg,3,DW_PART,8,DW_NEG,False,0.4096101
/content/drive/MyDrive/DeepWeeds/dataset/20171025-073744-2.jpg,3,DW_PART,3,DW_PART,True,0.88633627
/content/drive/MyDrive/DeepWeeds/dataset/20171025-073808-2.jpg,3,DW_PART,3,DW_PART,True,0.95540035
/content/drive/MyDrive/DeepWeeds/dataset/20171025-073905-1.jpg,3,DW_PART,4,DW_PRAC,False,0.48436186
/content/drive/MyDrive/DeepWeeds/dataset/20171025-074102-1.jpg,3,DW_PART,3,DW_PART,True,0.8614685
/content/drive/MyDrive/DeepWeeds/dataset/20171025-074208-1.jpg,3,DW_PART,3,DW_PART,True,0.9999579
/content/drive/MyDrive/DeepWeeds/dataset/20171025-074248-1.jpg,3,DW_PART,8,DW_NEG,False,0.3765924
/content/drive/MyDrive/DeepWeeds/dataset/20171025-074337-3.jpg,3,DW_PART,3,DW_PART,True,0.88224816
/content/drive/MyDrive/DeepWeeds/dataset/20171025-074506-3.jpg,3,DW_PART,3,DW_PART,True,0.999895
/content/drive/MyDrive/DeepWeeds/dataset/20171025-074626-2.jpg,3,DW_PART,3,DW_PART,True,0.9634141
/content/drive/MyDrive/DeepWeeds/dataset/20171025-074720-3.jpg,7,DW_SNWE,7,DW_SNWE,True,0.78004533
/content/drive/MyDrive/DeepWeeds/dataset/20171025-074818-2.jpg,3,DW_PART,3,DW_PART,True,0.98691493
/content/drive/MyDrive/DeepWeeds/dataset/20171025-074849-2.jpg,3,DW_PART,3,DW_PART,True,0.93867
/content/drive/MyDrive/DeepWeeds/dataset/20171025-075029-3.jpg,3,DW_PART,3,DW_PART,True,0.93930817
/content/drive/MyDrive/DeepWeeds/dataset/20171025-075115-2.jpg,3,DW_PART,0,DW_CHAP,False,0.6212334
/content/drive/MyDrive/DeepWeeds/dataset/20171025-075150-2.jpg,3,DW_PART,3,DW_PART,True,0.7135394
/content/drive/MyDrive/DeepWeeds/dataset/20171025-075249-2.jpg,3,DW_PART,3,DW_PART,True,0.8865427
/content/drive/MyDrive/DeepWeeds/dataset/20171025-075340-2.jpg,3,DW_PART,3,DW_PART,True,0.7732606
/content/drive/MyDrive/DeepWeeds/dataset/20171025-075340-3.jpg,3,DW_PART,3,DW_PART,True,0.8020744
/content/drive/MyDrive/DeepWeeds/dataset/20171025-075506-1.jpg,3,DW_PART,3,DW_PART,True,0.7531414
/content/drive/MyDrive/DeepWeeds/dataset/20171025-075716-2.jpg,3,DW_PART,8,DW_NEG,False,0.3552079
/content/drive/MyDrive/DeepWeeds/dataset/20171025-075821-1.jpg,3,DW_PART,8,DW_NEG,False,0.6254938
/content/drive/MyDrive/DeepWeeds/dataset/20171025-075925-1.jpg,3,DW_PART,8,DW_NEG,False,0.90218544
/content/drive/MyDrive/DeepWeeds/dataset/20171025-075943-3.jpg,3,DW_PART,3,DW_PART,True,0.8319376
/content/drive/MyDrive/DeepWeeds/dataset/20171025-080026-1.jpg,3,DW_PART,8,DW_NEG,False,0.51908046
/content/drive/MyDrive/DeepWeeds/dataset/20171025-080121-3.jpg,3,DW_PART,8,DW_NEG,False,0.9175068
/content/drive/MyDrive/DeepWeeds/dataset/20171025-080431-1.jpg,3,DW_PART,3,DW_PART,True,0.94814473
/content/drive/MyDrive/DeepWeeds/dataset/20171025-080507-2.jpg,3,DW_PART,8,DW_NEG,False,0.71939766
/content/drive/MyDrive/DeepWeeds/dataset/20171025-080722-2.jpg,3,DW_PART,8,DW_NEG,False,0.6349246
/content/drive/MyDrive/DeepWeeds/dataset/20171025-080751-2.jpg,3,DW_PART,0,DW_CHAP,False,0.5949322
/content/drive/MyDrive/DeepWeeds/dataset/20171025-080908-1.jpg,3,DW_PART,8,DW_NEG,False,0.5624078
/content/drive/MyDrive/DeepWeeds/dataset/20171025-081120-1.jpg,3,DW_PART,3,DW_PART,True,0.49946854
/content/drive/MyDrive/DeepWeeds/dataset/20171025-081156-2.jpg,3,DW_PART,3,DW_PART,True,0.3732517
/content/drive/MyDrive/DeepWeeds/dataset/20171025-081344-3.jpg,3,DW_PART,8,DW_NEG,False,0.7965854
/content/drive/MyDrive/DeepWeeds/dataset/20171025-081404-1.jpg,3,DW_PART,8,DW_NEG,False,0.6427662
/content/drive/MyDrive/DeepWeeds/dataset/20171025-081521-2.jpg,3,DW_PART,3,DW_PART,True,0.81621724
/content/drive/MyDrive/DeepWeeds/dataset/20171025-081726-2.jpg,3,DW_PART,8,DW_NEG,False,0.6086567
/content/drive/MyDrive/DeepWeeds/dataset/20171025-081930-1.jpg,3,DW_PART,8,DW_NEG,False,0.7651226
/content/drive/MyDrive/DeepWeeds/dataset/20171025-082014-1.jpg,3,DW_PART,3,DW_PART,True,0.4299894
/content/drive/MyDrive/DeepWeeds/dataset/20171025-082114-2.jpg,3,DW_PART,8,DW_NEG,False,0.8771628
/content/drive/MyDrive/DeepWeeds/dataset/20171025-082205-2.jpg,3,DW_PART,8,DW_NEG,False,0.36981624
/content/drive/MyDrive/DeepWeeds/dataset/20171025-082301-2.jpg,3,DW_PART,8,DW_NEG,False,0.46659184
/content/drive/MyDrive/DeepWeeds/dataset/20171025-082509-1.jpg,3,DW_PART,3,DW_PART,True,0.9933373
/content/drive/MyDrive/DeepWeeds/dataset/20171025-082541-1.jpg,3,DW_PART,8,DW_NEG,False,0.94376343
/content/drive/MyDrive/DeepWeeds/dataset/20171025-082655-2.jpg,3,DW_PART,8,DW_NEG,False,0.6407558
/content/drive/MyDrive/DeepWeeds/dataset/20171025-082655-3.jpg,3,DW_PART,8,DW_NEG,False,0.840887
/content/drive/MyDrive/DeepWeeds/dataset/20171025-082743-1.jpg,0,DW_CHAP,0,DW_CHAP,True,0.6190949
/content/drive/MyDrive/DeepWeeds/dataset/20171025-082800-1.jpg,0,DW_CHAP,0,DW_CHAP,True,0.9157419
/content/drive/MyDrive/DeepWeeds/dataset/20171025-082942-1.jpg,3,DW_PART,8,DW_NEG,False,0.93659663
/content/drive/MyDrive/DeepWeeds/dataset/20171025-083335-3.jpg,3,DW_PART,8,DW_NEG,False,0.8166666
/content/drive/MyDrive/DeepWeeds/dataset/20171025-085901-1.jpg,3,DW_PART,3,DW_PART,True,0.7434806
/content/drive/MyDrive/DeepWeeds/dataset/20171025-090203-2.jpg,3,DW_PART,3,DW_PART,True,0.32192692
/content/drive/MyDrive/DeepWeeds/dataset/20171025-090316-1.jpg,3,DW_PART,8,DW_NEG,False,0.33137757
/content/drive/MyDrive/DeepWeeds/dataset/20171025-090420-1.jpg,3,DW_PART,3,DW_PART,True,0.97120124
/content/drive/MyDrive/DeepWeeds/dataset/20171025-090526-1.jpg,3,DW_PART,3,DW_PART,True,0.90999544
/content/drive/MyDrive/DeepWeeds/dataset/20171025-090747-2.jpg,3,DW_PART,3,DW_PART,True,0.7867997
/content/drive/MyDrive/DeepWeeds/dataset/20171025-090814-2.jpg,3,DW_PART,3,DW_PART,True,0.649588
/content/drive/MyDrive/DeepWeeds/dataset/20171025-090913-3.jpg,3,DW_PART,3,DW_PART,True,0.67043835
/content/drive/MyDrive/DeepWeeds/dataset/20171025-091030-1.jpg,3,DW_PART,3,DW_PART,True,0.88670754
/content/drive/MyDrive/DeepWeeds/dataset/20171025-091225-3.jpg,3,DW_PART,3,DW_PART,True,0.70354676
/content/drive/MyDrive/DeepWeeds/dataset/20171025-091236-1.jpg,3,DW_PART,3,DW_PART,True,0.89030266
/content/drive/MyDrive/DeepWeeds/dataset/20171025-091343-1.jpg,3,DW_PART,8,DW_NEG,False,0.90080065
/content/drive/MyDrive/DeepWeeds/dataset/20171025-091430-1.jpg,3,DW_PART,1,DW_LANT,False,0.38613015
/content/drive/MyDrive/DeepWeeds/dataset/20171025-091610-2.jpg,3,DW_PART,8,DW_NEG,False,0.54588217
/content/drive/MyDrive/DeepWeeds/dataset/20171025-091641-1.jpg,3,DW_PART,3,DW_PART,True,0.94805104
/content/drive/MyDrive/DeepWeeds/dataset/20171025-091815-2.jpg,3,DW_PART,3,DW_PART,True,0.9418481
/content/drive/MyDrive/DeepWeeds/dataset/20171025-091838-1.jpg,3,DW_PART,8,DW_NEG,False,0.9874533
/content/drive/MyDrive/DeepWeeds/dataset/20171025-091935-1.jpg,3,DW_PART,8,DW_NEG,False,0.88361937
/content/drive/MyDrive/DeepWeeds/dataset/20171025-092049-3.jpg,3,DW_PART,8,DW_NEG,False,0.4836251
/content/drive/MyDrive/DeepWeeds/dataset/20171025-092149-1.jpg,3,DW_PART,8,DW_NEG,False,0.7713407
/content/drive/MyDrive/DeepWeeds/dataset/20171025-092347-2.jpg,3,DW_PART,3,DW_PART,True,0.71007615
/content/drive/MyDrive/DeepWeeds/dataset/20171025-092414-3.jpg,7,DW_SNWE,7,DW_SNWE,True,0.9958637
/content/drive/MyDrive/DeepWeeds/dataset/20171025-092445-1.jpg,3,DW_PART,8,DW_NEG,False,0.9091011
/content/drive/MyDrive/DeepWeeds/dataset/20171025-092653-3.jpg,7,DW_SNWE,0,DW_CHAP,False,0.30680677
/content/drive/MyDrive/DeepWeeds/dataset/20171025-092726-2.jpg,3,DW_PART,8,DW_NEG,False,0.7455158
/content/drive/MyDrive/DeepWeeds/dataset/20171025-092802-1.jpg,3,DW_PART,8,DW_NEG,False,0.87856764
/content/drive/MyDrive/DeepWeeds/dataset/20171025-092853-2.jpg,3,DW_PART,3,DW_PART,True,0.89475507
/content/drive/MyDrive/DeepWeeds/dataset/20171025-093030-1.jpg,3,DW_PART,3,DW_PART,True,0.8263327
/content/drive/MyDrive/DeepWeeds/dataset/20171025-093051-1.jpg,3,DW_PART,8,DW_NEG,False,0.23580924
/content/drive/MyDrive/DeepWeeds/dataset/20171025-093119-2.jpg,3,DW_PART,8,DW_NEG,False,0.8208394
/content/drive/MyDrive/DeepWeeds/dataset/20171025-093313-1.jpg,3,DW_PART,3,DW_PART,True,0.46452448
/content/drive/MyDrive/DeepWeeds/dataset/20171025-093337-3.jpg,3,DW_PART,7,DW_SNWE,False,0.53503674
/content/drive/MyDrive/DeepWeeds/dataset/20171025-093514-1.jpg,3,DW_PART,0,DW_CHAP,False,0.48956192
/content/drive/MyDrive/DeepWeeds/dataset/20171025-093648-3.jpg,3,DW_PART,4,DW_PRAC,False,0.38680652
/content/drive/MyDrive/DeepWeeds/dataset/20171025-093959-3.jpg,7,DW_SNWE,7,DW_SNWE,True,0.9995664
/content/drive/MyDrive/DeepWeeds/dataset/20171025-094213-2.jpg,3,DW_PART,8,DW_NEG,False,0.6762935
/content/drive/MyDrive/DeepWeeds/dataset/20171025-094241-1.jpg,3,DW_PART,8,DW_NEG,False,0.95341593
/content/drive/MyDrive/DeepWeeds/dataset/20171025-094308-1.jpg,3,DW_PART,3,DW_PART,True,0.9887195
/content/drive/MyDrive/DeepWeeds/dataset/20171025-094427-2.jpg,3,DW_PART,6,DW_SIWE,False,0.3823722
/content/drive/MyDrive/DeepWeeds/dataset/20171025-094441-1.jpg,3,DW_PART,3,DW_PART,True,0.9754426
/content/drive/MyDrive/DeepWeeds/dataset/20171025-094524-2.jpg,3,DW_PART,3,DW_PART,True,0.96506083
/content/drive/MyDrive/DeepWeeds/dataset/20171025-094836-1.jpg,3,DW_PART,8,DW_NEG,False,0.9171943
/content/drive/MyDrive/DeepWeeds/dataset/20171025-094918-1.jpg,3,DW_PART,3,DW_PART,True,0.98575944
/content/drive/MyDrive/DeepWeeds/dataset/20171025-095034-3.jpg,3,DW_PART,8,DW_NEG,False,0.96976525
/content/drive/MyDrive/DeepWeeds/dataset/20171025-095141-3.jpg,3,DW_PART,3,DW_PART,True,0.43872097
/content/drive/MyDrive/DeepWeeds/dataset/20171025-095149-2.jpg,3,DW_PART,3,DW_PART,True,0.68971527
/content/drive/MyDrive/DeepWeeds/dataset/20171025-095149-1.jpg,3,DW_PART,8,DW_NEG,False,0.8908089
/content/drive/MyDrive/DeepWeeds/dataset/20171025-095436-1.jpg,3,DW_PART,3,DW_PART,True,0.54406637
/content/drive/MyDrive/DeepWeeds/dataset/20171025-095534-1.jpg,3,DW_PART,3,DW_PART,True,0.99947673
/content/drive/MyDrive/DeepWeeds/dataset/20171025-095541-2.jpg,3,DW_PART,3,DW_PART,True,0.8805365
/content/drive/MyDrive/DeepWeeds/dataset/20171025-095630-3.jpg,3,DW_PART,3,DW_PART,True,0.8578032
/content/drive/MyDrive/DeepWeeds/dataset/20171025-095741-3.jpg,3,DW_PART,8,DW_NEG,False,0.9592328
/content/drive/MyDrive/DeepWeeds/dataset/20171025-095741-1.jpg,3,DW_PART,3,DW_PART,True,0.47606328
/content/drive/MyDrive/DeepWeeds/dataset/20171025-095835-2.jpg,3,DW_PART,8,DW_NEG,False,0.8292682
/content/drive/MyDrive/DeepWeeds/dataset/20171025-095957-1.jpg,3,DW_PART,3,DW_PART,True,0.86155456
/content/drive/MyDrive/DeepWeeds/dataset/20171025-100024-1.jpg,3,DW_PART,8,DW_NEG,False,0.7886385
/content/drive/MyDrive/DeepWeeds/dataset/20171025-100416-2.jpg,3,DW_PART,8,DW_NEG,False,0.75357485
/content/drive/MyDrive/DeepWeeds/dataset/20171025-100447-2.jpg,3,DW_PART,8,DW_NEG,False,0.9812195
/content/drive/MyDrive/DeepWeeds/dataset/20171025-100726-1.jpg,3,DW_PART,3,DW_PART,True,0.97050035
/content/drive/MyDrive/DeepWeeds/dataset/20171025-100834-1.jpg,3,DW_PART,3,DW_PART,True,0.9750346
/content/drive/MyDrive/DeepWeeds/dataset/20171025-101023-1.jpg,3,DW_PART,5,DW_RUBV,False,0.26471734
/content/drive/MyDrive/DeepWeeds/dataset/20171025-171914-3.jpg,3,DW_PART,7,DW_SNWE,False,0.6743496
/content/drive/MyDrive/DeepWeeds/dataset/20171025-172247-3.jpg,3,DW_PART,3,DW_PART,True,0.70085
/content/drive/MyDrive/DeepWeeds/dataset/20171102-093305-1.jpg,4,DW_PRAC,8,DW_NEG,False,0.8924456
/content/drive/MyDrive/DeepWeeds/dataset/20171102-093339-2.jpg,4,DW_PRAC,8,DW_NEG,False,0.4703486
/content/drive/MyDrive/DeepWeeds/dataset/20171102-093459-1.jpg,4,DW_PRAC,8,DW_NEG,False,0.63578534
/content/drive/MyDrive/DeepWeeds/dataset/20171102-093603-2.jpg,4,DW_PRAC,8,DW_NEG,False,0.43296435
/content/drive/MyDrive/DeepWeeds/dataset/20171102-093629-3.jpg,4,DW_PRAC,8,DW_NEG,False,0.99519354
/content/drive/MyDrive/DeepWeeds/dataset/20171102-093833-1.jpg,4,DW_PRAC,8,DW_NEG,False,0.4961907
/content/drive/MyDrive/DeepWeeds/dataset/20171102-093954-2.jpg,4,DW_PRAC,8,DW_NEG,False,0.53773624
/content/drive/MyDrive/DeepWeeds/dataset/20171102-094018-1.jpg,4,DW_PRAC,8,DW_NEG,False,0.5509151
/content/drive/MyDrive/DeepWeeds/dataset/20171102-094159-3.jpg,4,DW_PRAC,8,DW_NEG,False,0.5644361
/content/drive/MyDrive/DeepWeeds/dataset/20171102-094409-1.jpg,4,DW_PRAC,4,DW_PRAC,True,0.73581886
/content/drive/MyDrive/DeepWeeds/dataset/20171102-094521-1.jpg,4,DW_PRAC,8,DW_NEG,False,0.47262362
/content/drive/MyDrive/DeepWeeds/dataset/20171102-094714-3.jpg,4,DW_PRAC,2,DW_PARK,False,0.6455622
/content/drive/MyDrive/DeepWeeds/dataset/20171102-095239-1.jpg,4,DW_PRAC,8,DW_NEG,False,0.63328755
/content/drive/MyDrive/DeepWeeds/dataset/20171102-095409-3.jpg,4,DW_PRAC,8,DW_NEG,False,0.95232415
/content/drive/MyDrive/DeepWeeds/dataset/20171102-095706-3.jpg,4,DW_PRAC,8,DW_NEG,False,0.5609816
/content/drive/MyDrive/DeepWeeds/dataset/20171102-095745-1.jpg,4,DW_PRAC,8,DW_NEG,False,0.63408196
/content/drive/MyDrive/DeepWeeds/dataset/20171102-100054-2.jpg,4,DW_PRAC,8,DW_NEG,False,0.9948055
/content/drive/MyDrive/DeepWeeds/dataset/20171102-100226-1.jpg,4,DW_PRAC,5,DW_RUBV,False,0.9543825
/content/drive/MyDrive/DeepWeeds/dataset/20171102-100358-2.jpg,4,DW_PRAC,8,DW_NEG,False,0.5967477
/content/drive/MyDrive/DeepWeeds/dataset/20171102-100710-2.jpg,4,DW_PRAC,8,DW_NEG,False,0.88340986
/content/drive/MyDrive/DeepWeeds/dataset/20171102-102141-3.jpg,2,DW_PARK,2,DW_PARK,True,0.9996093
/content/drive/MyDrive/DeepWeeds/dataset/20171102-102451-2.jpg,2,DW_PARK,8,DW_NEG,False,0.9072803
/content/drive/MyDrive/DeepWeeds/dataset/20171102-102521-2.jpg,2,DW_PARK,2,DW_PARK,True,0.99945635
/content/drive/MyDrive/DeepWeeds/dataset/20171102-102712-1.jpg,2,DW_PARK,2,DW_PARK,True,0.9938239
/content/drive/MyDrive/DeepWeeds/dataset/20171102-102836-1.jpg,2,DW_PARK,2,DW_PARK,True,0.9998853
/content/drive/MyDrive/DeepWeeds/dataset/20171102-103116-3.jpg,2,DW_PARK,2,DW_PARK,True,0.9107359
/content/drive/MyDrive/DeepWeeds/dataset/20171102-103146-2.jpg,2,DW_PARK,8,DW_NEG,False,0.87881976
/content/drive/MyDrive/DeepWeeds/dataset/20171102-103229-1.jpg,2,DW_PARK,2,DW_PARK,True,0.9965229
/content/drive/MyDrive/DeepWeeds/dataset/20171102-103338-2.jpg,2,DW_PARK,2,DW_PARK,True,0.95120615
/content/drive/MyDrive/DeepWeeds/dataset/20171102-103650-2.jpg,2,DW_PARK,2,DW_PARK,True,0.99591833
/content/drive/MyDrive/DeepWeeds/dataset/20171102-103902-1.jpg,2,DW_PARK,2,DW_PARK,True,0.6906421
/content/drive/MyDrive/DeepWeeds/dataset/20171102-104223-1.jpg,2,DW_PARK,2,DW_PARK,True,0.99973553
/content/drive/MyDrive/DeepWeeds/dataset/20171102-104513-3.jpg,2,DW_PARK,8,DW_NEG,False,0.9788967
/content/drive/MyDrive/DeepWeeds/dataset/20171102-104540-2.jpg,2,DW_PARK,2,DW_PARK,True,0.8500712
/content/drive/MyDrive/DeepWeeds/dataset/20171102-104838-3.jpg,2,DW_PARK,8,DW_NEG,False,0.7711312
/content/drive/MyDrive/DeepWeeds/dataset/20171102-105848-2.jpg,2,DW_PARK,2,DW_PARK,True,0.8019149
/content/drive/MyDrive/DeepWeeds/dataset/20171102-114807-1.jpg,2,DW_PARK,2,DW_PARK,True,0.9992867
/content/drive/MyDrive/DeepWeeds/dataset/20171102-115100-1.jpg,2,DW_PARK,2,DW_PARK,True,0.9999784
/content/drive/MyDrive/DeepWeeds/dataset/20171102-115127-1.jpg,2,DW_PARK,2,DW_PARK,True,0.9999733
/content/drive/MyDrive/DeepWeeds/dataset/20171102-115324-2.jpg,2,DW_PARK,2,DW_PARK,True,0.9378722
/content/drive/MyDrive/DeepWeeds/dataset/20171102-115408-3.jpg,2,DW_PARK,8,DW_NEG,False,0.42929235
/content/drive/MyDrive/DeepWeeds/dataset/20171102-115518-1.jpg,2,DW_PARK,2,DW_PARK,True,0.9999987
/content/drive/MyDrive/DeepWeeds/dataset/20171102-115533-3.jpg,2,DW_PARK,2,DW_PARK,True,0.9961746
/content/drive/MyDrive/DeepWeeds/dataset/20171102-115722-3.jpg,2,DW_PARK,2,DW_PARK,True,0.99924254
/content/drive/MyDrive/DeepWeeds/dataset/20171102-115830-3.jpg,2,DW_PARK,2,DW_PARK,True,0.9875509
/content/drive/MyDrive/DeepWeeds/dataset/20171102-115918-3.jpg,2,DW_PARK,8,DW_NEG,False,0.542452
/content/drive/MyDrive/DeepWeeds/dataset/20171102-120049-1.jpg,2,DW_PARK,2,DW_PARK,True,0.9997218
/content/drive/MyDrive/DeepWeeds/dataset/20171102-120202-3.jpg,2,DW_PARK,2,DW_PARK,True,0.9262247
/content/drive/MyDrive/DeepWeeds/dataset/20171102-120206-1.jpg,2,DW_PARK,2,DW_PARK,True,0.99532145
/content/drive/MyDrive/DeepWeeds/dataset/20171102-120302-3.jpg,2,DW_PARK,2,DW_PARK,True,0.9954293
/content/drive/MyDrive/DeepWeeds/dataset/20171102-120320-1.jpg,2,DW_PARK,2,DW_PARK,True,0.7865657
/content/drive/MyDrive/DeepWeeds/dataset/20171102-120320-2.jpg,2,DW_PARK,2,DW_PARK,True,0.5878106
/content/drive/MyDrive/DeepWeeds/dataset/20171102-120436-1.jpg,2,DW_PARK,2,DW_PARK,True,0.9999914
/content/drive/MyDrive/DeepWeeds/dataset/20171102-120545-2.jpg,2,DW_PARK,2,DW_PARK,True,0.999995
/content/drive/MyDrive/DeepWeeds/dataset/20171102-120607-1.jpg,2,DW_PARK,2,DW_PARK,True,0.99999547
/content/drive/MyDrive/DeepWeeds/dataset/20171102-120721-3.jpg,2,DW_PARK,2,DW_PARK,True,0.99523926
/content/drive/MyDrive/DeepWeeds/dataset/20171102-120800-2.jpg,2,DW_PARK,2,DW_PARK,True,0.992969
/content/drive/MyDrive/DeepWeeds/dataset/20171102-120913-1.jpg,2,DW_PARK,8,DW_NEG,False,0.5351083
/content/drive/MyDrive/DeepWeeds/dataset/20171102-120924-1.jpg,2,DW_PARK,2,DW_PARK,True,0.9648403
/content/drive/MyDrive/DeepWeeds/dataset/20171102-121033-3.jpg,2,DW_PARK,2,DW_PARK,True,0.9533057
/content/drive/MyDrive/DeepWeeds/dataset/20171102-121129-3.jpg,2,DW_PARK,2,DW_PARK,True,0.7196562
/content/drive/MyDrive/DeepWeeds/dataset/20171102-121233-2.jpg,2,DW_PARK,2,DW_PARK,True,0.93203723
/content/drive/MyDrive/DeepWeeds/dataset/20171102-121309-3.jpg,2,DW_PARK,2,DW_PARK,True,0.5652498
/content/drive/MyDrive/DeepWeeds/dataset/20171102-121344-1.jpg,2,DW_PARK,2,DW_PARK,True,0.99987257
/content/drive/MyDrive/DeepWeeds/dataset/20171102-121420-2.jpg,2,DW_PARK,8,DW_NEG,False,0.68543565
/content/drive/MyDrive/DeepWeeds/dataset/20171102-121558-3.jpg,2,DW_PARK,8,DW_NEG,False,0.69666743
/content/drive/MyDrive/DeepWeeds/dataset/20171102-121656-3.jpg,2,DW_PARK,2,DW_PARK,True,0.9900989
/content/drive/MyDrive/DeepWeeds/dataset/20171102-121749-2.jpg,2,DW_PARK,2,DW_PARK,True,0.99804676
/content/drive/MyDrive/DeepWeeds/dataset/20171102-121818-3.jpg,2,DW_PARK,2,DW_PARK,True,0.54616517
/content/drive/MyDrive/DeepWeeds/dataset/20171102-122100-1.jpg,2,DW_PARK,8,DW_NEG,False,0.9980672
/content/drive/MyDrive/DeepWeeds/dataset/20171102-122305-3.jpg,2,DW_PARK,8,DW_NEG,False,0.8702978
/content/drive/MyDrive/DeepWeeds/dataset/20171102-122334-3.jpg,2,DW_PARK,2,DW_PARK,True,0.9841059
/content/drive/MyDrive/DeepWeeds/dataset/20171102-122443-1.jpg,2,DW_PARK,2,DW_PARK,True,0.552153
/content/drive/MyDrive/DeepWeeds/dataset/20171102-122505-2.jpg,2,DW_PARK,2,DW_PARK,True,0.9993235
/content/drive/MyDrive/DeepWeeds/dataset/20171102-122536-1.jpg,2,DW_PARK,2,DW_PARK,True,0.79808664
/content/drive/MyDrive/DeepWeeds/dataset/20171102-122639-2.jpg,2,DW_PARK,2,DW_PARK,True,0.99842876
/content/drive/MyDrive/DeepWeeds/dataset/20171102-122719-2.jpg,2,DW_PARK,2,DW_PARK,True,0.8425372
/content/drive/MyDrive/DeepWeeds/dataset/20171102-122743-3.jpg,2,DW_PARK,2,DW_PARK,True,0.9883967
/content/drive/MyDrive/DeepWeeds/dataset/20171102-122811-1.jpg,2,DW_PARK,2,DW_PARK,True,0.9996258
/content/drive/MyDrive/DeepWeeds/dataset/20171102-122856-2.jpg,2,DW_PARK,2,DW_PARK,True,0.9957973
/content/drive/MyDrive/DeepWeeds/dataset/20171102-122946-2.jpg,2,DW_PARK,2,DW_PARK,True,0.40065882
/content/drive/MyDrive/DeepWeeds/dataset/20171102-123047-1.jpg,2,DW_PARK,2,DW_PARK,True,0.97817343
/content/drive/MyDrive/DeepWeeds/dataset/20171102-123211-2.jpg,2,DW_PARK,2,DW_PARK,True,0.9971855
/content/drive/MyDrive/DeepWeeds/dataset/20171102-123222-1.jpg,2,DW_PARK,2,DW_PARK,True,0.99903715
/content/drive/MyDrive/DeepWeeds/dataset/20171102-123304-1.jpg,2,DW_PARK,8,DW_NEG,False,0.93469363
/content/drive/MyDrive/DeepWeeds/dataset/20171102-123413-1.jpg,2,DW_PARK,2,DW_PARK,True,0.6970086
/content/drive/MyDrive/DeepWeeds/dataset/20171102-123413-2.jpg,2,DW_PARK,2,DW_PARK,True,0.98998296
/content/drive/MyDrive/DeepWeeds/dataset/20171102-123636-2.jpg,2,DW_PARK,8,DW_NEG,False,0.942146
/content/drive/MyDrive/DeepWeeds/dataset/20171108-123917-3.jpg,5,DW_RUBV,5,DW_RUBV,True,0.96784914
/content/drive/MyDrive/DeepWeeds/dataset/20171108-125348-3.jpg,5,DW_RUBV,5,DW_RUBV,True,0.71838313
/content/drive/MyDrive/DeepWeeds/dataset/20171108-130043-3.jpg,5,DW_RUBV,5,DW_RUBV,True,0.99893206
/content/drive/MyDrive/DeepWeeds/dataset/20171108-130405-3.jpg,5,DW_RUBV,5,DW_RUBV,True,0.97246593
/content/drive/MyDrive/DeepWeeds/dataset/20171109-070618-1.jpg,5,DW_RUBV,5,DW_RUBV,True,0.99995005
/content/drive/MyDrive/DeepWeeds/dataset/20171109-070737-3.jpg,5,DW_RUBV,5,DW_RUBV,True,0.99997246
/content/drive/MyDrive/DeepWeeds/dataset/20171109-070859-1.jpg,5,DW_RUBV,5,DW_RUBV,True,0.9988433
/content/drive/MyDrive/DeepWeeds/dataset/20171109-070917-1.jpg,5,DW_RUBV,5,DW_RUBV,True,0.9999933
/content/drive/MyDrive/DeepWeeds/dataset/20171109-071031-1.jpg,5,DW_RUBV,5,DW_RUBV,True,0.99994576
/content/drive/MyDrive/DeepWeeds/dataset/20171109-071206-1.jpg,5,DW_RUBV,5,DW_RUBV,True,0.9999746
/content/drive/MyDrive/DeepWeeds/dataset/20171109-071248-3.jpg,5,DW_RUBV,5,DW_RUBV,True,0.99961674
/content/drive/MyDrive/DeepWeeds/dataset/20171109-071422-3.jpg,5,DW_RUBV,5,DW_RUBV,True,0.9825712
/content/drive/MyDrive/DeepWeeds/dataset/20171109-071541-3.jpg,5,DW_RUBV,5,DW_RUBV,True,0.99956864
/content/drive/MyDrive/DeepWeeds/dataset/20171109-071710-3.jpg,5,DW_RUBV,5,DW_RUBV,True,0.9998802
/content/drive/MyDrive/DeepWeeds/dataset/20171109-071800-3.jpg,5,DW_RUBV,5,DW_RUBV,True,0.9996152
/content/drive/MyDrive/DeepWeeds/dataset/20171109-071849-1.jpg,5,DW_RUBV,5,DW_RUBV,True,0.99975795
/content/drive/MyDrive/DeepWeeds/dataset/20171109-072025-1.jpg,5,DW_RUBV,5,DW_RUBV,True,0.9999999
/content/drive/MyDrive/DeepWeeds/dataset/20171109-072130-1.jpg,5,DW_RUBV,5,DW_RUBV,True,0.9988417
/content/drive/MyDrive/DeepWeeds/dataset/20171109-072244-1.jpg,5,DW_RUBV,5,DW_RUBV,True,0.99996877
/content/drive/MyDrive/DeepWeeds/dataset/20171109-072328-1.jpg,5,DW_RUBV,5,DW_RUBV,True,0.99827254
/content/drive/MyDrive/DeepWeeds/dataset/20171109-072419-1.jpg,5,DW_RUBV,5,DW_RUBV,True,0.9996294
/content/drive/MyDrive/DeepWeeds/dataset/20171109-072549-1.jpg,5,DW_RUBV,5,DW_RUBV,True,0.99934715
/content/drive/MyDrive/DeepWeeds/dataset/20171109-072655-1.jpg,5,DW_RUBV,5,DW_RUBV,True,0.97578645
/content/drive/MyDrive/DeepWeeds/dataset/20171109-072743-1.jpg,5,DW_RUBV,5,DW_RUBV,True,0.9999999
/content/drive/MyDrive/DeepWeeds/dataset/20171109-072924-3.jpg,5,DW_RUBV,5,DW_RUBV,True,0.9902598
/content/drive/MyDrive/DeepWeeds/dataset/20171109-073153-3.jpg,5,DW_RUBV,5,DW_RUBV,True,0.9989736
/content/drive/MyDrive/DeepWeeds/dataset/20171109-073257-1.jpg,5,DW_RUBV,5,DW_RUBV,True,0.9999974
/content/drive/MyDrive/DeepWeeds/dataset/20171109-073321-3.jpg,5,DW_RUBV,5,DW_RUBV,True,0.5892454
/content/drive/MyDrive/DeepWeeds/dataset/20171109-073450-3.jpg,5,DW_RUBV,5,DW_RUBV,True,0.9999944
/content/drive/MyDrive/DeepWeeds/dataset/20171109-073626-1.jpg,5,DW_RUBV,5,DW_RUBV,True,0.99988115
/content/drive/MyDrive/DeepWeeds/dataset/20171109-073724-1.jpg,5,DW_RUBV,5,DW_RUBV,True,0.9985083
/content/drive/MyDrive/DeepWeeds/dataset/20171109-073941-1.jpg,5,DW_RUBV,5,DW_RUBV,True,0.9999918
/content/drive/MyDrive/DeepWeeds/dataset/20171109-074113-3.jpg,5,DW_RUBV,5,DW_RUBV,True,0.99987876
/content/drive/MyDrive/DeepWeeds/dataset/20171109-074159-1.jpg,5,DW_RUBV,5,DW_RUBV,True,0.9992976
/content/drive/MyDrive/DeepWeeds/dataset/20171109-074227-3.jpg,5,DW_RUBV,8,DW_NEG,False,0.8757198
/content/drive/MyDrive/DeepWeeds/dataset/20171109-074353-1.jpg,5,DW_RUBV,5,DW_RUBV,True,0.99329925
/content/drive/MyDrive/DeepWeeds/dataset/20171109-074524-1.jpg,5,DW_RUBV,5,DW_RUBV,True,0.9937097
/content/drive/MyDrive/DeepWeeds/dataset/20171109-074637-1.jpg,5,DW_RUBV,5,DW_RUBV,True,0.9999994
/content/drive/MyDrive/DeepWeeds/dataset/20171109-074707-3.jpg,5,DW_RUBV,5,DW_RUBV,True,0.99406415
/content/drive/MyDrive/DeepWeeds/dataset/20171109-074707-1.jpg,5,DW_RUBV,5,DW_RUBV,True,0.99801195
/content/drive/MyDrive/DeepWeeds/dataset/20171109-074813-3.jpg,5,DW_RUBV,5,DW_RUBV,True,0.99999285
/content/drive/MyDrive/DeepWeeds/dataset/20171109-074955-1.jpg,5,DW_RUBV,5,DW_RUBV,True,0.69379914
/content/drive/MyDrive/DeepWeeds/dataset/20171109-075129-3.jpg,5,DW_RUBV,5,DW_RUBV,True,0.9999988
/content/drive/MyDrive/DeepWeeds/dataset/20171109-084741-3.jpg,5,DW_RUBV,5,DW_RUBV,True,0.9942568
/content/drive/MyDrive/DeepWeeds/dataset/20171109-084949-3.jpg,5,DW_RUBV,5,DW_RUBV,True,0.9856716
/content/drive/MyDrive/DeepWeeds/dataset/20171109-085205-2.jpg,5,DW_RUBV,5,DW_RUBV,True,0.9990803
/content/drive/MyDrive/DeepWeeds/dataset/20171109-085309-3.jpg,5,DW_RUBV,5,DW_RUBV,True,0.99998224
/content/drive/MyDrive/DeepWeeds/dataset/20171109-085426-2.jpg,5,DW_RUBV,5,DW_RUBV,True,0.9999995
/content/drive/MyDrive/DeepWeeds/dataset/20171109-085510-2.jpg,5,DW_RUBV,5,DW_RUBV,True,0.9991441
/content/drive/MyDrive/DeepWeeds/dataset/20171109-085643-2.jpg,5,DW_RUBV,5,DW_RUBV,True,0.99992037
/content/drive/MyDrive/DeepWeeds/dataset/20171109-085941-1.jpg,5,DW_RUBV,5,DW_RUBV,True,0.97805095
/content/drive/MyDrive/DeepWeeds/dataset/20171109-090126-3.jpg,5,DW_RUBV,5,DW_RUBV,True,0.97966367
/content/drive/MyDrive/DeepWeeds/dataset/20171109-090219-3.jpg,5,DW_RUBV,5,DW_RUBV,True,0.9991186
/content/drive/MyDrive/DeepWeeds/dataset/20171109-090247-1.jpg,5,DW_RUBV,5,DW_RUBV,True,0.9996147
/content/drive/MyDrive/DeepWeeds/dataset/20171109-090323-1.jpg,5,DW_RUBV,5,DW_RUBV,True,0.9999995
/content/drive/MyDrive/DeepWeeds/dataset/20171109-090359-1.jpg,5,DW_RUBV,5,DW_RUBV,True,0.9993363
/content/drive/MyDrive/DeepWeeds/dataset/20171109-090427-3.jpg,5,DW_RUBV,5,DW_RUBV,True,0.99998903
/content/drive/MyDrive/DeepWeeds/dataset/20171109-090601-2.jpg,5,DW_RUBV,5,DW_RUBV,True,0.99999976
/content/drive/MyDrive/DeepWeeds/dataset/20171109-090623-3.jpg,5,DW_RUBV,5,DW_RUBV,True,0.99983954
/content/drive/MyDrive/DeepWeeds/dataset/20171109-090726-3.jpg,5,DW_RUBV,5,DW_RUBV,True,0.980845
/content/drive/MyDrive/DeepWeeds/dataset/20171109-090726-2.jpg,5,DW_RUBV,5,DW_RUBV,True,0.9999633
/content/drive/MyDrive/DeepWeeds/dataset/20171109-090749-1.jpg,5,DW_RUBV,5,DW_RUBV,True,0.999746
/content/drive/MyDrive/DeepWeeds/dataset/20171109-090842-1.jpg,5,DW_RUBV,5,DW_RUBV,True,0.9975969
/content/drive/MyDrive/DeepWeeds/dataset/20171109-090954-1.jpg,5,DW_RUBV,5,DW_RUBV,True,0.9999862
/content/drive/MyDrive/DeepWeeds/dataset/20171109-091031-1.jpg,5,DW_RUBV,5,DW_RUBV,True,0.9993399
/content/drive/MyDrive/DeepWeeds/dataset/20171109-091124-2.jpg,5,DW_RUBV,5,DW_RUBV,True,0.999696
/content/drive/MyDrive/DeepWeeds/dataset/20171109-091205-2.jpg,5,DW_RUBV,5,DW_RUBV,True,0.9999981
/content/drive/MyDrive/DeepWeeds/dataset/20171109-091257-3.jpg,5,DW_RUBV,5,DW_RUBV,True,0.9552092
/content/drive/MyDrive/DeepWeeds/dataset/20171109-091409-3.jpg,5,DW_RUBV,5,DW_RUBV,True,0.99996865
/content/drive/MyDrive/DeepWeeds/dataset/20171109-091506-3.jpg,5,DW_RUBV,5,DW_RUBV,True,0.99829644
/content/drive/MyDrive/DeepWeeds/dataset/20171109-091521-2.jpg,5,DW_RUBV,5,DW_RUBV,True,0.9999976
/content/drive/MyDrive/DeepWeeds/dataset/20171109-091628-2.jpg,5,DW_RUBV,5,DW_RUBV,True,0.99999666
/content/drive/MyDrive/DeepWeeds/dataset/20171109-091701-2.jpg,5,DW_RUBV,5,DW_RUBV,True,1.0
/content/drive/MyDrive/DeepWeeds/dataset/20171109-091812-1.jpg,5,DW_RUBV,5,DW_RUBV,True,0.99932253
/content/drive/MyDrive/DeepWeeds/dataset/20171109-091826-1.jpg,5,DW_RUBV,5,DW_RUBV,True,0.9998041
/content/drive/MyDrive/DeepWeeds/dataset/20171109-092005-1.jpg,5,DW_RUBV,5,DW_RUBV,True,0.99999964
/content/drive/MyDrive/DeepWeeds/dataset/20171109-092048-1.jpg,5,DW_RUBV,5,DW_RUBV,True,0.9996444
/content/drive/MyDrive/DeepWeeds/dataset/20171109-092149-1.jpg,5,DW_RUBV,5,DW_RUBV,True,0.99958163
/content/drive/MyDrive/DeepWeeds/dataset/20171109-092301-2.jpg,5,DW_RUBV,5,DW_RUBV,True,0.9999999
/content/drive/MyDrive/DeepWeeds/dataset/20171109-092404-2.jpg,5,DW_RUBV,5,DW_RUBV,True,0.99983025
/content/drive/MyDrive/DeepWeeds/dataset/20171109-092455-2.jpg,5,DW_RUBV,5,DW_RUBV,True,0.9998859
/content/drive/MyDrive/DeepWeeds/dataset/20171109-092540-1.jpg,5,DW_RUBV,5,DW_RUBV,True,0.9999076
/content/drive/MyDrive/DeepWeeds/dataset/20171109-092615-1.jpg,5,DW_RUBV,5,DW_RUBV,True,0.9953004
/content/drive/MyDrive/DeepWeeds/dataset/20171109-092733-1.jpg,5,DW_RUBV,5,DW_RUBV,True,0.99719846
/content/drive/MyDrive/DeepWeeds/dataset/20171109-092818-1.jpg,5,DW_RUBV,5,DW_RUBV,True,0.91200936
/content/drive/MyDrive/DeepWeeds/dataset/20171109-092910-2.jpg,5,DW_RUBV,5,DW_RUBV,True,0.9696054
/content/drive/MyDrive/DeepWeeds/dataset/20171109-093036-3.jpg,5,DW_RUBV,5,DW_RUBV,True,0.9999356
/content/drive/MyDrive/DeepWeeds/dataset/20171109-093142-2.jpg,5,DW_RUBV,5,DW_RUBV,True,0.9975948
/content/drive/MyDrive/DeepWeeds/dataset/20171109-093200-3.jpg,5,DW_RUBV,5,DW_RUBV,True,0.93003666
/content/drive/MyDrive/DeepWeeds/dataset/20171109-093300-1.jpg,5,DW_RUBV,5,DW_RUBV,True,1.0
/content/drive/MyDrive/DeepWeeds/dataset/20171109-093351-2.jpg,5,DW_RUBV,5,DW_RUBV,True,0.99987376
/content/drive/MyDrive/DeepWeeds/dataset/20171109-093438-2.jpg,5,DW_RUBV,5,DW_RUBV,True,0.99735296
/content/drive/MyDrive/DeepWeeds/dataset/20171109-093513-1.jpg,5,DW_RUBV,8,DW_NEG,False,0.88043374
/content/drive/MyDrive/DeepWeeds/dataset/20171109-093542-2.jpg,5,DW_RUBV,5,DW_RUBV,True,0.9999621
/content/drive/MyDrive/DeepWeeds/dataset/20171109-093715-3.jpg,5,DW_RUBV,5,DW_RUBV,True,0.9999409
/content/drive/MyDrive/DeepWeeds/dataset/20171109-093759-1.jpg,5,DW_RUBV,5,DW_RUBV,True,0.5772817
/content/drive/MyDrive/DeepWeeds/dataset/20171109-093826-3.jpg,5,DW_RUBV,5,DW_RUBV,True,0.99993944
/content/drive/MyDrive/DeepWeeds/dataset/20171109-094215-2.jpg,5,DW_RUBV,8,DW_NEG,False,0.91384846
/content/drive/MyDrive/DeepWeeds/dataset/20171109-094316-3.jpg,5,DW_RUBV,5,DW_RUBV,True,0.99996614
/content/drive/MyDrive/DeepWeeds/dataset/20171109-094851-2.jpg,5,DW_RUBV,5,DW_RUBV,True,0.9538388
/content/drive/MyDrive/DeepWeeds/dataset/20171109-095224-3.jpg,5,DW_RUBV,5,DW_RUBV,True,0.99734986
/content/drive/MyDrive/DeepWeeds/dataset/20171109-095504-2.jpg,5,DW_RUBV,5,DW_RUBV,True,0.93032527
/content/drive/MyDrive/DeepWeeds/dataset/20171109-095516-2.jpg,5,DW_RUBV,8,DW_NEG,False,0.77695507
/content/drive/MyDrive/DeepWeeds/dataset/20171109-175951-2.jpg,5,DW_RUBV,8,DW_NEG,False,0.54402846
/content/drive/MyDrive/DeepWeeds/dataset/20171109-193741-1.jpg,5,DW_RUBV,5,DW_RUBV,True,0.95657665
/content/drive/MyDrive/DeepWeeds/dataset/20171109-193932-1.jpg,5,DW_RUBV,5,DW_RUBV,True,0.99996114
/content/drive/MyDrive/DeepWeeds/dataset/20171109-194044-1.jpg,5,DW_RUBV,5,DW_RUBV,True,0.99999976
/content/drive/MyDrive/DeepWeeds/dataset/20171109-194239-1.jpg,5,DW_RUBV,5,DW_RUBV,True,1.0
/content/drive/MyDrive/DeepWeeds/dataset/20171109-194604-1.jpg,5,DW_RUBV,5,DW_RUBV,True,0.9990513
/content/drive/MyDrive/DeepWeeds/dataset/20171109-194734-1.jpg,5,DW_RUBV,5,DW_RUBV,True,0.99997413
/content/drive/MyDrive/DeepWeeds/dataset/20171109-194934-1.jpg,5,DW_RUBV,5,DW_RUBV,True,0.9740349
/content/drive/MyDrive/DeepWeeds/dataset/20171109-195050-1.jpg,5,DW_RUBV,5,DW_RUBV,True,0.9999448
/content/drive/MyDrive/DeepWeeds/dataset/20171113-060557-1.jpg,6,DW_SIWE,6,DW_SIWE,True,0.98855305
/content/drive/MyDrive/DeepWeeds/dataset/20171113-060751-1.jpg,6,DW_SIWE,6,DW_SIWE,True,0.997886
/content/drive/MyDrive/DeepWeeds/dataset/20171113-060924-1.jpg,6,DW_SIWE,6,DW_SIWE,True,0.9995034
/content/drive/MyDrive/DeepWeeds/dataset/20171113-061216-1.jpg,6,DW_SIWE,6,DW_SIWE,True,0.9978416
/content/drive/MyDrive/DeepWeeds/dataset/20171113-061441-1.jpg,6,DW_SIWE,6,DW_SIWE,True,0.88772357
/content/drive/MyDrive/DeepWeeds/dataset/20171113-091604-3.jpg,5,DW_RUBV,5,DW_RUBV,True,0.99996686
/content/drive/MyDrive/DeepWeeds/dataset/20171113-091817-3.jpg,5,DW_RUBV,5,DW_RUBV,True,0.67647666
/content/drive/MyDrive/DeepWeeds/dataset/20171113-092056-3.jpg,5,DW_RUBV,5,DW_RUBV,True,0.99888223
/content/drive/MyDrive/DeepWeeds/dataset/20171113-092415-1.jpg,5,DW_RUBV,5,DW_RUBV,True,0.90806323
/content/drive/MyDrive/DeepWeeds/dataset/20171113-092423-3.jpg,5,DW_RUBV,5,DW_RUBV,True,0.9999962
/content/drive/MyDrive/DeepWeeds/dataset/20171113-092503-1.jpg,5,DW_RUBV,5,DW_RUBV,True,0.9999778
/content/drive/MyDrive/DeepWeeds/dataset/20171113-092616-3.jpg,5,DW_RUBV,5,DW_RUBV,True,0.9988206
/content/drive/MyDrive/DeepWeeds/dataset/20171113-092826-3.jpg,5,DW_RUBV,5,DW_RUBV,True,0.9870482
/content/drive/MyDrive/DeepWeeds/dataset/20171113-092943-1.jpg,5,DW_RUBV,5,DW_RUBV,True,0.99973816
/content/drive/MyDrive/DeepWeeds/dataset/20171113-093033-1.jpg,5,DW_RUBV,5,DW_RUBV,True,0.8923469
/content/drive/MyDrive/DeepWeeds/dataset/20171113-093432-1.jpg,5,DW_RUBV,5,DW_RUBV,True,0.9808982
/content/drive/MyDrive/DeepWeeds/dataset/20171113-093619-3.jpg,5,DW_RUBV,5,DW_RUBV,True,0.9450794
/content/drive/MyDrive/DeepWeeds/dataset/20171113-094218-3.jpg,5,DW_RUBV,8,DW_NEG,False,0.9913687
/content/drive/MyDrive/DeepWeeds/dataset/20171113-094525-3.jpg,5,DW_RUBV,5,DW_RUBV,True,0.9726353
/content/drive/MyDrive/DeepWeeds/dataset/20171113-094840-3.jpg,5,DW_RUBV,5,DW_RUBV,True,0.9988617
/content/drive/MyDrive/DeepWeeds/dataset/20171113-095025-3.jpg,5,DW_RUBV,5,DW_RUBV,True,0.9999311
/content/drive/MyDrive/DeepWeeds/dataset/20171113-095501-3.jpg,5,DW_RUBV,5,DW_RUBV,True,0.9999944
/content/drive/MyDrive/DeepWeeds/dataset/20171113-095647-1.jpg,5,DW_RUBV,5,DW_RUBV,True,0.9996314
/content/drive/MyDrive/DeepWeeds/dataset/20171113-095713-1.jpg,5,DW_RUBV,5,DW_RUBV,True,0.94340867
/content/drive/MyDrive/DeepWeeds/dataset/20171113-100431-3.jpg,5,DW_RUBV,5,DW_RUBV,True,0.99993956
/content/drive/MyDrive/DeepWeeds/dataset/20171113-100926-1.jpg,5,DW_RUBV,8,DW_NEG,False,0.8274348
/content/drive/MyDrive/DeepWeeds/dataset/20171113-101111-1.jpg,5,DW_RUBV,5,DW_RUBV,True,0.99999833
/content/drive/MyDrive/DeepWeeds/dataset/20171113-101255-1.jpg,5,DW_RUBV,5,DW_RUBV,True,0.9992655
/content/drive/MyDrive/DeepWeeds/dataset/20171113-101410-3.jpg,5,DW_RUBV,5,DW_RUBV,True,0.99999917
/content/drive/MyDrive/DeepWeeds/dataset/20171113-101506-1.jpg,5,DW_RUBV,8,DW_NEG,False,0.4647799
/content/drive/MyDrive/DeepWeeds/dataset/20171113-101657-3.jpg,5,DW_RUBV,5,DW_RUBV,True,0.9999981
/content/drive/MyDrive/DeepWeeds/dataset/20171113-101845-1.jpg,5,DW_RUBV,5,DW_RUBV,True,0.9981863
/content/drive/MyDrive/DeepWeeds/dataset/20171113-101927-0.jpg,6,DW_SIWE,6,DW_SIWE,True,0.9997881
/content/drive/MyDrive/DeepWeeds/dataset/20171113-102057-1.jpg,5,DW_RUBV,5,DW_RUBV,True,0.9986829
/content/drive/MyDrive/DeepWeeds/dataset/20171113-102132-1.jpg,5,DW_RUBV,5,DW_RUBV,True,0.577265
/content/drive/MyDrive/DeepWeeds/dataset/20171113-102414-0.jpg,6,DW_SIWE,6,DW_SIWE,True,1.0
/content/drive/MyDrive/DeepWeeds/dataset/20171113-103235-0.jpg,6,DW_SIWE,6,DW_SIWE,True,0.99999905
/content/drive/MyDrive/DeepWeeds/dataset/20171113-104614-0.jpg,6,DW_SIWE,6,DW_SIWE,True,1.0
/content/drive/MyDrive/DeepWeeds/dataset/20171113-105433-0.jpg,6,DW_SIWE,6,DW_SIWE,True,0.9999999
/content/drive/MyDrive/DeepWeeds/dataset/20171113-111444-0.jpg,6,DW_SIWE,6,DW_SIWE,True,0.9989003
/content/drive/MyDrive/DeepWeeds/dataset/20171113-112552-0.jpg,6,DW_SIWE,6,DW_SIWE,True,1.0
/content/drive/MyDrive/DeepWeeds/dataset/20171113-112836-0.jpg,6,DW_SIWE,6,DW_SIWE,True,0.99992204
/content/drive/MyDrive/DeepWeeds/dataset/20171113-115125-1.jpg,6,DW_SIWE,6,DW_SIWE,True,0.99511516
/content/drive/MyDrive/DeepWeeds/dataset/20171113-115211-3.jpg,6,DW_SIWE,6,DW_SIWE,True,0.9892565
/content/drive/MyDrive/DeepWeeds/dataset/20171113-115402-3.jpg,6,DW_SIWE,6,DW_SIWE,True,0.9078782
/content/drive/MyDrive/DeepWeeds/dataset/20171113-115609-1.jpg,6,DW_SIWE,6,DW_SIWE,True,0.9996257
/content/drive/MyDrive/DeepWeeds/dataset/20171113-115816-0.jpg,6,DW_SIWE,6,DW_SIWE,True,1.0
/content/drive/MyDrive/DeepWeeds/dataset/20171113-115857-1.jpg,6,DW_SIWE,6,DW_SIWE,True,0.9975923
/content/drive/MyDrive/DeepWeeds/dataset/20171113-115932-1.jpg,6,DW_SIWE,6,DW_SIWE,True,0.9996902
/content/drive/MyDrive/DeepWeeds/dataset/20171113-120014-3.jpg,6,DW_SIWE,8,DW_NEG,False,0.5103226
/content/drive/MyDrive/DeepWeeds/dataset/20171113-120134-1.jpg,6,DW_SIWE,6,DW_SIWE,True,0.83264285
/content/drive/MyDrive/DeepWeeds/dataset/20171113-120206-1.jpg,6,DW_SIWE,6,DW_SIWE,True,0.9994469
/content/drive/MyDrive/DeepWeeds/dataset/20171113-120222-1.jpg,6,DW_SIWE,6,DW_SIWE,True,0.5621711
/content/drive/MyDrive/DeepWeeds/dataset/20171113-120413-1.jpg,6,DW_SIWE,6,DW_SIWE,True,0.9993187
/content/drive/MyDrive/DeepWeeds/dataset/20171113-120539-2.jpg,6,DW_SIWE,6,DW_SIWE,True,0.99877566
/content/drive/MyDrive/DeepWeeds/dataset/20171113-120603-2.jpg,6,DW_SIWE,6,DW_SIWE,True,0.99500835
/content/drive/MyDrive/DeepWeeds/dataset/20171113-120654-2.jpg,6,DW_SIWE,6,DW_SIWE,True,0.9998247
/content/drive/MyDrive/DeepWeeds/dataset/20171113-120832-1.jpg,6,DW_SIWE,6,DW_SIWE,True,0.9783246
/content/drive/MyDrive/DeepWeeds/dataset/20171113-121025-1.jpg,6,DW_SIWE,6,DW_SIWE,True,0.99953806
/content/drive/MyDrive/DeepWeeds/dataset/20171113-121335-3.jpg,6,DW_SIWE,6,DW_SIWE,True,0.90782756
/content/drive/MyDrive/DeepWeeds/dataset/20171113-121456-1.jpg,6,DW_SIWE,6,DW_SIWE,True,0.95771974
/content/drive/MyDrive/DeepWeeds/dataset/20171113-121703-1.jpg,6,DW_SIWE,6,DW_SIWE,True,0.881695
/content/drive/MyDrive/DeepWeeds/dataset/20171113-121813-0.jpg,6,DW_SIWE,6,DW_SIWE,True,1.0
/content/drive/MyDrive/DeepWeeds/dataset/20171113-122227-3.jpg,6,DW_SIWE,6,DW_SIWE,True,0.99075514
/content/drive/MyDrive/DeepWeeds/dataset/20171113-122417-3.jpg,6,DW_SIWE,6,DW_SIWE,True,0.9972037
/content/drive/MyDrive/DeepWeeds/dataset/20171113-123027-3.jpg,6,DW_SIWE,6,DW_SIWE,True,0.84912586
/content/drive/MyDrive/DeepWeeds/dataset/20171113-123106-1.jpg,6,DW_SIWE,6,DW_SIWE,True,0.9999963
/content/drive/MyDrive/DeepWeeds/dataset/20171113-123302-1.jpg,6,DW_SIWE,6,DW_SIWE,True,0.99998176
/content/drive/MyDrive/DeepWeeds/dataset/20171113-123427-3.jpg,6,DW_SIWE,6,DW_SIWE,True,0.9999995
/content/drive/MyDrive/DeepWeeds/dataset/20171113-123524-3.jpg,6,DW_SIWE,6,DW_SIWE,True,0.99906677
/content/drive/MyDrive/DeepWeeds/dataset/20171113-123604-1.jpg,6,DW_SIWE,6,DW_SIWE,True,0.9999999
/content/drive/MyDrive/DeepWeeds/dataset/20171113-123718-3.jpg,6,DW_SIWE,6,DW_SIWE,True,0.99983764
/content/drive/MyDrive/DeepWeeds/dataset/20171113-123824-1.jpg,6,DW_SIWE,6,DW_SIWE,True,0.99957615
/content/drive/MyDrive/DeepWeeds/dataset/20171113-123943-3.jpg,6,DW_SIWE,6,DW_SIWE,True,0.9989563
/content/drive/MyDrive/DeepWeeds/dataset/20171113-124114-1.jpg,6,DW_SIWE,6,DW_SIWE,True,0.998814
/content/drive/MyDrive/DeepWeeds/dataset/20171113-124140-0.jpg,6,DW_SIWE,6,DW_SIWE,True,0.8983726
/content/drive/MyDrive/DeepWeeds/dataset/20171113-124246-3.jpg,6,DW_SIWE,6,DW_SIWE,True,0.9996841
/content/drive/MyDrive/DeepWeeds/dataset/20171113-124335-1.jpg,6,DW_SIWE,6,DW_SIWE,True,0.9999827
/content/drive/MyDrive/DeepWeeds/dataset/20171113-124540-3.jpg,6,DW_SIWE,8,DW_NEG,False,0.9490154
/content/drive/MyDrive/DeepWeeds/dataset/20171113-130049-2.jpg,6,DW_SIWE,6,DW_SIWE,True,0.7579445
/content/drive/MyDrive/DeepWeeds/dataset/20171113-130331-2.jpg,6,DW_SIWE,6,DW_SIWE,True,0.76169026
/content/drive/MyDrive/DeepWeeds/dataset/20171113-130402-2.jpg,6,DW_SIWE,6,DW_SIWE,True,0.9816181
/content/drive/MyDrive/DeepWeeds/dataset/20171113-130902-2.jpg,6,DW_SIWE,6,DW_SIWE,True,0.9915964
/content/drive/MyDrive/DeepWeeds/dataset/20171113-131014-2.jpg,6,DW_SIWE,6,DW_SIWE,True,0.9999863
/content/drive/MyDrive/DeepWeeds/dataset/20171113-131307-1.jpg,6,DW_SIWE,6,DW_SIWE,True,0.9998573
/content/drive/MyDrive/DeepWeeds/dataset/20171113-131307-2.jpg,6,DW_SIWE,6,DW_SIWE,True,0.9936706
/content/drive/MyDrive/DeepWeeds/dataset/20171113-131345-1.jpg,6,DW_SIWE,6,DW_SIWE,True,0.9999862
/content/drive/MyDrive/DeepWeeds/dataset/20171113-131411-1.jpg,6,DW_SIWE,6,DW_SIWE,True,0.99926525
/content/drive/MyDrive/DeepWeeds/dataset/20171113-131413-0.jpg,6,DW_SIWE,6,DW_SIWE,True,0.99995804
/content/drive/MyDrive/DeepWeeds/dataset/20171113-131609-1.jpg,6,DW_SIWE,6,DW_SIWE,True,0.9999988
/content/drive/MyDrive/DeepWeeds/dataset/20171113-131803-1.jpg,6,DW_SIWE,6,DW_SIWE,True,0.99707615
/content/drive/MyDrive/DeepWeeds/dataset/20171113-131833-3.jpg,6,DW_SIWE,7,DW_SNWE,False,0.5324166
/content/drive/MyDrive/DeepWeeds/dataset/20171113-131947-2.jpg,6,DW_SIWE,6,DW_SIWE,True,0.96669966
/content/drive/MyDrive/DeepWeeds/dataset/20171113-132028-3.jpg,6,DW_SIWE,6,DW_SIWE,True,0.8622086
/content/drive/MyDrive/DeepWeeds/dataset/20171113-132058-1.jpg,6,DW_SIWE,6,DW_SIWE,True,0.9981335
/content/drive/MyDrive/DeepWeeds/dataset/20171113-132208-1.jpg,6,DW_SIWE,6,DW_SIWE,True,0.9998363
/content/drive/MyDrive/DeepWeeds/dataset/20171113-132323-3.jpg,6,DW_SIWE,6,DW_SIWE,True,0.55354106
/content/drive/MyDrive/DeepWeeds/dataset/20171113-132342-3.jpg,6,DW_SIWE,6,DW_SIWE,True,0.99987817
/content/drive/MyDrive/DeepWeeds/dataset/20171113-132416-3.jpg,6,DW_SIWE,6,DW_SIWE,True,0.984423
/content/drive/MyDrive/DeepWeeds/dataset/20171113-132511-3.jpg,6,DW_SIWE,6,DW_SIWE,True,0.5189827
/content/drive/MyDrive/DeepWeeds/dataset/20171113-132644-1.jpg,6,DW_SIWE,6,DW_SIWE,True,0.9997458
/content/drive/MyDrive/DeepWeeds/dataset/20171113-132701-1.jpg,6,DW_SIWE,6,DW_SIWE,True,0.9994099
/content/drive/MyDrive/DeepWeeds/dataset/20171113-132837-1.jpg,6,DW_SIWE,6,DW_SIWE,True,1.0
/content/drive/MyDrive/DeepWeeds/dataset/20171113-132956-0.jpg,6,DW_SIWE,6,DW_SIWE,True,0.99756694
/content/drive/MyDrive/DeepWeeds/dataset/20171113-133044-3.jpg,6,DW_SIWE,6,DW_SIWE,True,0.9510076
/content/drive/MyDrive/DeepWeeds/dataset/20171113-133059-3.jpg,6,DW_SIWE,6,DW_SIWE,True,0.99970394
/content/drive/MyDrive/DeepWeeds/dataset/20171113-133241-3.jpg,6,DW_SIWE,6,DW_SIWE,True,0.80634123
/content/drive/MyDrive/DeepWeeds/dataset/20171113-133317-3.jpg,6,DW_SIWE,6,DW_SIWE,True,0.97453636
/content/drive/MyDrive/DeepWeeds/dataset/20171113-133536-1.jpg,6,DW_SIWE,6,DW_SIWE,True,0.99447554
/content/drive/MyDrive/DeepWeeds/dataset/20171113-133710-1.jpg,6,DW_SIWE,6,DW_SIWE,True,0.99142224
/content/drive/MyDrive/DeepWeeds/dataset/20171113-133808-1.jpg,6,DW_SIWE,6,DW_SIWE,True,0.4285187
/content/drive/MyDrive/DeepWeeds/dataset/20171113-133912-3.jpg,6,DW_SIWE,6,DW_SIWE,True,1.0
/content/drive/MyDrive/DeepWeeds/dataset/20171113-133946-1.jpg,6,DW_SIWE,6,DW_SIWE,True,0.9970552
/content/drive/MyDrive/DeepWeeds/dataset/20171113-134032-1.jpg,6,DW_SIWE,6,DW_SIWE,True,0.99886227
/content/drive/MyDrive/DeepWeeds/dataset/20171113-134220-1.jpg,6,DW_SIWE,6,DW_SIWE,True,0.9985171
/content/drive/MyDrive/DeepWeeds/dataset/20171113-134326-3.jpg,6,DW_SIWE,6,DW_SIWE,True,0.9999361
/content/drive/MyDrive/DeepWeeds/dataset/20171113-134550-1.jpg,6,DW_SIWE,6,DW_SIWE,True,0.99999917
/content/drive/MyDrive/DeepWeeds/dataset/20171113-134630-3.jpg,6,DW_SIWE,6,DW_SIWE,True,0.99579144
/content/drive/MyDrive/DeepWeeds/dataset/20171113-134706-3.jpg,6,DW_SIWE,8,DW_NEG,False,0.6853963
/content/drive/MyDrive/DeepWeeds/dataset/20171113-134828-1.jpg,6,DW_SIWE,6,DW_SIWE,True,0.9999913
/content/drive/MyDrive/DeepWeeds/dataset/20171113-134906-1.jpg,6,DW_SIWE,6,DW_SIWE,True,1.0
/content/drive/MyDrive/DeepWeeds/dataset/20171113-134913-3.jpg,6,DW_SIWE,6,DW_SIWE,True,0.6072106
/content/drive/MyDrive/DeepWeeds/dataset/20171113-134952-3.jpg,6,DW_SIWE,6,DW_SIWE,True,0.9999255
/content/drive/MyDrive/DeepWeeds/dataset/20171113-135139-3.jpg,6,DW_SIWE,6,DW_SIWE,True,0.9993851
/content/drive/MyDrive/DeepWeeds/dataset/20171113-135243-1.jpg,6,DW_SIWE,6,DW_SIWE,True,0.98868644
/content/drive/MyDrive/DeepWeeds/dataset/20171113-135359-3.jpg,6,DW_SIWE,6,DW_SIWE,True,0.9548632
/content/drive/MyDrive/DeepWeeds/dataset/20171113-135516-0.jpg,6,DW_SIWE,6,DW_SIWE,True,0.9997836
/content/drive/MyDrive/DeepWeeds/dataset/20171113-135935-1.jpg,6,DW_SIWE,6,DW_SIWE,True,0.9999821
/content/drive/MyDrive/DeepWeeds/dataset/20171113-140103-1.jpg,6,DW_SIWE,6,DW_SIWE,True,0.99997234
/content/drive/MyDrive/DeepWeeds/dataset/20171113-140203-1.jpg,6,DW_SIWE,6,DW_SIWE,True,0.9972785
/content/drive/MyDrive/DeepWeeds/dataset/20171113-140302-2.jpg,6,DW_SIWE,6,DW_SIWE,True,0.9999951
/content/drive/MyDrive/DeepWeeds/dataset/20171113-140544-2.jpg,6,DW_SIWE,6,DW_SIWE,True,0.9996202
/content/drive/MyDrive/DeepWeeds/dataset/20171113-140720-2.jpg,6,DW_SIWE,6,DW_SIWE,True,0.9999652
/content/drive/MyDrive/DeepWeeds/dataset/20171113-140845-2.jpg,6,DW_SIWE,6,DW_SIWE,True,1.0
/content/drive/MyDrive/DeepWeeds/dataset/20171113-141151-2.jpg,6,DW_SIWE,6,DW_SIWE,True,0.9986052
/content/drive/MyDrive/DeepWeeds/dataset/20171113-141253-2.jpg,6,DW_SIWE,6,DW_SIWE,True,0.6083384
/content/drive/MyDrive/DeepWeeds/dataset/20171113-141326-2.jpg,6,DW_SIWE,6,DW_SIWE,True,0.9996573
/content/drive/MyDrive/DeepWeeds/dataset/20171113-141550-2.jpg,6,DW_SIWE,6,DW_SIWE,True,0.99993
/content/drive/MyDrive/DeepWeeds/dataset/20171113-141752-2.jpg,6,DW_SIWE,6,DW_SIWE,True,0.8351536
/content/drive/MyDrive/DeepWeeds/dataset/20171113-142008-2.jpg,6,DW_SIWE,6,DW_SIWE,True,0.99190205
/content/drive/MyDrive/DeepWeeds/dataset/20171113-142238-2.jpg,6,DW_SIWE,6,DW_SIWE,True,0.9932886
/content/drive/MyDrive/DeepWeeds/dataset/20171113-142438-2.jpg,6,DW_SIWE,6,DW_SIWE,True,0.9998745
/content/drive/MyDrive/DeepWeeds/dataset/20171113-142645-0.jpg,6,DW_SIWE,6,DW_SIWE,True,0.9999925
/content/drive/MyDrive/DeepWeeds/dataset/20171113-142713-2.jpg,6,DW_SIWE,6,DW_SIWE,True,0.96732116
/content/drive/MyDrive/DeepWeeds/dataset/20171113-142823-0.jpg,6,DW_SIWE,6,DW_SIWE,True,0.9999821
/content/drive/MyDrive/DeepWeeds/dataset/20171113-142844-3.jpg,6,DW_SIWE,6,DW_SIWE,True,0.9993662
/content/drive/MyDrive/DeepWeeds/dataset/20171113-143038-3.jpg,6,DW_SIWE,6,DW_SIWE,True,0.99628
/content/drive/MyDrive/DeepWeeds/dataset/20171113-143204-3.jpg,6,DW_SIWE,6,DW_SIWE,True,0.98078215
/content/drive/MyDrive/DeepWeeds/dataset/20171113-143258-3.jpg,6,DW_SIWE,6,DW_SIWE,True,0.9999958
/content/drive/MyDrive/DeepWeeds/dataset/20171113-143259-0.jpg,6,DW_SIWE,6,DW_SIWE,True,0.9999919
/content/drive/MyDrive/DeepWeeds/dataset/20171113-143513-2.jpg,6,DW_SIWE,6,DW_SIWE,True,0.9999939
/content/drive/MyDrive/DeepWeeds/dataset/20171113-143805-2.jpg,6,DW_SIWE,6,DW_SIWE,True,0.99437404
/content/drive/MyDrive/DeepWeeds/dataset/20171113-143827-3.jpg,6,DW_SIWE,6,DW_SIWE,True,0.9999994
/content/drive/MyDrive/DeepWeeds/dataset/20171113-143958-2.jpg,6,DW_SIWE,6,DW_SIWE,True,0.9999461
/content/drive/MyDrive/DeepWeeds/dataset/20171113-144143-2.jpg,6,DW_SIWE,6,DW_SIWE,True,0.9999999
/content/drive/MyDrive/DeepWeeds/dataset/20171113-144239-3.jpg,6,DW_SIWE,6,DW_SIWE,True,0.9999999
/content/drive/MyDrive/DeepWeeds/dataset/20171113-144335-1.jpg,6,DW_SIWE,6,DW_SIWE,True,0.9998265
/content/drive/MyDrive/DeepWeeds/dataset/20171113-144441-2.jpg,6,DW_SIWE,6,DW_SIWE,True,0.9999933
/content/drive/MyDrive/DeepWeeds/dataset/20171113-144523-3.jpg,6,DW_SIWE,6,DW_SIWE,True,0.99929833
/content/drive/MyDrive/DeepWeeds/dataset/20171113-144652-3.jpg,6,DW_SIWE,6,DW_SIWE,True,0.96291476
/content/drive/MyDrive/DeepWeeds/dataset/20171113-144802-3.jpg,6,DW_SIWE,6,DW_SIWE,True,0.9457493
/content/drive/MyDrive/DeepWeeds/dataset/20171113-144900-1.jpg,6,DW_SIWE,6,DW_SIWE,True,0.9619374
/content/drive/MyDrive/DeepWeeds/dataset/20171113-145022-1.jpg,6,DW_SIWE,6,DW_SIWE,True,0.7289355
/content/drive/MyDrive/DeepWeeds/dataset/20171113-145105-1.jpg,6,DW_SIWE,6,DW_SIWE,True,0.99903226
/content/drive/MyDrive/DeepWeeds/dataset/20171113-145232-3.jpg,6,DW_SIWE,6,DW_SIWE,True,0.9899974
/content/drive/MyDrive/DeepWeeds/dataset/20171113-145322-0.jpg,6,DW_SIWE,6,DW_SIWE,True,0.99976665
/content/drive/MyDrive/DeepWeeds/dataset/20171113-145415-3.jpg,6,DW_SIWE,6,DW_SIWE,True,0.9951975
/content/drive/MyDrive/DeepWeeds/dataset/20171113-145512-1.jpg,6,DW_SIWE,6,DW_SIWE,True,0.9982591
/content/drive/MyDrive/DeepWeeds/dataset/20171113-145632-3.jpg,6,DW_SIWE,6,DW_SIWE,True,0.9977062
/content/drive/MyDrive/DeepWeeds/dataset/20171113-145759-3.jpg,6,DW_SIWE,6,DW_SIWE,True,0.9999993
/content/drive/MyDrive/DeepWeeds/dataset/20171113-145845-3.jpg,6,DW_SIWE,6,DW_SIWE,True,0.7477547
/content/drive/MyDrive/DeepWeeds/dataset/20171113-150055-1.jpg,6,DW_SIWE,6,DW_SIWE,True,0.9087782
/content/drive/MyDrive/DeepWeeds/dataset/20171113-150257-3.jpg,6,DW_SIWE,6,DW_SIWE,True,0.99831796
/content/drive/MyDrive/DeepWeeds/dataset/20171113-150406-3.jpg,6,DW_SIWE,6,DW_SIWE,True,0.9403311
/content/drive/MyDrive/DeepWeeds/dataset/20171113-150538-3.jpg,6,DW_SIWE,6,DW_SIWE,True,0.9695478
/content/drive/MyDrive/DeepWeeds/dataset/20171113-150713-1.jpg,6,DW_SIWE,6,DW_SIWE,True,0.78404254
/content/drive/MyDrive/DeepWeeds/dataset/20171113-151058-0.jpg,6,DW_SIWE,6,DW_SIWE,True,0.7981605
/content/drive/MyDrive/DeepWeeds/dataset/20171113-151653-1.jpg,6,DW_SIWE,6,DW_SIWE,True,0.7776272
/content/drive/MyDrive/DeepWeeds/dataset/20171113-151844-1.jpg,6,DW_SIWE,6,DW_SIWE,True,0.9999707
/content/drive/MyDrive/DeepWeeds/dataset/20171113-151947-1.jpg,6,DW_SIWE,6,DW_SIWE,True,0.99999964
/content/drive/MyDrive/DeepWeeds/dataset/20171113-152542-0.jpg,6,DW_SIWE,6,DW_SIWE,True,1.0
/content/drive/MyDrive/DeepWeeds/dataset/20171113-153310-0.jpg,6,DW_SIWE,6,DW_SIWE,True,0.95745564
/content/drive/MyDrive/DeepWeeds/dataset/20171113-154731-0.jpg,6,DW_SIWE,6,DW_SIWE,True,0.9919602
/content/drive/MyDrive/DeepWeeds/dataset/20171113-162351-0.jpg,6,DW_SIWE,6,DW_SIWE,True,0.99998844
/content/drive/MyDrive/DeepWeeds/dataset/20171113-163420-0.jpg,6,DW_SIWE,6,DW_SIWE,True,0.9986583
/content/drive/MyDrive/DeepWeeds/dataset/20171113-165713-0.jpg,6,DW_SIWE,6,DW_SIWE,True,0.9996593
/content/drive/MyDrive/DeepWeeds/dataset/20171113-165829-0.jpg,6,DW_SIWE,6,DW_SIWE,True,0.9999999
/content/drive/MyDrive/DeepWeeds/dataset/20171113-173515-0.jpg,6,DW_SIWE,6,DW_SIWE,True,0.99996746
/content/drive/MyDrive/DeepWeeds/dataset/20171121-071112-1.jpg,6,DW_SIWE,6,DW_SIWE,True,0.9923145
/content/drive/MyDrive/DeepWeeds/dataset/20171121-071808-1.jpg,6,DW_SIWE,6,DW_SIWE,True,0.99233025
/content/drive/MyDrive/DeepWeeds/dataset/20171121-071942-1.jpg,6,DW_SIWE,6,DW_SIWE,True,0.6681265
/content/drive/MyDrive/DeepWeeds/dataset/20171121-072215-1.jpg,6,DW_SIWE,1,DW_LANT,False,0.6973168
/content/drive/MyDrive/DeepWeeds/dataset/20171121-072546-1.jpg,6,DW_SIWE,6,DW_SIWE,True,0.9578372
/content/drive/MyDrive/DeepWeeds/dataset/20171121-072630-1.jpg,6,DW_SIWE,6,DW_SIWE,True,0.99929893
/content/drive/MyDrive/DeepWeeds/dataset/20171121-072742-1.jpg,6,DW_SIWE,6,DW_SIWE,True,0.9980469
/content/drive/MyDrive/DeepWeeds/dataset/20171121-072857-1.jpg,6,DW_SIWE,6,DW_SIWE,True,0.9995034
/content/drive/MyDrive/DeepWeeds/dataset/20171121-073120-1.jpg,6,DW_SIWE,6,DW_SIWE,True,0.81752187
/content/drive/MyDrive/DeepWeeds/dataset/20171121-073257-1.jpg,6,DW_SIWE,6,DW_SIWE,True,0.9970342
/content/drive/MyDrive/DeepWeeds/dataset/20171121-073316-1.jpg,6,DW_SIWE,6,DW_SIWE,True,0.9990484
/content/drive/MyDrive/DeepWeeds/dataset/20171121-073533-1.jpg,6,DW_SIWE,8,DW_NEG,False,0.99495524
/content/drive/MyDrive/DeepWeeds/dataset/20171121-073650-1.jpg,6,DW_SIWE,6,DW_SIWE,True,0.8938679
/content/drive/MyDrive/DeepWeeds/dataset/20171121-073829-1.jpg,6,DW_SIWE,6,DW_SIWE,True,0.80707467
/content/drive/MyDrive/DeepWeeds/dataset/20171121-074235-1.jpg,6,DW_SIWE,6,DW_SIWE,True,0.9591274
/content/drive/MyDrive/DeepWeeds/dataset/20171121-074642-1.jpg,6,DW_SIWE,6,DW_SIWE,True,0.96630883
/content/drive/MyDrive/DeepWeeds/dataset/20171121-074752-1.jpg,6,DW_SIWE,6,DW_SIWE,True,0.99999404
/content/drive/MyDrive/DeepWeeds/dataset/20171121-074902-1.jpg,6,DW_SIWE,6,DW_SIWE,True,0.99999857
/content/drive/MyDrive/DeepWeeds/dataset/20171121-075157-1.jpg,6,DW_SIWE,6,DW_SIWE,True,0.9999995
/content/drive/MyDrive/DeepWeeds/dataset/20171121-075342-1.jpg,6,DW_SIWE,6,DW_SIWE,True,0.9997632
/content/drive/MyDrive/DeepWeeds/dataset/20171121-081532-2.jpg,6,DW_SIWE,8,DW_NEG,False,0.7024595
/content/drive/MyDrive/DeepWeeds/dataset/20171121-081850-2.jpg,6,DW_SIWE,6,DW_SIWE,True,0.90142775
/content/drive/MyDrive/DeepWeeds/dataset/20171121-082047-1.jpg,6,DW_SIWE,6,DW_SIWE,True,0.9967361
/content/drive/MyDrive/DeepWeeds/dataset/20171121-082247-2.jpg,6,DW_SIWE,6,DW_SIWE,True,0.982415
/content/drive/MyDrive/DeepWeeds/dataset/20171121-082352-2.jpg,6,DW_SIWE,6,DW_SIWE,True,0.99995005
/content/drive/MyDrive/DeepWeeds/dataset/20171121-082641-2.jpg,6,DW_SIWE,6,DW_SIWE,True,0.8776248
/content/drive/MyDrive/DeepWeeds/dataset/20171121-082826-2.jpg,6,DW_SIWE,6,DW_SIWE,True,0.9999999
/content/drive/MyDrive/DeepWeeds/dataset/20171121-083203-1.jpg,6,DW_SIWE,6,DW_SIWE,True,0.9999788
/content/drive/MyDrive/DeepWeeds/dataset/20171121-083301-2.jpg,6,DW_SIWE,6,DW_SIWE,True,0.913807
/content/drive/MyDrive/DeepWeeds/dataset/20171121-083419-1.jpg,6,DW_SIWE,6,DW_SIWE,True,0.9804524
/content/drive/MyDrive/DeepWeeds/dataset/20171121-083544-1.jpg,6,DW_SIWE,6,DW_SIWE,True,0.99998486
/content/drive/MyDrive/DeepWeeds/dataset/20171121-083556-1.jpg,6,DW_SIWE,6,DW_SIWE,True,0.9998129
/content/drive/MyDrive/DeepWeeds/dataset/20171121-083724-1.jpg,6,DW_SIWE,6,DW_SIWE,True,0.99999094
/content/drive/MyDrive/DeepWeeds/dataset/20171121-083810-1.jpg,6,DW_SIWE,6,DW_SIWE,True,0.99992085
/content/drive/MyDrive/DeepWeeds/dataset/20171121-084234-2.jpg,6,DW_SIWE,8,DW_NEG,False,0.5355026
/content/drive/MyDrive/DeepWeeds/dataset/20171121-084355-1.jpg,6,DW_SIWE,6,DW_SIWE,True,0.9999995
/content/drive/MyDrive/DeepWeeds/dataset/20171121-084526-1.jpg,6,DW_SIWE,6,DW_SIWE,True,0.9952676
/content/drive/MyDrive/DeepWeeds/dataset/20171121-084655-1.jpg,6,DW_SIWE,6,DW_SIWE,True,0.9999696
/content/drive/MyDrive/DeepWeeds/dataset/20171121-084955-1.jpg,6,DW_SIWE,6,DW_SIWE,True,0.9884515
/content/drive/MyDrive/DeepWeeds/dataset/20171121-085233-1.jpg,6,DW_SIWE,6,DW_SIWE,True,0.9950559
/content/drive/MyDrive/DeepWeeds/dataset/20171121-085507-1.jpg,6,DW_SIWE,6,DW_SIWE,True,0.92379296
/content/drive/MyDrive/DeepWeeds/dataset/20171121-085834-1.jpg,6,DW_SIWE,6,DW_SIWE,True,0.9999676
/content/drive/MyDrive/DeepWeeds/dataset/20171121-085944-1.jpg,6,DW_SIWE,6,DW_SIWE,True,0.99993753
/content/drive/MyDrive/DeepWeeds/dataset/20171121-090211-3.jpg,6,DW_SIWE,6,DW_SIWE,True,0.9999933
/content/drive/MyDrive/DeepWeeds/dataset/20171121-090407-3.jpg,6,DW_SIWE,6,DW_SIWE,True,1.0
/content/drive/MyDrive/DeepWeeds/dataset/20171121-090439-3.jpg,6,DW_SIWE,6,DW_SIWE,True,0.9947686
/content/drive/MyDrive/DeepWeeds/dataset/20171121-090649-3.jpg,6,DW_SIWE,6,DW_SIWE,True,0.9999958
/content/drive/MyDrive/DeepWeeds/dataset/20171121-090746-1.jpg,6,DW_SIWE,6,DW_SIWE,True,0.99994624
/content/drive/MyDrive/DeepWeeds/dataset/20171121-090807-3.jpg,6,DW_SIWE,6,DW_SIWE,True,0.99993956
/content/drive/MyDrive/DeepWeeds/dataset/20171121-090858-1.jpg,6,DW_SIWE,6,DW_SIWE,True,0.9905008
/content/drive/MyDrive/DeepWeeds/dataset/20171121-090957-3.jpg,6,DW_SIWE,6,DW_SIWE,True,0.71412843
/content/drive/MyDrive/DeepWeeds/dataset/20171121-091025-3.jpg,6,DW_SIWE,6,DW_SIWE,True,0.9994708
/content/drive/MyDrive/DeepWeeds/dataset/20171121-091140-3.jpg,6,DW_SIWE,6,DW_SIWE,True,0.99999917
/content/drive/MyDrive/DeepWeeds/dataset/20171121-091252-1.jpg,6,DW_SIWE,6,DW_SIWE,True,0.99999166
/content/drive/MyDrive/DeepWeeds/dataset/20171121-091316-1.jpg,6,DW_SIWE,6,DW_SIWE,True,0.9999908
/content/drive/MyDrive/DeepWeeds/dataset/20171121-091631-1.jpg,6,DW_SIWE,6,DW_SIWE,True,0.98785365
/content/drive/MyDrive/DeepWeeds/dataset/20171121-101203-1.jpg,6,DW_SIWE,6,DW_SIWE,True,0.99074906
/content/drive/MyDrive/DeepWeeds/dataset/20171121-181049-2.jpg,6,DW_SIWE,6,DW_SIWE,True,0.9766569
/content/drive/MyDrive/DeepWeeds/dataset/20171121-181146-2.jpg,6,DW_SIWE,6,DW_SIWE,True,0.998855
/content/drive/MyDrive/DeepWeeds/dataset/20171122-095907-1.jpg,5,DW_RUBV,5,DW_RUBV,True,0.9999416
/content/drive/MyDrive/DeepWeeds/dataset/20171122-100204-1.jpg,5,DW_RUBV,5,DW_RUBV,True,0.9999993
/content/drive/MyDrive/DeepWeeds/dataset/20171122-100206-1.jpg,5,DW_RUBV,5,DW_RUBV,True,0.9971866
/content/drive/MyDrive/DeepWeeds/dataset/20171122-100508-1.jpg,5,DW_RUBV,5,DW_RUBV,True,0.9999927
/content/drive/MyDrive/DeepWeeds/dataset/20171122-100749-1.jpg,5,DW_RUBV,5,DW_RUBV,True,0.9999999
/content/drive/MyDrive/DeepWeeds/dataset/20171122-101120-1.jpg,5,DW_RUBV,5,DW_RUBV,True,0.99998105
/content/drive/MyDrive/DeepWeeds/dataset/20171122-101355-1.jpg,5,DW_RUBV,5,DW_RUBV,True,0.99997985
/content/drive/MyDrive/DeepWeeds/dataset/20171122-101532-1.jpg,5,DW_RUBV,5,DW_RUBV,True,0.999997
/content/drive/MyDrive/DeepWeeds/dataset/20171122-101845-1.jpg,5,DW_RUBV,5,DW_RUBV,True,0.99912626
/content/drive/MyDrive/DeepWeeds/dataset/20171122-102101-1.jpg,5,DW_RUBV,5,DW_RUBV,True,0.9999975
/content/drive/MyDrive/DeepWeeds/dataset/20171122-102213-1.jpg,5,DW_RUBV,5,DW_RUBV,True,0.9999994
/content/drive/MyDrive/DeepWeeds/dataset/20171122-102359-1.jpg,5,DW_RUBV,5,DW_RUBV,True,0.9999906
/content/drive/MyDrive/DeepWeeds/dataset/20171122-102714-1.jpg,5,DW_RUBV,5,DW_RUBV,True,0.999987
/content/drive/MyDrive/DeepWeeds/dataset/20171122-102820-1.jpg,5,DW_RUBV,5,DW_RUBV,True,0.999946
/content/drive/MyDrive/DeepWeeds/dataset/20171122-103329-1.jpg,5,DW_RUBV,5,DW_RUBV,True,0.9999589
/content/drive/MyDrive/DeepWeeds/dataset/20171122-103613-1.jpg,5,DW_RUBV,5,DW_RUBV,True,0.9999995
/content/drive/MyDrive/DeepWeeds/dataset/20171122-103825-1.jpg,5,DW_RUBV,5,DW_RUBV,True,0.99627554
/content/drive/MyDrive/DeepWeeds/dataset/20171122-104210-1.jpg,5,DW_RUBV,5,DW_RUBV,True,0.9999808
/content/drive/MyDrive/DeepWeeds/dataset/20171122-104347-1.jpg,5,DW_RUBV,5,DW_RUBV,True,0.99993277
/content/drive/MyDrive/DeepWeeds/dataset/20171201-115746-1.jpg,8,DW_NEG,8,DW_NEG,True,0.9994468
/content/drive/MyDrive/DeepWeeds/dataset/20171201-115935-1.jpg,8,DW_NEG,8,DW_NEG,True,0.999097
/content/drive/MyDrive/DeepWeeds/dataset/20171201-120010-1.jpg,8,DW_NEG,8,DW_NEG,True,0.99923205
/content/drive/MyDrive/DeepWeeds/dataset/20171201-120339-1.jpg,8,DW_NEG,8,DW_NEG,True,0.9319606
/content/drive/MyDrive/DeepWeeds/dataset/20171201-120751-1.jpg,8,DW_NEG,8,DW_NEG,True,0.42925784
/content/drive/MyDrive/DeepWeeds/dataset/20171201-123729-3.jpg,8,DW_NEG,8,DW_NEG,True,0.9940301
/content/drive/MyDrive/DeepWeeds/dataset/20171201-124003-3.jpg,8,DW_NEG,8,DW_NEG,True,0.9906371
/content/drive/MyDrive/DeepWeeds/dataset/20171203-082203-3.jpg,8,DW_NEG,8,DW_NEG,True,0.98067343
/content/drive/MyDrive/DeepWeeds/dataset/20171203-164319-3.jpg,8,DW_NEG,8,DW_NEG,True,0.99895215
/content/drive/MyDrive/DeepWeeds/dataset/20171203-164458-3.jpg,8,DW_NEG,8,DW_NEG,True,0.99920434
/content/drive/MyDrive/DeepWeeds/dataset/20171203-164629-3.jpg,8,DW_NEG,8,DW_NEG,True,0.7018888
/content/drive/MyDrive/DeepWeeds/dataset/20171203-164835-3.jpg,8,DW_NEG,8,DW_NEG,True,0.9728919
/content/drive/MyDrive/DeepWeeds/dataset/20171203-165027-3.jpg,8,DW_NEG,8,DW_NEG,True,0.5186584
/content/drive/MyDrive/DeepWeeds/dataset/20171203-165213-3.jpg,8,DW_NEG,8,DW_NEG,True,0.48733938
/content/drive/MyDrive/DeepWeeds/dataset/20171203-165314-3.jpg,8,DW_NEG,8,DW_NEG,True,0.97161555
/content/drive/MyDrive/DeepWeeds/dataset/20171203-165438-3.jpg,8,DW_NEG,8,DW_NEG,True,0.97839725
/content/drive/MyDrive/DeepWeeds/dataset/20171203-165600-3.jpg,8,DW_NEG,8,DW_NEG,True,0.8929479
/content/drive/MyDrive/DeepWeeds/dataset/20171203-165809-3.jpg,8,DW_NEG,8,DW_NEG,True,0.96852195
/content/drive/MyDrive/DeepWeeds/dataset/20171203-165835-3.jpg,8,DW_NEG,8,DW_NEG,True,0.9989961
/content/drive/MyDrive/DeepWeeds/dataset/20171203-165928-3.jpg,8,DW_NEG,8,DW_NEG,True,0.4023631
/content/drive/MyDrive/DeepWeeds/dataset/20171203-170121-3.jpg,8,DW_NEG,8,DW_NEG,True,0.92861444
/content/drive/MyDrive/DeepWeeds/dataset/20171203-170255-3.jpg,8,DW_NEG,8,DW_NEG,True,0.6634945
/content/drive/MyDrive/DeepWeeds/dataset/20171203-170431-3.jpg,8,DW_NEG,7,DW_SNWE,False,0.5162523
/content/drive/MyDrive/DeepWeeds/dataset/20171203-170504-3.jpg,8,DW_NEG,8,DW_NEG,True,0.85315335
/content/drive/MyDrive/DeepWeeds/dataset/20171203-170737-3.jpg,8,DW_NEG,8,DW_NEG,True,0.9261013
/content/drive/MyDrive/DeepWeeds/dataset/20171203-170822-3.jpg,8,DW_NEG,8,DW_NEG,True,0.99910694
/content/drive/MyDrive/DeepWeeds/dataset/20171203-171008-3.jpg,8,DW_NEG,8,DW_NEG,True,0.9849
/content/drive/MyDrive/DeepWeeds/dataset/20171203-172110-3.jpg,8,DW_NEG,1,DW_LANT,False,0.48967806
/content/drive/MyDrive/DeepWeeds/dataset/20171203-172149-3.jpg,8,DW_NEG,8,DW_NEG,True,0.988817
/content/drive/MyDrive/DeepWeeds/dataset/20171203-172251-3.jpg,8,DW_NEG,8,DW_NEG,True,0.88592446
/content/drive/MyDrive/DeepWeeds/dataset/20171203-172354-3.jpg,8,DW_NEG,6,DW_SIWE,False,0.77828926
/content/drive/MyDrive/DeepWeeds/dataset/20171203-172543-3.jpg,8,DW_NEG,8,DW_NEG,True,0.9386857
/content/drive/MyDrive/DeepWeeds/dataset/20171203-172649-3.jpg,8,DW_NEG,8,DW_NEG,True,0.8934729
/content/drive/MyDrive/DeepWeeds/dataset/20171203-172836-3.jpg,8,DW_NEG,8,DW_NEG,True,0.971485
/content/drive/MyDrive/DeepWeeds/dataset/20171203-173011-3.jpg,8,DW_NEG,8,DW_NEG,True,0.48924783
/content/drive/MyDrive/DeepWeeds/dataset/20171203-173053-3.jpg,8,DW_NEG,8,DW_NEG,True,0.98396045
/content/drive/MyDrive/DeepWeeds/dataset/20171203-173117-3.jpg,8,DW_NEG,1,DW_LANT,False,0.5345999
/content/drive/MyDrive/DeepWeeds/dataset/20171203-173340-3.jpg,8,DW_NEG,8,DW_NEG,True,0.7898014
/content/drive/MyDrive/DeepWeeds/dataset/20171203-173632-3.jpg,8,DW_NEG,8,DW_NEG,True,0.88099325
/content/drive/MyDrive/DeepWeeds/dataset/20171203-173711-3.jpg,8,DW_NEG,8,DW_NEG,True,0.9629822
/content/drive/MyDrive/DeepWeeds/dataset/20171203-173829-3.jpg,8,DW_NEG,8,DW_NEG,True,0.8989378
/content/drive/MyDrive/DeepWeeds/dataset/20171203-173928-3.jpg,8,DW_NEG,8,DW_NEG,True,0.82781535
/content/drive/MyDrive/DeepWeeds/dataset/20171203-174204-3.jpg,8,DW_NEG,1,DW_LANT,False,0.52466035
/content/drive/MyDrive/DeepWeeds/dataset/20171203-174248-3.jpg,8,DW_NEG,8,DW_NEG,True,0.85140526
/content/drive/MyDrive/DeepWeeds/dataset/20171203-174510-3.jpg,8,DW_NEG,8,DW_NEG,True,0.89966196
/content/drive/MyDrive/DeepWeeds/dataset/20171203-174638-3.jpg,8,DW_NEG,8,DW_NEG,True,0.995368
/content/drive/MyDrive/DeepWeeds/dataset/20171203-174853-3.jpg,8,DW_NEG,0,DW_CHAP,False,0.5982837
/content/drive/MyDrive/DeepWeeds/dataset/20171205-123527-2.jpg,8,DW_NEG,5,DW_RUBV,False,0.99874806
/content/drive/MyDrive/DeepWeeds/dataset/20171205-123635-2.jpg,8,DW_NEG,8,DW_NEG,True,0.94189507
/content/drive/MyDrive/DeepWeeds/dataset/20171205-123747-2.jpg,8,DW_NEG,8,DW_NEG,True,0.9429658
/content/drive/MyDrive/DeepWeeds/dataset/20171205-123751-2.jpg,8,DW_NEG,8,DW_NEG,True,0.99992263
/content/drive/MyDrive/DeepWeeds/dataset/20171205-123836-2.jpg,8,DW_NEG,8,DW_NEG,True,0.6935481
/content/drive/MyDrive/DeepWeeds/dataset/20171205-123919-2.jpg,8,DW_NEG,8,DW_NEG,True,0.9998869
/content/drive/MyDrive/DeepWeeds/dataset/20171205-124008-2.jpg,8,DW_NEG,8,DW_NEG,True,0.9969292
/content/drive/MyDrive/DeepWeeds/dataset/20171205-124103-2.jpg,8,DW_NEG,8,DW_NEG,True,0.58601636
/content/drive/MyDrive/DeepWeeds/dataset/20171205-124157-2.jpg,8,DW_NEG,8,DW_NEG,True,0.9062768
/content/drive/MyDrive/DeepWeeds/dataset/20171205-124252-2.jpg,8,DW_NEG,8,DW_NEG,True,0.99984574
/content/drive/MyDrive/DeepWeeds/dataset/20171205-124423-2.jpg,8,DW_NEG,8,DW_NEG,True,0.99709284
/content/drive/MyDrive/DeepWeeds/dataset/20171205-124606-2.jpg,8,DW_NEG,5,DW_RUBV,False,0.7456669
/content/drive/MyDrive/DeepWeeds/dataset/20171205-124928-2.jpg,8,DW_NEG,8,DW_NEG,True,0.90397835
/content/drive/MyDrive/DeepWeeds/dataset/20171205-133742-2.jpg,8,DW_NEG,8,DW_NEG,True,0.87288654
/content/drive/MyDrive/DeepWeeds/dataset/20171205-133817-2.jpg,8,DW_NEG,8,DW_NEG,True,0.97674006
/content/drive/MyDrive/DeepWeeds/dataset/20171205-133922-2.jpg,8,DW_NEG,8,DW_NEG,True,0.9936271
/content/drive/MyDrive/DeepWeeds/dataset/20171205-134137-2.jpg,8,DW_NEG,8,DW_NEG,True,0.98447925
/content/drive/MyDrive/DeepWeeds/dataset/20171205-134332-2.jpg,8,DW_NEG,8,DW_NEG,True,0.99824524
/content/drive/MyDrive/DeepWeeds/dataset/20171205-134545-2.jpg,8,DW_NEG,8,DW_NEG,True,0.9063158
/content/drive/MyDrive/DeepWeeds/dataset/20171205-134654-2.jpg,8,DW_NEG,8,DW_NEG,True,0.9558996
/content/drive/MyDrive/DeepWeeds/dataset/20171205-134842-2.jpg,8,DW_NEG,8,DW_NEG,True,0.9833243
/content/drive/MyDrive/DeepWeeds/dataset/20171205-140835-2.jpg,8,DW_NEG,8,DW_NEG,True,0.97301
/content/drive/MyDrive/DeepWeeds/dataset/20171205-141022-2.jpg,8,DW_NEG,8,DW_NEG,True,0.99967754
/content/drive/MyDrive/DeepWeeds/dataset/20171205-141130-2.jpg,8,DW_NEG,8,DW_NEG,True,0.9995191
/content/drive/MyDrive/DeepWeeds/dataset/20171205-141403-2.jpg,8,DW_NEG,8,DW_NEG,True,0.9954248
/content/drive/MyDrive/DeepWeeds/dataset/20171205-141517-2.jpg,8,DW_NEG,8,DW_NEG,True,0.99310267
/content/drive/MyDrive/DeepWeeds/dataset/20171205-141533-2.jpg,8,DW_NEG,8,DW_NEG,True,0.9996013
/content/drive/MyDrive/DeepWeeds/dataset/20171205-143012-2.jpg,8,DW_NEG,8,DW_NEG,True,0.99978334
/content/drive/MyDrive/DeepWeeds/dataset/20171205-143250-2.jpg,8,DW_NEG,8,DW_NEG,True,0.9843477
/content/drive/MyDrive/DeepWeeds/dataset/20171205-143421-2.jpg,8,DW_NEG,8,DW_NEG,True,0.9892291
/content/drive/MyDrive/DeepWeeds/dataset/20171205-143923-2.jpg,8,DW_NEG,8,DW_NEG,True,0.9982657
/content/drive/MyDrive/DeepWeeds/dataset/20171205-144102-2.jpg,8,DW_NEG,8,DW_NEG,True,0.9986572
/content/drive/MyDrive/DeepWeeds/dataset/20171205-144227-2.jpg,8,DW_NEG,8,DW_NEG,True,0.9432956
/content/drive/MyDrive/DeepWeeds/dataset/20171205-144456-2.jpg,8,DW_NEG,8,DW_NEG,True,0.98745894
/content/drive/MyDrive/DeepWeeds/dataset/20171205-144625-2.jpg,8,DW_NEG,5,DW_RUBV,False,0.95889324
/content/drive/MyDrive/DeepWeeds/dataset/20171205-144809-2.jpg,8,DW_NEG,5,DW_RUBV,False,0.46907422
/content/drive/MyDrive/DeepWeeds/dataset/20171205-144841-2.jpg,8,DW_NEG,8,DW_NEG,True,0.9807066
/content/drive/MyDrive/DeepWeeds/dataset/20171205-144945-2.jpg,8,DW_NEG,3,DW_PART,False,0.5925156
/content/drive/MyDrive/DeepWeeds/dataset/20171205-145149-2.jpg,8,DW_NEG,8,DW_NEG,True,0.9977417
/content/drive/MyDrive/DeepWeeds/dataset/20171212-092953-3.jpg,8,DW_NEG,8,DW_NEG,True,0.99996936
/content/drive/MyDrive/DeepWeeds/dataset/20171212-093108-3.jpg,8,DW_NEG,8,DW_NEG,True,0.99967206
/content/drive/MyDrive/DeepWeeds/dataset/20171212-093146-3.jpg,8,DW_NEG,8,DW_NEG,True,0.9986218
/content/drive/MyDrive/DeepWeeds/dataset/20171212-093349-3.jpg,8,DW_NEG,8,DW_NEG,True,0.9983689
/content/drive/MyDrive/DeepWeeds/dataset/20171212-093458-3.jpg,8,DW_NEG,8,DW_NEG,True,0.9959312
/content/drive/MyDrive/DeepWeeds/dataset/20171212-093551-1.jpg,8,DW_NEG,8,DW_NEG,True,0.99672025
/content/drive/MyDrive/DeepWeeds/dataset/20171212-093603-1.jpg,8,DW_NEG,8,DW_NEG,True,0.99967
/content/drive/MyDrive/DeepWeeds/dataset/20171212-093708-1.jpg,8,DW_NEG,8,DW_NEG,True,0.9971616
/content/drive/MyDrive/DeepWeeds/dataset/20171212-093813-3.jpg,8,DW_NEG,8,DW_NEG,True,0.96505415
/content/drive/MyDrive/DeepWeeds/dataset/20171212-093840-1.jpg,8,DW_NEG,8,DW_NEG,True,0.89148694
/content/drive/MyDrive/DeepWeeds/dataset/20171212-093915-1.jpg,8,DW_NEG,8,DW_NEG,True,0.9994467
/content/drive/MyDrive/DeepWeeds/dataset/20171212-093958-1.jpg,8,DW_NEG,8,DW_NEG,True,0.99979895
/content/drive/MyDrive/DeepWeeds/dataset/20171212-094053-3.jpg,8,DW_NEG,8,DW_NEG,True,0.8714404
/content/drive/MyDrive/DeepWeeds/dataset/20171212-094134-1.jpg,8,DW_NEG,8,DW_NEG,True,0.9970456
/content/drive/MyDrive/DeepWeeds/dataset/20171212-094211-3.jpg,8,DW_NEG,8,DW_NEG,True,0.99965405
/content/drive/MyDrive/DeepWeeds/dataset/20171212-094211-1.jpg,8,DW_NEG,8,DW_NEG,True,0.9999975
/content/drive/MyDrive/DeepWeeds/dataset/20171212-094323-1.jpg,8,DW_NEG,8,DW_NEG,True,0.99998736
/content/drive/MyDrive/DeepWeeds/dataset/20171212-094411-3.jpg,8,DW_NEG,8,DW_NEG,True,0.99995697
/content/drive/MyDrive/DeepWeeds/dataset/20171212-094459-1.jpg,8,DW_NEG,8,DW_NEG,True,0.9908943
/content/drive/MyDrive/DeepWeeds/dataset/20171212-094519-3.jpg,8,DW_NEG,8,DW_NEG,True,0.9999976
/content/drive/MyDrive/DeepWeeds/dataset/20171212-094548-1.jpg,8,DW_NEG,8,DW_NEG,True,0.9991239
/content/drive/MyDrive/DeepWeeds/dataset/20171212-094724-1.jpg,8,DW_NEG,8,DW_NEG,True,0.99743
/content/drive/MyDrive/DeepWeeds/dataset/20171212-094748-3.jpg,8,DW_NEG,8,DW_NEG,True,0.9828431
/content/drive/MyDrive/DeepWeeds/dataset/20171212-094838-1.jpg,8,DW_NEG,8,DW_NEG,True,0.9999474
/content/drive/MyDrive/DeepWeeds/dataset/20171212-094918-1.jpg,8,DW_NEG,8,DW_NEG,True,0.9999994
/content/drive/MyDrive/DeepWeeds/dataset/20171212-094942-1.jpg,8,DW_NEG,8,DW_NEG,True,0.999772
/content/drive/MyDrive/DeepWeeds/dataset/20171212-095045-1.jpg,8,DW_NEG,8,DW_NEG,True,0.99999845
/content/drive/MyDrive/DeepWeeds/dataset/20171212-095130-1.jpg,8,DW_NEG,8,DW_NEG,True,0.9972696
/content/drive/MyDrive/DeepWeeds/dataset/20171212-095234-3.jpg,8,DW_NEG,8,DW_NEG,True,0.9994307
/content/drive/MyDrive/DeepWeeds/dataset/20171212-095237-1.jpg,8,DW_NEG,8,DW_NEG,True,0.99990666
/content/drive/MyDrive/DeepWeeds/dataset/20171212-095324-3.jpg,8,DW_NEG,8,DW_NEG,True,0.999894
/content/drive/MyDrive/DeepWeeds/dataset/20171212-095358-1.jpg,8,DW_NEG,8,DW_NEG,True,0.9988931
/content/drive/MyDrive/DeepWeeds/dataset/20171212-095453-1.jpg,8,DW_NEG,8,DW_NEG,True,0.9999753
/content/drive/MyDrive/DeepWeeds/dataset/20171212-095538-3.jpg,8,DW_NEG,8,DW_NEG,True,0.9991105
/content/drive/MyDrive/DeepWeeds/dataset/20171212-095603-3.jpg,8,DW_NEG,8,DW_NEG,True,0.99950695
/content/drive/MyDrive/DeepWeeds/dataset/20171212-095709-3.jpg,8,DW_NEG,8,DW_NEG,True,0.9999989
/content/drive/MyDrive/DeepWeeds/dataset/20171212-095727-1.jpg,8,DW_NEG,8,DW_NEG,True,0.9999746
/content/drive/MyDrive/DeepWeeds/dataset/20171212-095831-1.jpg,8,DW_NEG,8,DW_NEG,True,0.69340336
/content/drive/MyDrive/DeepWeeds/dataset/20171212-095907-3.jpg,8,DW_NEG,8,DW_NEG,True,0.8805268
/content/drive/MyDrive/DeepWeeds/dataset/20171212-095946-1.jpg,8,DW_NEG,8,DW_NEG,True,0.99999833
/content/drive/MyDrive/DeepWeeds/dataset/20171212-100026-3.jpg,8,DW_NEG,8,DW_NEG,True,0.9993486
/content/drive/MyDrive/DeepWeeds/dataset/20171212-100115-1.jpg,8,DW_NEG,8,DW_NEG,True,0.99923694
/content/drive/MyDrive/DeepWeeds/dataset/20171212-100159-1.jpg,8,DW_NEG,8,DW_NEG,True,0.9861356
/content/drive/MyDrive/DeepWeeds/dataset/20171212-100257-1.jpg,8,DW_NEG,8,DW_NEG,True,0.9977068
/content/drive/MyDrive/DeepWeeds/dataset/20171212-100302-3.jpg,8,DW_NEG,8,DW_NEG,True,0.99938107
/content/drive/MyDrive/DeepWeeds/dataset/20171212-100412-1.jpg,8,DW_NEG,8,DW_NEG,True,0.9988422
/content/drive/MyDrive/DeepWeeds/dataset/20171212-100503-1.jpg,8,DW_NEG,8,DW_NEG,True,0.99990964
/content/drive/MyDrive/DeepWeeds/dataset/20171212-100531-3.jpg,8,DW_NEG,8,DW_NEG,True,0.99996746
/content/drive/MyDrive/DeepWeeds/dataset/20171212-100627-1.jpg,8,DW_NEG,8,DW_NEG,True,0.9999052
/content/drive/MyDrive/DeepWeeds/dataset/20171212-100721-1.jpg,8,DW_NEG,8,DW_NEG,True,0.99954104
/content/drive/MyDrive/DeepWeeds/dataset/20171212-100816-1.jpg,8,DW_NEG,8,DW_NEG,True,0.8544865
/content/drive/MyDrive/DeepWeeds/dataset/20171212-101651-3.jpg,8,DW_NEG,7,DW_SNWE,False,0.5501622
/content/drive/MyDrive/DeepWeeds/dataset/20171212-101707-3.jpg,8,DW_NEG,8,DW_NEG,True,0.987068
/content/drive/MyDrive/DeepWeeds/dataset/20171212-101854-3.jpg,8,DW_NEG,8,DW_NEG,True,0.66443956
/content/drive/MyDrive/DeepWeeds/dataset/20171212-102128-3.jpg,8,DW_NEG,8,DW_NEG,True,0.8439778
/content/drive/MyDrive/DeepWeeds/dataset/20171212-102147-3.jpg,8,DW_NEG,8,DW_NEG,True,0.99853456
/content/drive/MyDrive/DeepWeeds/dataset/20171212-102223-3.jpg,8,DW_NEG,8,DW_NEG,True,0.9978466
/content/drive/MyDrive/DeepWeeds/dataset/20171212-102409-3.jpg,8,DW_NEG,8,DW_NEG,True,0.9617926
/content/drive/MyDrive/DeepWeeds/dataset/20171212-102455-3.jpg,8,DW_NEG,8,DW_NEG,True,0.785239
/content/drive/MyDrive/DeepWeeds/dataset/20171212-102739-3.jpg,8,DW_NEG,8,DW_NEG,True,0.99625397
/content/drive/MyDrive/DeepWeeds/dataset/20171212-102858-3.jpg,8,DW_NEG,8,DW_NEG,True,0.91511405
/content/drive/MyDrive/DeepWeeds/dataset/20171212-103115-3.jpg,8,DW_NEG,8,DW_NEG,True,0.5542474
/content/drive/MyDrive/DeepWeeds/dataset/20171212-103305-3.jpg,8,DW_NEG,8,DW_NEG,True,0.5987225
/content/drive/MyDrive/DeepWeeds/dataset/20171212-103320-3.jpg,8,DW_NEG,8,DW_NEG,True,0.8983563
/content/drive/MyDrive/DeepWeeds/dataset/20171212-103529-3.jpg,8,DW_NEG,6,DW_SIWE,False,0.59552
/content/drive/MyDrive/DeepWeeds/dataset/20171212-103650-3.jpg,8,DW_NEG,8,DW_NEG,True,0.46754113
/content/drive/MyDrive/DeepWeeds/dataset/20171212-103826-3.jpg,8,DW_NEG,8,DW_NEG,True,0.7684909
/content/drive/MyDrive/DeepWeeds/dataset/20171212-104215-3.jpg,8,DW_NEG,8,DW_NEG,True,0.95784956
/content/drive/MyDrive/DeepWeeds/dataset/20171212-104232-3.jpg,8,DW_NEG,8,DW_NEG,True,0.9899771
/content/drive/MyDrive/DeepWeeds/dataset/20171212-104428-3.jpg,8,DW_NEG,8,DW_NEG,True,0.9096734
/content/drive/MyDrive/DeepWeeds/dataset/20171212-104643-3.jpg,8,DW_NEG,8,DW_NEG,True,0.9939737
/content/drive/MyDrive/DeepWeeds/dataset/20171212-104904-3.jpg,8,DW_NEG,8,DW_NEG,True,0.99876475
/content/drive/MyDrive/DeepWeeds/dataset/20171212-105025-3.jpg,8,DW_NEG,8,DW_NEG,True,0.9844742
/content/drive/MyDrive/DeepWeeds/dataset/20171212-105237-3.jpg,8,DW_NEG,0,DW_CHAP,False,0.56554985
/content/drive/MyDrive/DeepWeeds/dataset/20171212-105342-3.jpg,8,DW_NEG,8,DW_NEG,True,0.9584748
/content/drive/MyDrive/DeepWeeds/dataset/20171212-105533-3.jpg,8,DW_NEG,4,DW_PRAC,False,0.64524025
/content/drive/MyDrive/DeepWeeds/dataset/20171212-105638-3.jpg,8,DW_NEG,1,DW_LANT,False,0.76094365
/content/drive/MyDrive/DeepWeeds/dataset/20171212-105742-3.jpg,8,DW_NEG,8,DW_NEG,True,0.95025945
/content/drive/MyDrive/DeepWeeds/dataset/20171212-110000-3.jpg,8,DW_NEG,8,DW_NEG,True,0.4593968
/content/drive/MyDrive/DeepWeeds/dataset/20171217-100824-2.jpg,8,DW_NEG,8,DW_NEG,True,0.81688887
/content/drive/MyDrive/DeepWeeds/dataset/20171217-103334-2.jpg,8,DW_NEG,5,DW_RUBV,False,0.49245462
/content/drive/MyDrive/DeepWeeds/dataset/20171217-103510-2.jpg,8,DW_NEG,8,DW_NEG,True,0.84197897
/content/drive/MyDrive/DeepWeeds/dataset/20171217-103630-2.jpg,8,DW_NEG,8,DW_NEG,True,0.8275278
/content/drive/MyDrive/DeepWeeds/dataset/20171217-183451-2.jpg,8,DW_NEG,5,DW_RUBV,False,0.5633975
/content/drive/MyDrive/DeepWeeds/dataset/20171217-183516-2.jpg,8,DW_NEG,5,DW_RUBV,False,0.55850285
/content/drive/MyDrive/DeepWeeds/dataset/20171217-183635-2.jpg,8,DW_NEG,1,DW_LANT,False,0.83600026
/content/drive/MyDrive/DeepWeeds/dataset/20171217-183807-2.jpg,8,DW_NEG,8,DW_NEG,True,0.38363236
/content/drive/MyDrive/DeepWeeds/dataset/20171217-183825-2.jpg,8,DW_NEG,8,DW_NEG,True,0.9105666
/content/drive/MyDrive/DeepWeeds/dataset/20171217-184005-2.jpg,8,DW_NEG,5,DW_RUBV,False,0.6555433
/content/drive/MyDrive/DeepWeeds/dataset/20171217-184024-2.jpg,8,DW_NEG,7,DW_SNWE,False,0.30830446
/content/drive/MyDrive/DeepWeeds/dataset/20171217-184033-2.jpg,8,DW_NEG,7,DW_SNWE,False,0.45910546
/content/drive/MyDrive/DeepWeeds/dataset/20171217-184108-2.jpg,8,DW_NEG,8,DW_NEG,True,0.96906686
/content/drive/MyDrive/DeepWeeds/dataset/20171217-184402-2.jpg,8,DW_NEG,8,DW_NEG,True,0.9688034
/content/drive/MyDrive/DeepWeeds/dataset/20171217-184452-2.jpg,8,DW_NEG,8,DW_NEG,True,0.4538508
/content/drive/MyDrive/DeepWeeds/dataset/20171217-184706-2.jpg,8,DW_NEG,5,DW_RUBV,False,0.35417518
/content/drive/MyDrive/DeepWeeds/dataset/20171217-184806-2.jpg,8,DW_NEG,8,DW_NEG,True,0.6109712
/content/drive/MyDrive/DeepWeeds/dataset/20171218-102859-2.jpg,8,DW_NEG,8,DW_NEG,True,0.80342895
/content/drive/MyDrive/DeepWeeds/dataset/20171218-103016-2.jpg,8,DW_NEG,8,DW_NEG,True,0.9988483
/content/drive/MyDrive/DeepWeeds/dataset/20171218-103116-2.jpg,8,DW_NEG,1,DW_LANT,False,0.5916788
/content/drive/MyDrive/DeepWeeds/dataset/20171218-103217-3.jpg,8,DW_NEG,8,DW_NEG,True,0.9995559
/content/drive/MyDrive/DeepWeeds/dataset/20171218-103326-3.jpg,8,DW_NEG,8,DW_NEG,True,0.9992442
/content/drive/MyDrive/DeepWeeds/dataset/20171218-103536-2.jpg,8,DW_NEG,7,DW_SNWE,False,0.9610899
/content/drive/MyDrive/DeepWeeds/dataset/20171218-103643-2.jpg,8,DW_NEG,8,DW_NEG,True,0.99153566
/content/drive/MyDrive/DeepWeeds/dataset/20171218-103818-2.jpg,8,DW_NEG,8,DW_NEG,True,0.94225216
/content/drive/MyDrive/DeepWeeds/dataset/20171218-103854-2.jpg,8,DW_NEG,8,DW_NEG,True,0.9917824
/content/drive/MyDrive/DeepWeeds/dataset/20171218-104001-3.jpg,8,DW_NEG,8,DW_NEG,True,0.9946479
/content/drive/MyDrive/DeepWeeds/dataset/20171218-104106-3.jpg,8,DW_NEG,8,DW_NEG,True,0.9775769
/content/drive/MyDrive/DeepWeeds/dataset/20171218-104211-2.jpg,8,DW_NEG,8,DW_NEG,True,0.9725931
/content/drive/MyDrive/DeepWeeds/dataset/20171218-104233-3.jpg,8,DW_NEG,8,DW_NEG,True,0.9899103
/content/drive/MyDrive/DeepWeeds/dataset/20171218-104344-3.jpg,8,DW_NEG,8,DW_NEG,True,0.62069625
/content/drive/MyDrive/DeepWeeds/dataset/20171218-104447-3.jpg,8,DW_NEG,8,DW_NEG,True,0.97697806
/content/drive/MyDrive/DeepWeeds/dataset/20171218-104702-3.jpg,8,DW_NEG,8,DW_NEG,True,0.9753519
/content/drive/MyDrive/DeepWeeds/dataset/20171218-104826-3.jpg,8,DW_NEG,8,DW_NEG,True,0.9999826
/content/drive/MyDrive/DeepWeeds/dataset/20171218-105016-3.jpg,8,DW_NEG,8,DW_NEG,True,0.99475217
/content/drive/MyDrive/DeepWeeds/dataset/20171218-105052-2.jpg,8,DW_NEG,8,DW_NEG,True,0.89610064
/content/drive/MyDrive/DeepWeeds/dataset/20171218-105153-3.jpg,8,DW_NEG,8,DW_NEG,True,0.782068
/content/drive/MyDrive/DeepWeeds/dataset/20171218-105224-3.jpg,8,DW_NEG,8,DW_NEG,True,0.99996185
/content/drive/MyDrive/DeepWeeds/dataset/20171218-105335-3.jpg,8,DW_NEG,8,DW_NEG,True,0.99572647
/content/drive/MyDrive/DeepWeeds/dataset/20171218-105531-3.jpg,8,DW_NEG,8,DW_NEG,True,0.9962632
/content/drive/MyDrive/DeepWeeds/dataset/20171218-105733-3.jpg,8,DW_NEG,8,DW_NEG,True,0.99607795
/content/drive/MyDrive/DeepWeeds/dataset/20171218-105835-3.jpg,8,DW_NEG,8,DW_NEG,True,0.99707484
/content/drive/MyDrive/DeepWeeds/dataset/20171218-110038-3.jpg,8,DW_NEG,8,DW_NEG,True,0.9167689
/content/drive/MyDrive/DeepWeeds/dataset/20171218-110228-3.jpg,8,DW_NEG,8,DW_NEG,True,0.9175542
/content/drive/MyDrive/DeepWeeds/dataset/20171218-110357-2.jpg,8,DW_NEG,8,DW_NEG,True,0.99624676
/content/drive/MyDrive/DeepWeeds/dataset/20171218-110416-2.jpg,8,DW_NEG,8,DW_NEG,True,0.99917597
/content/drive/MyDrive/DeepWeeds/dataset/20171218-110447-3.jpg,8,DW_NEG,8,DW_NEG,True,0.9999515
/content/drive/MyDrive/DeepWeeds/dataset/20171218-110513-2.jpg,8,DW_NEG,8,DW_NEG,True,0.99725014
/content/drive/MyDrive/DeepWeeds/dataset/20171218-110555-3.jpg,8,DW_NEG,8,DW_NEG,True,0.99998355
/content/drive/MyDrive/DeepWeeds/dataset/20171218-110710-3.jpg,8,DW_NEG,8,DW_NEG,True,0.9628976
/content/drive/MyDrive/DeepWeeds/dataset/20171218-110743-3.jpg,8,DW_NEG,8,DW_NEG,True,0.9961027
/content/drive/MyDrive/DeepWeeds/dataset/20171218-110810-3.jpg,8,DW_NEG,8,DW_NEG,True,0.99442697
/content/drive/MyDrive/DeepWeeds/dataset/20171218-110851-2.jpg,8,DW_NEG,7,DW_SNWE,False,0.77661455
/content/drive/MyDrive/DeepWeeds/dataset/20171218-110920-3.jpg,8,DW_NEG,8,DW_NEG,True,0.9615643
/content/drive/MyDrive/DeepWeeds/dataset/20171218-111034-2.jpg,8,DW_NEG,8,DW_NEG,True,0.9605467
/content/drive/MyDrive/DeepWeeds/dataset/20171218-111057-2.jpg,8,DW_NEG,8,DW_NEG,True,0.9935654
/content/drive/MyDrive/DeepWeeds/dataset/20171218-111211-3.jpg,8,DW_NEG,8,DW_NEG,True,0.99962664
/content/drive/MyDrive/DeepWeeds/dataset/20171218-111306-3.jpg,8,DW_NEG,8,DW_NEG,True,0.99877244
/content/drive/MyDrive/DeepWeeds/dataset/20171218-111334-2.jpg,8,DW_NEG,8,DW_NEG,True,0.9957684
/content/drive/MyDrive/DeepWeeds/dataset/20171218-111345-2.jpg,8,DW_NEG,8,DW_NEG,True,0.9982053
/content/drive/MyDrive/DeepWeeds/dataset/20171218-111539-2.jpg,8,DW_NEG,8,DW_NEG,True,0.99068516
/content/drive/MyDrive/DeepWeeds/dataset/20171218-111642-2.jpg,8,DW_NEG,8,DW_NEG,True,0.96139425
/content/drive/MyDrive/DeepWeeds/dataset/20171218-111744-3.jpg,8,DW_NEG,8,DW_NEG,True,0.99975294
/content/drive/MyDrive/DeepWeeds/dataset/20171218-111935-3.jpg,8,DW_NEG,8,DW_NEG,True,0.9999622
/content/drive/MyDrive/DeepWeeds/dataset/20171218-112121-3.jpg,8,DW_NEG,8,DW_NEG,True,0.999696
/content/drive/MyDrive/DeepWeeds/dataset/20171218-112441-3.jpg,8,DW_NEG,8,DW_NEG,True,0.99831295
/content/drive/MyDrive/DeepWeeds/dataset/20171218-112523-3.jpg,8,DW_NEG,8,DW_NEG,True,0.99998677
/content/drive/MyDrive/DeepWeeds/dataset/20171218-112810-3.jpg,8,DW_NEG,8,DW_NEG,True,0.9992537
/content/drive/MyDrive/DeepWeeds/dataset/20171218-112910-3.jpg,8,DW_NEG,8,DW_NEG,True,0.99921644
/content/drive/MyDrive/DeepWeeds/dataset/20171218-113013-3.jpg,8,DW_NEG,8,DW_NEG,True,0.81182784
/content/drive/MyDrive/DeepWeeds/dataset/20171218-113319-3.jpg,8,DW_NEG,8,DW_NEG,True,0.99848086
/content/drive/MyDrive/DeepWeeds/dataset/20171218-114650-3.jpg,8,DW_NEG,8,DW_NEG,True,0.68210846
/content/drive/MyDrive/DeepWeeds/dataset/20171218-114742-2.jpg,8,DW_NEG,8,DW_NEG,True,0.9990074
/content/drive/MyDrive/DeepWeeds/dataset/20171218-114841-2.jpg,8,DW_NEG,8,DW_NEG,True,0.98031163
/content/drive/MyDrive/DeepWeeds/dataset/20171218-114933-3.jpg,8,DW_NEG,8,DW_NEG,True,0.9443084
/content/drive/MyDrive/DeepWeeds/dataset/20171218-114955-3.jpg,8,DW_NEG,8,DW_NEG,True,0.9880756
/content/drive/MyDrive/DeepWeeds/dataset/20171218-115026-3.jpg,8,DW_NEG,8,DW_NEG,True,0.9897703
/content/drive/MyDrive/DeepWeeds/dataset/20171218-115134-3.jpg,8,DW_NEG,8,DW_NEG,True,0.996101
/content/drive/MyDrive/DeepWeeds/dataset/20171218-115215-2.jpg,8,DW_NEG,8,DW_NEG,True,0.9985207
/content/drive/MyDrive/DeepWeeds/dataset/20171218-115246-3.jpg,8,DW_NEG,5,DW_RUBV,False,0.99982053
/content/drive/MyDrive/DeepWeeds/dataset/20171218-115339-2.jpg,8,DW_NEG,8,DW_NEG,True,0.9999137
/content/drive/MyDrive/DeepWeeds/dataset/20171218-115553-3.jpg,8,DW_NEG,8,DW_NEG,True,0.9968418
/content/drive/MyDrive/DeepWeeds/dataset/20171218-115740-3.jpg,8,DW_NEG,8,DW_NEG,True,0.9984364
/content/drive/MyDrive/DeepWeeds/dataset/20171218-115948-2.jpg,8,DW_NEG,8,DW_NEG,True,0.9999715
/content/drive/MyDrive/DeepWeeds/dataset/20171218-115948-3.jpg,8,DW_NEG,5,DW_RUBV,False,0.8662863
/content/drive/MyDrive/DeepWeeds/dataset/20171218-120106-2.jpg,8,DW_NEG,8,DW_NEG,True,0.9998098
/content/drive/MyDrive/DeepWeeds/dataset/20171218-120217-2.jpg,8,DW_NEG,8,DW_NEG,True,0.9728505
/content/drive/MyDrive/DeepWeeds/dataset/20171218-120223-3.jpg,8,DW_NEG,8,DW_NEG,True,0.9969392
/content/drive/MyDrive/DeepWeeds/dataset/20171218-120300-2.jpg,8,DW_NEG,8,DW_NEG,True,0.9999999
/content/drive/MyDrive/DeepWeeds/dataset/20171218-120408-2.jpg,8,DW_NEG,8,DW_NEG,True,0.9952779
/content/drive/MyDrive/DeepWeeds/dataset/20171218-120504-2.jpg,8,DW_NEG,8,DW_NEG,True,0.9999888
/content/drive/MyDrive/DeepWeeds/dataset/20171218-120648-3.jpg,8,DW_NEG,8,DW_NEG,True,0.9184901
/content/drive/MyDrive/DeepWeeds/dataset/20171218-120734-2.jpg,8,DW_NEG,8,DW_NEG,True,0.99735993
/content/drive/MyDrive/DeepWeeds/dataset/20171218-120822-2.jpg,8,DW_NEG,8,DW_NEG,True,0.99998295
/content/drive/MyDrive/DeepWeeds/dataset/20171218-120904-2.jpg,8,DW_NEG,8,DW_NEG,True,1.0
/content/drive/MyDrive/DeepWeeds/dataset/20171218-120917-3.jpg,8,DW_NEG,8,DW_NEG,True,0.99034405
/content/drive/MyDrive/DeepWeeds/dataset/20171218-121041-2.jpg,8,DW_NEG,8,DW_NEG,True,0.99999714
/content/drive/MyDrive/DeepWeeds/dataset/20171218-121137-2.jpg,8,DW_NEG,8,DW_NEG,True,0.9999832
/content/drive/MyDrive/DeepWeeds/dataset/20171218-121231-3.jpg,8,DW_NEG,8,DW_NEG,True,0.997408
/content/drive/MyDrive/DeepWeeds/dataset/20171218-121328-3.jpg,8,DW_NEG,8,DW_NEG,True,0.95089227
/content/drive/MyDrive/DeepWeeds/dataset/20171218-121336-2.jpg,8,DW_NEG,8,DW_NEG,True,0.99964345
/content/drive/MyDrive/DeepWeeds/dataset/20171218-121454-2.jpg,8,DW_NEG,8,DW_NEG,True,0.99903774
/content/drive/MyDrive/DeepWeeds/dataset/20171218-121629-2.jpg,8,DW_NEG,8,DW_NEG,True,0.99875236
/content/drive/MyDrive/DeepWeeds/dataset/20171218-121706-3.jpg,8,DW_NEG,8,DW_NEG,True,0.7845136
/content/drive/MyDrive/DeepWeeds/dataset/20171218-121722-2.jpg,8,DW_NEG,8,DW_NEG,True,0.97973025
/content/drive/MyDrive/DeepWeeds/dataset/20171218-121856-3.jpg,8,DW_NEG,8,DW_NEG,True,0.9936289
/content/drive/MyDrive/DeepWeeds/dataset/20171218-121917-2.jpg,8,DW_NEG,8,DW_NEG,True,0.9284138
/content/drive/MyDrive/DeepWeeds/dataset/20171218-122016-2.jpg,8,DW_NEG,8,DW_NEG,True,0.9999522
/content/drive/MyDrive/DeepWeeds/dataset/20171218-122016-3.jpg,8,DW_NEG,8,DW_NEG,True,0.9958793
/content/drive/MyDrive/DeepWeeds/dataset/20171218-122133-3.jpg,8,DW_NEG,8,DW_NEG,True,0.9985453
/content/drive/MyDrive/DeepWeeds/dataset/20171218-122218-3.jpg,8,DW_NEG,8,DW_NEG,True,0.99959356
/content/drive/MyDrive/DeepWeeds/dataset/20171218-122332-3.jpg,8,DW_NEG,8,DW_NEG,True,0.9924084
/content/drive/MyDrive/DeepWeeds/dataset/20171219-092659-3.jpg,8,DW_NEG,8,DW_NEG,True,0.9975515
/content/drive/MyDrive/DeepWeeds/dataset/20171219-092731-3.jpg,8,DW_NEG,8,DW_NEG,True,0.99364245
/content/drive/MyDrive/DeepWeeds/dataset/20171219-092749-3.jpg,8,DW_NEG,8,DW_NEG,True,0.9888749
/content/drive/MyDrive/DeepWeeds/dataset/20171219-092846-3.jpg,8,DW_NEG,8,DW_NEG,True,0.88850665
/content/drive/MyDrive/DeepWeeds/dataset/20171219-092952-3.jpg,8,DW_NEG,8,DW_NEG,True,0.9877472
/content/drive/MyDrive/DeepWeeds/dataset/20171219-093002-2.jpg,8,DW_NEG,8,DW_NEG,True,0.9980533
/content/drive/MyDrive/DeepWeeds/dataset/20171219-093106-2.jpg,8,DW_NEG,8,DW_NEG,True,0.99680686
/content/drive/MyDrive/DeepWeeds/dataset/20171219-093241-3.jpg,8,DW_NEG,8,DW_NEG,True,0.9900665
/content/drive/MyDrive/DeepWeeds/dataset/20171219-093306-3.jpg,8,DW_NEG,8,DW_NEG,True,0.99595356
/content/drive/MyDrive/DeepWeeds/dataset/20171219-093415-2.jpg,8,DW_NEG,8,DW_NEG,True,0.9999695
/content/drive/MyDrive/DeepWeeds/dataset/20171219-093659-2.jpg,8,DW_NEG,8,DW_NEG,True,0.9964134
/content/drive/MyDrive/DeepWeeds/dataset/20171219-093752-2.jpg,8,DW_NEG,8,DW_NEG,True,0.99095005
/content/drive/MyDrive/DeepWeeds/dataset/20171219-094002-2.jpg,8,DW_NEG,8,DW_NEG,True,0.99997044
/content/drive/MyDrive/DeepWeeds/dataset/20171219-094115-2.jpg,8,DW_NEG,8,DW_NEG,True,0.9990578
/content/drive/MyDrive/DeepWeeds/dataset/20171219-094202-2.jpg,8,DW_NEG,8,DW_NEG,True,0.99983215
/content/drive/MyDrive/DeepWeeds/dataset/20171219-094325-3.jpg,8,DW_NEG,8,DW_NEG,True,0.99511945
/content/drive/MyDrive/DeepWeeds/dataset/20171219-094325-2.jpg,8,DW_NEG,8,DW_NEG,True,0.99972886
/content/drive/MyDrive/DeepWeeds/dataset/20171219-094510-2.jpg,8,DW_NEG,8,DW_NEG,True,0.99923027
/content/drive/MyDrive/DeepWeeds/dataset/20171219-094540-2.jpg,8,DW_NEG,8,DW_NEG,True,0.99821824
/content/drive/MyDrive/DeepWeeds/dataset/20171219-094547-3.jpg,8,DW_NEG,8,DW_NEG,True,0.99899036
/content/drive/MyDrive/DeepWeeds/dataset/20171219-094640-2.jpg,8,DW_NEG,8,DW_NEG,True,0.9882456
/content/drive/MyDrive/DeepWeeds/dataset/20171219-094732-2.jpg,8,DW_NEG,8,DW_NEG,True,0.9998047
/content/drive/MyDrive/DeepWeeds/dataset/20171219-094839-2.jpg,8,DW_NEG,8,DW_NEG,True,0.99890494
/content/drive/MyDrive/DeepWeeds/dataset/20171219-094857-3.jpg,8,DW_NEG,8,DW_NEG,True,0.9990134
/content/drive/MyDrive/DeepWeeds/dataset/20171219-094937-2.jpg,8,DW_NEG,8,DW_NEG,True,0.57538927
/content/drive/MyDrive/DeepWeeds/dataset/20171219-095012-3.jpg,8,DW_NEG,8,DW_NEG,True,0.9736911
/content/drive/MyDrive/DeepWeeds/dataset/20171219-095039-3.jpg,8,DW_NEG,8,DW_NEG,True,0.9999852
/content/drive/MyDrive/DeepWeeds/dataset/20171219-095132-2.jpg,8,DW_NEG,8,DW_NEG,True,0.99973387
/content/drive/MyDrive/DeepWeeds/dataset/20171219-095213-3.jpg,8,DW_NEG,8,DW_NEG,True,0.99999595
/content/drive/MyDrive/DeepWeeds/dataset/20171219-095213-2.jpg,8,DW_NEG,8,DW_NEG,True,0.99996984
/content/drive/MyDrive/DeepWeeds/dataset/20171219-095232-3.jpg,8,DW_NEG,8,DW_NEG,True,0.929687
/content/drive/MyDrive/DeepWeeds/dataset/20171219-095321-2.jpg,8,DW_NEG,8,DW_NEG,True,0.99997926
/content/drive/MyDrive/DeepWeeds/dataset/20171219-095415-3.jpg,8,DW_NEG,8,DW_NEG,True,0.94906694
/content/drive/MyDrive/DeepWeeds/dataset/20171219-095437-3.jpg,8,DW_NEG,8,DW_NEG,True,0.98445904
/content/drive/MyDrive/DeepWeeds/dataset/20171219-095525-2.jpg,8,DW_NEG,8,DW_NEG,True,0.99859625
/content/drive/MyDrive/DeepWeeds/dataset/20171219-095602-3.jpg,8,DW_NEG,8,DW_NEG,True,0.9253537
/content/drive/MyDrive/DeepWeeds/dataset/20171219-095636-2.jpg,8,DW_NEG,8,DW_NEG,True,0.99999094
/content/drive/MyDrive/DeepWeeds/dataset/20171219-095730-2.jpg,8,DW_NEG,8,DW_NEG,True,0.9999547
/content/drive/MyDrive/DeepWeeds/dataset/20171219-095804-2.jpg,8,DW_NEG,8,DW_NEG,True,0.99921954
/content/drive/MyDrive/DeepWeeds/dataset/20171219-095936-3.jpg,8,DW_NEG,8,DW_NEG,True,0.98538315
/content/drive/MyDrive/DeepWeeds/dataset/20171219-095936-2.jpg,8,DW_NEG,8,DW_NEG,True,0.9642883
/content/drive/MyDrive/DeepWeeds/dataset/20171219-100023-3.jpg,8,DW_NEG,8,DW_NEG,True,0.9982374
/content/drive/MyDrive/DeepWeeds/dataset/20171219-100049-2.jpg,8,DW_NEG,8,DW_NEG,True,0.99778026
/content/drive/MyDrive/DeepWeeds/dataset/20171219-100301-3.jpg,8,DW_NEG,8,DW_NEG,True,0.9902256
/content/drive/MyDrive/DeepWeeds/dataset/20171219-100402-2.jpg,8,DW_NEG,8,DW_NEG,True,0.9973929
/content/drive/MyDrive/DeepWeeds/dataset/20171219-100606-2.jpg,8,DW_NEG,8,DW_NEG,True,0.99973387
/content/drive/MyDrive/DeepWeeds/dataset/20171219-100707-3.jpg,8,DW_NEG,8,DW_NEG,True,0.81476444
/content/drive/MyDrive/DeepWeeds/dataset/20171219-100707-2.jpg,8,DW_NEG,8,DW_NEG,True,0.996521
/content/drive/MyDrive/DeepWeeds/dataset/20171219-100734-3.jpg,8,DW_NEG,8,DW_NEG,True,0.8768985
/content/drive/MyDrive/DeepWeeds/dataset/20171219-100828-2.jpg,8,DW_NEG,8,DW_NEG,True,0.9999896
/content/drive/MyDrive/DeepWeeds/dataset/20171219-100842-2.jpg,8,DW_NEG,8,DW_NEG,True,0.99969244
/content/drive/MyDrive/DeepWeeds/dataset/20171219-101027-3.jpg,8,DW_NEG,8,DW_NEG,True,0.9992945
/content/drive/MyDrive/DeepWeeds/dataset/20171219-101319-2.jpg,8,DW_NEG,8,DW_NEG,True,0.99901056
/content/drive/MyDrive/DeepWeeds/dataset/20171219-101321-3.jpg,8,DW_NEG,8,DW_NEG,True,0.99286133
/content/drive/MyDrive/DeepWeeds/dataset/20171219-101508-2.jpg,8,DW_NEG,8,DW_NEG,True,0.99307054
/content/drive/MyDrive/DeepWeeds/dataset/20171219-101736-2.jpg,8,DW_NEG,8,DW_NEG,True,0.99965584
/content/drive/MyDrive/DeepWeeds/dataset/20171219-101935-3.jpg,8,DW_NEG,8,DW_NEG,True,0.9997925
/content/drive/MyDrive/DeepWeeds/dataset/20171219-102046-2.jpg,8,DW_NEG,8,DW_NEG,True,0.99976736
/content/drive/MyDrive/DeepWeeds/dataset/20171219-102135-3.jpg,8,DW_NEG,8,DW_NEG,True,0.9907205
/content/drive/MyDrive/DeepWeeds/dataset/20171219-102311-2.jpg,8,DW_NEG,8,DW_NEG,True,0.9996836
/content/drive/MyDrive/DeepWeeds/dataset/20171219-102416-2.jpg,8,DW_NEG,8,DW_NEG,True,0.97347957
/content/drive/MyDrive/DeepWeeds/dataset/20171219-102603-2.jpg,8,DW_NEG,8,DW_NEG,True,0.9958528
/content/drive/MyDrive/DeepWeeds/dataset/20171219-102923-3.jpg,8,DW_NEG,8,DW_NEG,True,0.9995832
/content/drive/MyDrive/DeepWeeds/dataset/20171219-103130-2.jpg,8,DW_NEG,8,DW_NEG,True,0.90051
/content/drive/MyDrive/DeepWeeds/dataset/20171219-103220-3.jpg,8,DW_NEG,8,DW_NEG,True,0.9990338
/content/drive/MyDrive/DeepWeeds/dataset/20171219-104517-2.jpg,8,DW_NEG,8,DW_NEG,True,0.99669266
/content/drive/MyDrive/DeepWeeds/dataset/20171219-104718-2.jpg,8,DW_NEG,8,DW_NEG,True,0.99982953
/content/drive/MyDrive/DeepWeeds/dataset/20171219-104859-2.jpg,8,DW_NEG,8,DW_NEG,True,0.99989855
/content/drive/MyDrive/DeepWeeds/dataset/20171219-105010-2.jpg,8,DW_NEG,8,DW_NEG,True,0.99995637
/content/drive/MyDrive/DeepWeeds/dataset/20171219-105135-3.jpg,8,DW_NEG,8,DW_NEG,True,0.9997212
/content/drive/MyDrive/DeepWeeds/dataset/20171219-105255-2.jpg,8,DW_NEG,8,DW_NEG,True,0.99992263
/content/drive/MyDrive/DeepWeeds/dataset/20171219-105402-2.jpg,8,DW_NEG,8,DW_NEG,True,0.9265925
/content/drive/MyDrive/DeepWeeds/dataset/20171219-105511-3.jpg,8,DW_NEG,8,DW_NEG,True,0.9972753
/content/drive/MyDrive/DeepWeeds/dataset/20171219-105602-2.jpg,8,DW_NEG,8,DW_NEG,True,0.59387845
/content/drive/MyDrive/DeepWeeds/dataset/20171219-105620-3.jpg,8,DW_NEG,8,DW_NEG,True,0.6195033
/content/drive/MyDrive/DeepWeeds/dataset/20171219-105739-3.jpg,8,DW_NEG,8,DW_NEG,True,0.97368115
/content/drive/MyDrive/DeepWeeds/dataset/20171219-105947-2.jpg,8,DW_NEG,8,DW_NEG,True,0.9978188
/content/drive/MyDrive/DeepWeeds/dataset/20171219-110157-3.jpg,8,DW_NEG,8,DW_NEG,True,0.99897707
/content/drive/MyDrive/DeepWeeds/dataset/20171219-110157-2.jpg,8,DW_NEG,8,DW_NEG,True,0.9865019
/content/drive/MyDrive/DeepWeeds/dataset/20171219-110229-2.jpg,8,DW_NEG,8,DW_NEG,True,0.9925984
/content/drive/MyDrive/DeepWeeds/dataset/20171219-110355-3.jpg,8,DW_NEG,8,DW_NEG,True,0.99894065
/content/drive/MyDrive/DeepWeeds/dataset/20171219-110447-2.jpg,8,DW_NEG,8,DW_NEG,True,0.9668114
/content/drive/MyDrive/DeepWeeds/dataset/20171219-111732-3.jpg,8,DW_NEG,3,DW_PART,False,0.83316934
/content/drive/MyDrive/DeepWeeds/dataset/20171219-111842-3.jpg,8,DW_NEG,8,DW_NEG,True,0.7234466
/content/drive/MyDrive/DeepWeeds/dataset/20171219-111957-3.jpg,8,DW_NEG,8,DW_NEG,True,0.97899455
/content/drive/MyDrive/DeepWeeds/dataset/20171219-112027-2.jpg,8,DW_NEG,8,DW_NEG,True,0.98185676
/content/drive/MyDrive/DeepWeeds/dataset/20171219-112111-2.jpg,8,DW_NEG,8,DW_NEG,True,0.9835194
/content/drive/MyDrive/DeepWeeds/dataset/20171219-112115-3.jpg,8,DW_NEG,8,DW_NEG,True,0.9378522
/content/drive/MyDrive/DeepWeeds/dataset/20171219-112250-2.jpg,8,DW_NEG,8,DW_NEG,True,0.94924897
/content/drive/MyDrive/DeepWeeds/dataset/20171219-112256-3.jpg,8,DW_NEG,8,DW_NEG,True,0.98261327
/content/drive/MyDrive/DeepWeeds/dataset/20171219-112328-2.jpg,8,DW_NEG,8,DW_NEG,True,0.93890065
/content/drive/MyDrive/DeepWeeds/dataset/20171219-112426-2.jpg,8,DW_NEG,8,DW_NEG,True,0.9686811
/content/drive/MyDrive/DeepWeeds/dataset/20171219-112450-2.jpg,8,DW_NEG,8,DW_NEG,True,0.97516793
/content/drive/MyDrive/DeepWeeds/dataset/20171219-112533-3.jpg,8,DW_NEG,6,DW_SIWE,False,0.6725238
/content/drive/MyDrive/DeepWeeds/dataset/20171219-112623-3.jpg,8,DW_NEG,8,DW_NEG,True,0.9919011
/content/drive/MyDrive/DeepWeeds/dataset/20171219-112656-2.jpg,8,DW_NEG,8,DW_NEG,True,0.9799684
/content/drive/MyDrive/DeepWeeds/dataset/20171219-112707-3.jpg,8,DW_NEG,3,DW_PART,False,0.85065895
/content/drive/MyDrive/DeepWeeds/dataset/20171219-112749-2.jpg,8,DW_NEG,8,DW_NEG,True,0.9954686
/content/drive/MyDrive/DeepWeeds/dataset/20171219-112824-3.jpg,8,DW_NEG,8,DW_NEG,True,0.53929955
/content/drive/MyDrive/DeepWeeds/dataset/20171219-112840-2.jpg,8,DW_NEG,8,DW_NEG,True,0.9981262
/content/drive/MyDrive/DeepWeeds/dataset/20171219-112938-2.jpg,8,DW_NEG,8,DW_NEG,True,0.84769017
/content/drive/MyDrive/DeepWeeds/dataset/20171219-113014-2.jpg,8,DW_NEG,4,DW_PRAC,False,0.68678236
/content/drive/MyDrive/DeepWeeds/dataset/20171219-113056-3.jpg,8,DW_NEG,8,DW_NEG,True,0.6571462
/content/drive/MyDrive/DeepWeeds/dataset/20171219-113123-2.jpg,8,DW_NEG,8,DW_NEG,True,0.75974005
/content/drive/MyDrive/DeepWeeds/dataset/20171219-113222-3.jpg,8,DW_NEG,8,DW_NEG,True,0.59277195
/content/drive/MyDrive/DeepWeeds/dataset/20171219-113236-3.jpg,8,DW_NEG,8,DW_NEG,True,0.95255154
/content/drive/MyDrive/DeepWeeds/dataset/20171219-113317-3.jpg,8,DW_NEG,8,DW_NEG,True,0.9105807
/content/drive/MyDrive/DeepWeeds/dataset/20171219-113356-2.jpg,8,DW_NEG,8,DW_NEG,True,0.9626292
/content/drive/MyDrive/DeepWeeds/dataset/20171219-113453-2.jpg,8,DW_NEG,8,DW_NEG,True,0.8891295
/content/drive/MyDrive/DeepWeeds/dataset/20171219-113507-3.jpg,8,DW_NEG,8,DW_NEG,True,0.988882
/content/drive/MyDrive/DeepWeeds/dataset/20171219-113537-3.jpg,8,DW_NEG,8,DW_NEG,True,0.94771194
/content/drive/MyDrive/DeepWeeds/dataset/20171219-113555-2.jpg,8,DW_NEG,8,DW_NEG,True,0.9960168
/content/drive/MyDrive/DeepWeeds/dataset/20171219-113619-2.jpg,8,DW_NEG,8,DW_NEG,True,0.998585
/content/drive/MyDrive/DeepWeeds/dataset/20171219-113700-3.jpg,8,DW_NEG,8,DW_NEG,True,0.7692906
/content/drive/MyDrive/DeepWeeds/dataset/20171219-113826-3.jpg,8,DW_NEG,8,DW_NEG,True,0.8945924
/content/drive/MyDrive/DeepWeeds/dataset/20171219-113852-2.jpg,8,DW_NEG,8,DW_NEG,True,0.999926
/content/drive/MyDrive/DeepWeeds/dataset/20171219-113945-2.jpg,8,DW_NEG,8,DW_NEG,True,0.99638665
/content/drive/MyDrive/DeepWeeds/dataset/20171219-114035-2.jpg,8,DW_NEG,8,DW_NEG,True,0.98282325
/content/drive/MyDrive/DeepWeeds/dataset/20171219-114055-2.jpg,8,DW_NEG,8,DW_NEG,True,0.8423418
/content/drive/MyDrive/DeepWeeds/dataset/20171219-114123-2.jpg,8,DW_NEG,8,DW_NEG,True,0.99844104
/content/drive/MyDrive/DeepWeeds/dataset/20171219-114203-2.jpg,8,DW_NEG,8,DW_NEG,True,0.8343937
/content/drive/MyDrive/DeepWeeds/dataset/20171219-114259-3.jpg,8,DW_NEG,8,DW_NEG,True,0.9604089
/content/drive/MyDrive/DeepWeeds/dataset/20171219-114339-3.jpg,8,DW_NEG,8,DW_NEG,True,0.52370036
/content/drive/MyDrive/DeepWeeds/dataset/20171219-114425-3.jpg,8,DW_NEG,8,DW_NEG,True,0.8708048
/content/drive/MyDrive/DeepWeeds/dataset/20171219-114530-3.jpg,8,DW_NEG,8,DW_NEG,True,0.6500921
/content/drive/MyDrive/DeepWeeds/dataset/20171219-114633-2.jpg,8,DW_NEG,8,DW_NEG,True,0.98970443
/content/drive/MyDrive/DeepWeeds/dataset/20171219-114710-2.jpg,8,DW_NEG,8,DW_NEG,True,0.9831806
/content/drive/MyDrive/DeepWeeds/dataset/20171219-114817-3.jpg,8,DW_NEG,8,DW_NEG,True,0.85625964
/content/drive/MyDrive/DeepWeeds/dataset/20171219-114940-2.jpg,8,DW_NEG,8,DW_NEG,True,0.9841197
/content/drive/MyDrive/DeepWeeds/dataset/20171219-114952-2.jpg,8,DW_NEG,8,DW_NEG,True,0.9080337
/content/drive/MyDrive/DeepWeeds/dataset/20171219-123814-2.jpg,8,DW_NEG,8,DW_NEG,True,0.9902546
/content/drive/MyDrive/DeepWeeds/dataset/20171220-082111-2.jpg,8,DW_NEG,7,DW_SNWE,False,0.492226
/content/drive/MyDrive/DeepWeeds/dataset/20171220-082242-2.jpg,8,DW_NEG,7,DW_SNWE,False,0.51517814
/content/drive/MyDrive/DeepWeeds/dataset/20171220-082326-2.jpg,8,DW_NEG,8,DW_NEG,True,0.9982141
/content/drive/MyDrive/DeepWeeds/dataset/20171220-082451-2.jpg,8,DW_NEG,8,DW_NEG,True,0.99828184
/content/drive/MyDrive/DeepWeeds/dataset/20171220-082517-2.jpg,8,DW_NEG,8,DW_NEG,True,0.99947697
/content/drive/MyDrive/DeepWeeds/dataset/20171220-082613-2.jpg,8,DW_NEG,8,DW_NEG,True,0.8182222
/content/drive/MyDrive/DeepWeeds/dataset/20171220-082706-3.jpg,8,DW_NEG,8,DW_NEG,True,0.99813014
/content/drive/MyDrive/DeepWeeds/dataset/20171220-082743-2.jpg,8,DW_NEG,8,DW_NEG,True,0.9720086
/content/drive/MyDrive/DeepWeeds/dataset/20171220-082807-2.jpg,8,DW_NEG,8,DW_NEG,True,0.9971879
/content/drive/MyDrive/DeepWeeds/dataset/20171220-082827-2.jpg,8,DW_NEG,8,DW_NEG,True,0.9999962
/content/drive/MyDrive/DeepWeeds/dataset/20171220-082931-3.jpg,8,DW_NEG,8,DW_NEG,True,0.9843092
/content/drive/MyDrive/DeepWeeds/dataset/20171220-082954-3.jpg,8,DW_NEG,8,DW_NEG,True,0.9999876
/content/drive/MyDrive/DeepWeeds/dataset/20171220-083017-2.jpg,8,DW_NEG,8,DW_NEG,True,0.9814393
/content/drive/MyDrive/DeepWeeds/dataset/20171220-083111-2.jpg,8,DW_NEG,8,DW_NEG,True,0.99900776
/content/drive/MyDrive/DeepWeeds/dataset/20171220-083131-2.jpg,8,DW_NEG,8,DW_NEG,True,0.9996562
/content/drive/MyDrive/DeepWeeds/dataset/20171220-083131-3.jpg,8,DW_NEG,8,DW_NEG,True,0.995327
/content/drive/MyDrive/DeepWeeds/dataset/20171220-083218-2.jpg,8,DW_NEG,8,DW_NEG,True,0.8436517
/content/drive/MyDrive/DeepWeeds/dataset/20171220-083245-3.jpg,8,DW_NEG,8,DW_NEG,True,0.9995152
/content/drive/MyDrive/DeepWeeds/dataset/20171220-083307-2.jpg,8,DW_NEG,8,DW_NEG,True,0.6425661
/content/drive/MyDrive/DeepWeeds/dataset/20171220-083345-3.jpg,8,DW_NEG,8,DW_NEG,True,0.9654456
/content/drive/MyDrive/DeepWeeds/dataset/20171220-083421-2.jpg,8,DW_NEG,8,DW_NEG,True,0.99583083
/content/drive/MyDrive/DeepWeeds/dataset/20171220-083440-2.jpg,8,DW_NEG,8,DW_NEG,True,0.9999325
/content/drive/MyDrive/DeepWeeds/dataset/20171220-083515-2.jpg,8,DW_NEG,8,DW_NEG,True,0.9999751
/content/drive/MyDrive/DeepWeeds/dataset/20171220-083647-3.jpg,8,DW_NEG,8,DW_NEG,True,0.9994573
/content/drive/MyDrive/DeepWeeds/dataset/20171220-083801-3.jpg,8,DW_NEG,8,DW_NEG,True,0.916792
/content/drive/MyDrive/DeepWeeds/dataset/20171220-083902-3.jpg,8,DW_NEG,8,DW_NEG,True,0.99736804
/content/drive/MyDrive/DeepWeeds/dataset/20171220-084013-3.jpg,8,DW_NEG,8,DW_NEG,True,0.9996793
/content/drive/MyDrive/DeepWeeds/dataset/20171220-084039-2.jpg,8,DW_NEG,7,DW_SNWE,False,0.712895
/content/drive/MyDrive/DeepWeeds/dataset/20171220-084120-2.jpg,8,DW_NEG,8,DW_NEG,True,0.87338936
/content/drive/MyDrive/DeepWeeds/dataset/20171220-084136-3.jpg,8,DW_NEG,8,DW_NEG,True,0.9994326
/content/drive/MyDrive/DeepWeeds/dataset/20171220-084225-2.jpg,8,DW_NEG,8,DW_NEG,True,0.9894582
/content/drive/MyDrive/DeepWeeds/dataset/20171220-084328-2.jpg,8,DW_NEG,1,DW_LANT,False,0.9948612
/content/drive/MyDrive/DeepWeeds/dataset/20171220-084337-3.jpg,8,DW_NEG,8,DW_NEG,True,0.99444336
/content/drive/MyDrive/DeepWeeds/dataset/20171220-084353-3.jpg,8,DW_NEG,8,DW_NEG,True,0.99948585
/content/drive/MyDrive/DeepWeeds/dataset/20171220-084454-3.jpg,8,DW_NEG,8,DW_NEG,True,0.98383915
/content/drive/MyDrive/DeepWeeds/dataset/20171220-084534-2.jpg,8,DW_NEG,8,DW_NEG,True,0.78199637
/content/drive/MyDrive/DeepWeeds/dataset/20171220-084534-3.jpg,8,DW_NEG,8,DW_NEG,True,0.9981359
/content/drive/MyDrive/DeepWeeds/dataset/20171220-084635-2.jpg,8,DW_NEG,8,DW_NEG,True,0.9842455
/content/drive/MyDrive/DeepWeeds/dataset/20171220-084657-2.jpg,8,DW_NEG,8,DW_NEG,True,0.99967766
/content/drive/MyDrive/DeepWeeds/dataset/20171220-084728-3.jpg,8,DW_NEG,8,DW_NEG,True,0.51388633
/content/drive/MyDrive/DeepWeeds/dataset/20171220-084737-2.jpg,8,DW_NEG,8,DW_NEG,True,0.9970095
/content/drive/MyDrive/DeepWeeds/dataset/20171220-084830-2.jpg,8,DW_NEG,8,DW_NEG,True,0.86220235
/content/drive/MyDrive/DeepWeeds/dataset/20171220-084920-2.jpg,8,DW_NEG,8,DW_NEG,True,0.99983037
/content/drive/MyDrive/DeepWeeds/dataset/20171220-084929-2.jpg,8,DW_NEG,8,DW_NEG,True,0.9994343
/content/drive/MyDrive/DeepWeeds/dataset/20171220-085013-3.jpg,8,DW_NEG,8,DW_NEG,True,0.9999951
/content/drive/MyDrive/DeepWeeds/dataset/20171220-085049-3.jpg,8,DW_NEG,8,DW_NEG,True,0.8157973
/content/drive/MyDrive/DeepWeeds/dataset/20171220-085131-2.jpg,8,DW_NEG,8,DW_NEG,True,0.6113848
/content/drive/MyDrive/DeepWeeds/dataset/20171220-085247-2.jpg,8,DW_NEG,8,DW_NEG,True,0.99833244
/content/drive/MyDrive/DeepWeeds/dataset/20171220-085301-3.jpg,8,DW_NEG,8,DW_NEG,True,0.99994576
/content/drive/MyDrive/DeepWeeds/dataset/20171220-085343-2.jpg,8,DW_NEG,8,DW_NEG,True,0.99960524
/content/drive/MyDrive/DeepWeeds/dataset/20171220-085343-3.jpg,8,DW_NEG,6,DW_SIWE,False,0.49366114
/content/drive/MyDrive/DeepWeeds/dataset/20171220-085416-3.jpg,8,DW_NEG,8,DW_NEG,True,0.99432725
/content/drive/MyDrive/DeepWeeds/dataset/20171220-090156-3.jpg,8,DW_NEG,8,DW_NEG,True,0.97656757
/content/drive/MyDrive/DeepWeeds/dataset/20171220-090235-2.jpg,8,DW_NEG,5,DW_RUBV,False,0.9969298
/content/drive/MyDrive/DeepWeeds/dataset/20171220-090235-3.jpg,8,DW_NEG,8,DW_NEG,True,0.9920168
/content/drive/MyDrive/DeepWeeds/dataset/20171220-090310-2.jpg,8,DW_NEG,8,DW_NEG,True,0.9987991
/content/drive/MyDrive/DeepWeeds/dataset/20171220-090409-2.jpg,8,DW_NEG,8,DW_NEG,True,0.9987091
/content/drive/MyDrive/DeepWeeds/dataset/20171220-090427-2.jpg,8,DW_NEG,8,DW_NEG,True,0.98936254
/content/drive/MyDrive/DeepWeeds/dataset/20171220-090446-2.jpg,8,DW_NEG,8,DW_NEG,True,0.8372841
/content/drive/MyDrive/DeepWeeds/dataset/20171220-090603-2.jpg,8,DW_NEG,8,DW_NEG,True,0.8239892
/content/drive/MyDrive/DeepWeeds/dataset/20171220-090621-2.jpg,8,DW_NEG,8,DW_NEG,True,0.9952924
/content/drive/MyDrive/DeepWeeds/dataset/20171220-090736-2.jpg,8,DW_NEG,8,DW_NEG,True,0.99934846
/content/drive/MyDrive/DeepWeeds/dataset/20171220-090814-3.jpg,8,DW_NEG,8,DW_NEG,True,0.9255476
/content/drive/MyDrive/DeepWeeds/dataset/20171220-090841-2.jpg,8,DW_NEG,8,DW_NEG,True,0.9579991
/content/drive/MyDrive/DeepWeeds/dataset/20171220-090906-2.jpg,8,DW_NEG,8,DW_NEG,True,0.7945674
/content/drive/MyDrive/DeepWeeds/dataset/20171220-091002-2.jpg,8,DW_NEG,8,DW_NEG,True,0.97396314
/content/drive/MyDrive/DeepWeeds/dataset/20171220-091108-2.jpg,8,DW_NEG,8,DW_NEG,True,0.9211248
/content/drive/MyDrive/DeepWeeds/dataset/20171220-091126-2.jpg,8,DW_NEG,8,DW_NEG,True,0.8215342
/content/drive/MyDrive/DeepWeeds/dataset/20171220-091218-2.jpg,8,DW_NEG,5,DW_RUBV,False,0.6788891
/content/drive/MyDrive/DeepWeeds/dataset/20171220-091311-2.jpg,8,DW_NEG,8,DW_NEG,True,0.8067509
/content/drive/MyDrive/DeepWeeds/dataset/20171220-091414-2.jpg,8,DW_NEG,8,DW_NEG,True,0.9981552
/content/drive/MyDrive/DeepWeeds/dataset/20171220-091520-2.jpg,8,DW_NEG,8,DW_NEG,True,0.9878605
/content/drive/MyDrive/DeepWeeds/dataset/20171220-091520-3.jpg,8,DW_NEG,8,DW_NEG,True,0.8808245
/content/drive/MyDrive/DeepWeeds/dataset/20171220-091621-2.jpg,8,DW_NEG,8,DW_NEG,True,0.9056321
/content/drive/MyDrive/DeepWeeds/dataset/20171220-091646-3.jpg,8,DW_NEG,8,DW_NEG,True,0.98688555
/content/drive/MyDrive/DeepWeeds/dataset/20171220-091648-3.jpg,8,DW_NEG,8,DW_NEG,True,0.97035396
/content/drive/MyDrive/DeepWeeds/dataset/20171220-091733-2.jpg,8,DW_NEG,8,DW_NEG,True,0.9991253
/content/drive/MyDrive/DeepWeeds/dataset/20171220-091744-2.jpg,8,DW_NEG,5,DW_RUBV,False,0.5679364
/content/drive/MyDrive/DeepWeeds/dataset/20171220-091821-2.jpg,8,DW_NEG,8,DW_NEG,True,0.5880463
/content/drive/MyDrive/DeepWeeds/dataset/20171220-091846-2.jpg,8,DW_NEG,8,DW_NEG,True,0.99684995
/content/drive/MyDrive/DeepWeeds/dataset/20171220-091903-2.jpg,8,DW_NEG,8,DW_NEG,True,0.98866373
/content/drive/MyDrive/DeepWeeds/dataset/20171220-091952-2.jpg,8,DW_NEG,5,DW_RUBV,False,0.70986426
/content/drive/MyDrive/DeepWeeds/dataset/20171220-092044-2.jpg,8,DW_NEG,8,DW_NEG,True,0.9320183
/content/drive/MyDrive/DeepWeeds/dataset/20171220-092108-3.jpg,8,DW_NEG,8,DW_NEG,True,0.99929106
/content/drive/MyDrive/DeepWeeds/dataset/20171220-092203-2.jpg,8,DW_NEG,8,DW_NEG,True,0.99503267
/content/drive/MyDrive/DeepWeeds/dataset/20171220-092221-2.jpg,8,DW_NEG,8,DW_NEG,True,0.9922815
/content/drive/MyDrive/DeepWeeds/dataset/20171220-092323-2.jpg,8,DW_NEG,8,DW_NEG,True,0.9198625
/content/drive/MyDrive/DeepWeeds/dataset/20171220-092404-3.jpg,8,DW_NEG,5,DW_RUBV,False,0.888805
/content/drive/MyDrive/DeepWeeds/dataset/20171220-092406-2.jpg,8,DW_NEG,8,DW_NEG,True,0.9955527
/content/drive/MyDrive/DeepWeeds/dataset/20171220-092520-3.jpg,8,DW_NEG,8,DW_NEG,True,0.9965919
/content/drive/MyDrive/DeepWeeds/dataset/20171220-092522-3.jpg,8,DW_NEG,8,DW_NEG,True,0.9963905
/content/drive/MyDrive/DeepWeeds/dataset/20171220-092621-2.jpg,8,DW_NEG,8,DW_NEG,True,0.9960538
/content/drive/MyDrive/DeepWeeds/dataset/20171220-092644-2.jpg,8,DW_NEG,8,DW_NEG,True,0.9985851
/content/drive/MyDrive/DeepWeeds/dataset/20171220-092717-3.jpg,8,DW_NEG,8,DW_NEG,True,0.9873519
/content/drive/MyDrive/DeepWeeds/dataset/20171220-092741-2.jpg,8,DW_NEG,8,DW_NEG,True,0.9858273
/content/drive/MyDrive/DeepWeeds/dataset/20171220-092812-2.jpg,8,DW_NEG,8,DW_NEG,True,0.6204399
/content/drive/MyDrive/DeepWeeds/dataset/20171220-092929-2.jpg,8,DW_NEG,8,DW_NEG,True,0.96998143
/content/drive/MyDrive/DeepWeeds/dataset/20171220-093010-2.jpg,8,DW_NEG,8,DW_NEG,True,0.99197245
/content/drive/MyDrive/DeepWeeds/dataset/20171220-093020-3.jpg,8,DW_NEG,8,DW_NEG,True,0.93222344
/content/drive/MyDrive/DeepWeeds/dataset/20171220-093113-2.jpg,8,DW_NEG,8,DW_NEG,True,0.9185959
/content/drive/MyDrive/DeepWeeds/dataset/20171220-093207-2.jpg,8,DW_NEG,8,DW_NEG,True,0.99945
/content/drive/MyDrive/DeepWeeds/dataset/20171220-093224-2.jpg,8,DW_NEG,8,DW_NEG,True,0.9969644
/content/drive/MyDrive/DeepWeeds/dataset/20171220-093255-2.jpg,8,DW_NEG,8,DW_NEG,True,0.99761677
/content/drive/MyDrive/DeepWeeds/dataset/20171220-093328-3.jpg,8,DW_NEG,8,DW_NEG,True,0.99965966
/content/drive/MyDrive/DeepWeeds/dataset/20171220-093403-2.jpg,8,DW_NEG,5,DW_RUBV,False,0.9781055
/content/drive/MyDrive/DeepWeeds/dataset/20171220-093456-3.jpg,8,DW_NEG,8,DW_NEG,True,0.88929003
/content/drive/MyDrive/DeepWeeds/dataset/20171220-093510-2.jpg,8,DW_NEG,8,DW_NEG,True,0.98932284
/content/drive/MyDrive/DeepWeeds/dataset/20171220-093534-2.jpg,8,DW_NEG,8,DW_NEG,True,0.5525715
/content/drive/MyDrive/DeepWeeds/dataset/20171220-093637-2.jpg,8,DW_NEG,5,DW_RUBV,False,0.9762623
/content/drive/MyDrive/DeepWeeds/dataset/20171220-094506-2.jpg,8,DW_NEG,8,DW_NEG,True,0.9252356
/content/drive/MyDrive/DeepWeeds/dataset/20171220-094554-2.jpg,8,DW_NEG,8,DW_NEG,True,0.8263236
/content/drive/MyDrive/DeepWeeds/dataset/20171220-094611-2.jpg,8,DW_NEG,8,DW_NEG,True,0.9864151
/content/drive/MyDrive/DeepWeeds/dataset/20171220-094659-1.jpg,8,DW_NEG,8,DW_NEG,True,0.9994512
/content/drive/MyDrive/DeepWeeds/dataset/20171220-094737-1.jpg,8,DW_NEG,8,DW_NEG,True,0.9990195
/content/drive/MyDrive/DeepWeeds/dataset/20171220-094750-1.jpg,8,DW_NEG,8,DW_NEG,True,0.9990582
/content/drive/MyDrive/DeepWeeds/dataset/20171220-094826-1.jpg,8,DW_NEG,8,DW_NEG,True,0.99168503
/content/drive/MyDrive/DeepWeeds/dataset/20171220-094829-2.jpg,8,DW_NEG,8,DW_NEG,True,0.9979127
/content/drive/MyDrive/DeepWeeds/dataset/20171220-094856-2.jpg,8,DW_NEG,8,DW_NEG,True,0.88960004
/content/drive/MyDrive/DeepWeeds/dataset/20171220-094903-2.jpg,8,DW_NEG,8,DW_NEG,True,0.624876
/content/drive/MyDrive/DeepWeeds/dataset/20171220-094932-2.jpg,8,DW_NEG,8,DW_NEG,True,0.9796397
/content/drive/MyDrive/DeepWeeds/dataset/20171220-095000-2.jpg,8,DW_NEG,8,DW_NEG,True,0.9976088
/content/drive/MyDrive/DeepWeeds/dataset/20171220-095017-2.jpg,8,DW_NEG,8,DW_NEG,True,0.8703595
/content/drive/MyDrive/DeepWeeds/dataset/20171220-095046-1.jpg,8,DW_NEG,8,DW_NEG,True,0.99997306
/content/drive/MyDrive/DeepWeeds/dataset/20171220-095110-1.jpg,8,DW_NEG,8,DW_NEG,True,0.99961334
/content/drive/MyDrive/DeepWeeds/dataset/20171220-095140-1.jpg,8,DW_NEG,8,DW_NEG,True,0.9999213
/content/drive/MyDrive/DeepWeeds/dataset/20171220-095209-1.jpg,8,DW_NEG,8,DW_NEG,True,0.997695
/content/drive/MyDrive/DeepWeeds/dataset/20171220-095227-1.jpg,8,DW_NEG,0,DW_CHAP,False,0.5725113
/content/drive/MyDrive/DeepWeeds/dataset/20171220-095249-2.jpg,8,DW_NEG,8,DW_NEG,True,0.9887411
/content/drive/MyDrive/DeepWeeds/dataset/20171220-095316-1.jpg,8,DW_NEG,8,DW_NEG,True,0.9939501
/content/drive/MyDrive/DeepWeeds/dataset/20171220-095345-1.jpg,8,DW_NEG,8,DW_NEG,True,0.9819449
/content/drive/MyDrive/DeepWeeds/dataset/20171220-095429-2.jpg,8,DW_NEG,8,DW_NEG,True,0.8422026
/content/drive/MyDrive/DeepWeeds/dataset/20171220-095444-1.jpg,8,DW_NEG,8,DW_NEG,True,0.99760747
/content/drive/MyDrive/DeepWeeds/dataset/20171220-095456-2.jpg,8,DW_NEG,8,DW_NEG,True,0.85654694
/content/drive/MyDrive/DeepWeeds/dataset/20171220-095542-2.jpg,8,DW_NEG,5,DW_RUBV,False,0.51339406
/content/drive/MyDrive/DeepWeeds/dataset/20171220-095849-2.jpg,8,DW_NEG,8,DW_NEG,True,0.99137294
/content/drive/MyDrive/DeepWeeds/dataset/20171220-100147-2.jpg,8,DW_NEG,8,DW_NEG,True,0.99640095
/content/drive/MyDrive/DeepWeeds/dataset/20171220-100216-2.jpg,8,DW_NEG,8,DW_NEG,True,0.99974436
/content/drive/MyDrive/DeepWeeds/dataset/20171220-100239-2.jpg,8,DW_NEG,8,DW_NEG,True,0.9963695
/content/drive/MyDrive/DeepWeeds/dataset/20171220-100307-1.jpg,8,DW_NEG,8,DW_NEG,True,0.99999523
/content/drive/MyDrive/DeepWeeds/dataset/20171220-100335-1.jpg,8,DW_NEG,8,DW_NEG,True,0.9994475
/content/drive/MyDrive/DeepWeeds/dataset/20171220-100413-2.jpg,8,DW_NEG,8,DW_NEG,True,0.9830566
/content/drive/MyDrive/DeepWeeds/dataset/20171220-100431-1.jpg,8,DW_NEG,8,DW_NEG,True,0.9999994
/content/drive/MyDrive/DeepWeeds/dataset/20171220-100432-1.jpg,8,DW_NEG,8,DW_NEG,True,0.99849224
/content/drive/MyDrive/DeepWeeds/dataset/20171220-100509-1.jpg,8,DW_NEG,8,DW_NEG,True,0.99999774
/content/drive/MyDrive/DeepWeeds/dataset/20171220-100547-1.jpg,8,DW_NEG,8,DW_NEG,True,0.99996865
/content/drive/MyDrive/DeepWeeds/dataset/20171220-100613-1.jpg,8,DW_NEG,8,DW_NEG,True,0.9986436
/content/drive/MyDrive/DeepWeeds/dataset/20171220-100652-1.jpg,8,DW_NEG,8,DW_NEG,True,0.99999344
/content/drive/MyDrive/DeepWeeds/dataset/20171220-100717-2.jpg,8,DW_NEG,8,DW_NEG,True,0.9922724
/content/drive/MyDrive/DeepWeeds/dataset/20171220-100754-1.jpg,8,DW_NEG,8,DW_NEG,True,0.9989183
/content/drive/MyDrive/DeepWeeds/dataset/20171220-100855-2.jpg,8,DW_NEG,7,DW_SNWE,False,0.534564
/content/drive/MyDrive/DeepWeeds/dataset/20171220-100932-2.jpg,8,DW_NEG,8,DW_NEG,True,0.9999801
/content/drive/MyDrive/DeepWeeds/dataset/20171220-101008-1.jpg,8,DW_NEG,8,DW_NEG,True,0.99883014
/content/drive/MyDrive/DeepWeeds/dataset/20171220-101143-1.jpg,8,DW_NEG,8,DW_NEG,True,0.9999217
/content/drive/MyDrive/DeepWeeds/dataset/20171220-101311-2.jpg,8,DW_NEG,6,DW_SIWE,False,0.79604036
/content/drive/MyDrive/DeepWeeds/dataset/20171220-101409-2.jpg,8,DW_NEG,8,DW_NEG,True,0.9969465
/content/drive/MyDrive/DeepWeeds/dataset/20171220-101409-1.jpg,8,DW_NEG,8,DW_NEG,True,0.99934286
/content/drive/MyDrive/DeepWeeds/dataset/20171220-101427-2.jpg,8,DW_NEG,8,DW_NEG,True,0.91993344
/content/drive/MyDrive/DeepWeeds/dataset/20171220-101529-1.jpg,8,DW_NEG,8,DW_NEG,True,0.9999578
/content/drive/MyDrive/DeepWeeds/dataset/20171220-101617-1.jpg,8,DW_NEG,8,DW_NEG,True,0.9998939
/content/drive/MyDrive/DeepWeeds/dataset/20171220-101632-2.jpg,8,DW_NEG,8,DW_NEG,True,0.9985814
/content/drive/MyDrive/DeepWeeds/dataset/20171220-101652-1.jpg,8,DW_NEG,8,DW_NEG,True,0.99999475
/content/drive/MyDrive/DeepWeeds/dataset/20171220-101708-2.jpg,8,DW_NEG,5,DW_RUBV,False,0.9287141
/content/drive/MyDrive/DeepWeeds/dataset/20171220-101721-2.jpg,8,DW_NEG,8,DW_NEG,True,0.9998155
/content/drive/MyDrive/DeepWeeds/dataset/20171220-101738-1.jpg,8,DW_NEG,8,DW_NEG,True,0.99995124
/content/drive/MyDrive/DeepWeeds/dataset/20171220-101819-2.jpg,8,DW_NEG,8,DW_NEG,True,0.7976085
/content/drive/MyDrive/DeepWeeds/dataset/20171220-101928-2.jpg,8,DW_NEG,8,DW_NEG,True,0.8876847
/content/drive/MyDrive/DeepWeeds/dataset/20180105-091416-2.jpg,8,DW_NEG,8,DW_NEG,True,0.92850333
/content/drive/MyDrive/DeepWeeds/dataset/20180105-091434-2.jpg,8,DW_NEG,7,DW_SNWE,False,0.53112656
/content/drive/MyDrive/DeepWeeds/dataset/20180105-091536-3.jpg,8,DW_NEG,8,DW_NEG,True,0.9996195
/content/drive/MyDrive/DeepWeeds/dataset/20180105-091601-2.jpg,8,DW_NEG,8,DW_NEG,True,0.86467224
/content/drive/MyDrive/DeepWeeds/dataset/20180105-091636-2.jpg,8,DW_NEG,5,DW_RUBV,False,0.68298537
/content/drive/MyDrive/DeepWeeds/dataset/20180105-091702-2.jpg,8,DW_NEG,8,DW_NEG,True,0.95426047
/content/drive/MyDrive/DeepWeeds/dataset/20180105-091702-3.jpg,8,DW_NEG,8,DW_NEG,True,0.9996075
/content/drive/MyDrive/DeepWeeds/dataset/20180105-091755-2.jpg,8,DW_NEG,8,DW_NEG,True,0.8163711
/content/drive/MyDrive/DeepWeeds/dataset/20180105-091821-3.jpg,8,DW_NEG,8,DW_NEG,True,0.99974567
/content/drive/MyDrive/DeepWeeds/dataset/20180105-092012-3.jpg,8,DW_NEG,8,DW_NEG,True,0.9991511
/content/drive/MyDrive/DeepWeeds/dataset/20180105-092131-2.jpg,8,DW_NEG,8,DW_NEG,True,0.752272
/content/drive/MyDrive/DeepWeeds/dataset/20180105-092131-3.jpg,8,DW_NEG,8,DW_NEG,True,0.93918425
/content/drive/MyDrive/DeepWeeds/dataset/20180105-092143-2.jpg,8,DW_NEG,8,DW_NEG,True,0.96594876
/content/drive/MyDrive/DeepWeeds/dataset/20180105-092221-3.jpg,8,DW_NEG,8,DW_NEG,True,0.9861838
/content/drive/MyDrive/DeepWeeds/dataset/20180105-092233-3.jpg,8,DW_NEG,8,DW_NEG,True,0.9978346
/content/drive/MyDrive/DeepWeeds/dataset/20180105-092305-2.jpg,8,DW_NEG,8,DW_NEG,True,0.99436814
/content/drive/MyDrive/DeepWeeds/dataset/20180105-092328-3.jpg,8,DW_NEG,8,DW_NEG,True,0.9809126
/content/drive/MyDrive/DeepWeeds/dataset/20180105-092404-2.jpg,8,DW_NEG,8,DW_NEG,True,0.9957612
/content/drive/MyDrive/DeepWeeds/dataset/20180105-092426-2.jpg,8,DW_NEG,8,DW_NEG,True,0.94547236
/content/drive/MyDrive/DeepWeeds/dataset/20180105-092451-2.jpg,8,DW_NEG,8,DW_NEG,True,0.98551315
/content/drive/MyDrive/DeepWeeds/dataset/20180105-092547-2.jpg,8,DW_NEG,8,DW_NEG,True,0.91486514
/content/drive/MyDrive/DeepWeeds/dataset/20180105-092612-2.jpg,8,DW_NEG,8,DW_NEG,True,0.9998865
/content/drive/MyDrive/DeepWeeds/dataset/20180105-092644-2.jpg,8,DW_NEG,8,DW_NEG,True,0.99996805
/content/drive/MyDrive/DeepWeeds/dataset/20180105-092727-2.jpg,8,DW_NEG,5,DW_RUBV,False,0.89378065
/content/drive/MyDrive/DeepWeeds/dataset/20180105-092741-2.jpg,8,DW_NEG,6,DW_SIWE,False,0.7717296
/content/drive/MyDrive/DeepWeeds/dataset/20180105-092822-2.jpg,8,DW_NEG,8,DW_NEG,True,0.97899985
/content/drive/MyDrive/DeepWeeds/dataset/20180105-092846-2.jpg,8,DW_NEG,8,DW_NEG,True,0.96800774
/content/drive/MyDrive/DeepWeeds/dataset/20180105-092927-2.jpg,8,DW_NEG,8,DW_NEG,True,0.9994956
/content/drive/MyDrive/DeepWeeds/dataset/20180105-092958-2.jpg,8,DW_NEG,8,DW_NEG,True,0.94229925
/content/drive/MyDrive/DeepWeeds/dataset/20180105-093026-2.jpg,8,DW_NEG,8,DW_NEG,True,0.9979444
/content/drive/MyDrive/DeepWeeds/dataset/20180105-093111-2.jpg,8,DW_NEG,8,DW_NEG,True,0.9881616
/content/drive/MyDrive/DeepWeeds/dataset/20180105-093111-3.jpg,8,DW_NEG,1,DW_LANT,False,0.7900315
/content/drive/MyDrive/DeepWeeds/dataset/20180105-093139-2.jpg,8,DW_NEG,8,DW_NEG,True,0.96255916
/content/drive/MyDrive/DeepWeeds/dataset/20180105-093213-2.jpg,8,DW_NEG,8,DW_NEG,True,0.9888371
/content/drive/MyDrive/DeepWeeds/dataset/20180105-093302-2.jpg,8,DW_NEG,8,DW_NEG,True,0.65611416
/content/drive/MyDrive/DeepWeeds/dataset/20180105-093335-2.jpg,8,DW_NEG,8,DW_NEG,True,0.9423018
/content/drive/MyDrive/DeepWeeds/dataset/20180105-093425-2.jpg,8,DW_NEG,8,DW_NEG,True,0.98908305
/content/drive/MyDrive/DeepWeeds/dataset/20180105-093454-3.jpg,8,DW_NEG,6,DW_SIWE,False,0.9999752
/content/drive/MyDrive/DeepWeeds/dataset/20180105-093514-2.jpg,8,DW_NEG,8,DW_NEG,True,0.9968832
/content/drive/MyDrive/DeepWeeds/dataset/20180105-093514-3.jpg,8,DW_NEG,6,DW_SIWE,False,0.997276
/content/drive/MyDrive/DeepWeeds/dataset/20180105-093545-2.jpg,8,DW_NEG,8,DW_NEG,True,0.99583095
/content/drive/MyDrive/DeepWeeds/dataset/20180105-093606-3.jpg,8,DW_NEG,8,DW_NEG,True,0.89787555
/content/drive/MyDrive/DeepWeeds/dataset/20180105-093646-2.jpg,8,DW_NEG,8,DW_NEG,True,0.95487475
/content/drive/MyDrive/DeepWeeds/dataset/20180105-093716-2.jpg,8,DW_NEG,8,DW_NEG,True,0.976669
/content/drive/MyDrive/DeepWeeds/dataset/20180105-093740-2.jpg,8,DW_NEG,8,DW_NEG,True,0.9641686
/content/drive/MyDrive/DeepWeeds/dataset/20180105-093811-2.jpg,8,DW_NEG,8,DW_NEG,True,0.63134587
/content/drive/MyDrive/DeepWeeds/dataset/20180105-093848-2.jpg,8,DW_NEG,8,DW_NEG,True,0.99513346
/content/drive/MyDrive/DeepWeeds/dataset/20180105-093944-3.jpg,8,DW_NEG,8,DW_NEG,True,0.9915005
/content/drive/MyDrive/DeepWeeds/dataset/20180105-094049-3.jpg,8,DW_NEG,8,DW_NEG,True,0.9926535
/content/drive/MyDrive/DeepWeeds/dataset/20180105-094300-3.jpg,8,DW_NEG,6,DW_SIWE,False,0.7865048
/content/drive/MyDrive/DeepWeeds/dataset/20180105-094715-2.jpg,8,DW_NEG,8,DW_NEG,True,0.7096894
/content/drive/MyDrive/DeepWeeds/dataset/20180105-094739-3.jpg,8,DW_NEG,8,DW_NEG,True,0.9958358
/content/drive/MyDrive/DeepWeeds/dataset/20180105-094840-2.jpg,8,DW_NEG,8,DW_NEG,True,0.9874784
/content/drive/MyDrive/DeepWeeds/dataset/20180105-094901-2.jpg,8,DW_NEG,8,DW_NEG,True,0.9861551
/content/drive/MyDrive/DeepWeeds/dataset/20180105-094918-2.jpg,8,DW_NEG,8,DW_NEG,True,0.9593256
/content/drive/MyDrive/DeepWeeds/dataset/20180105-094951-2.jpg,8,DW_NEG,8,DW_NEG,True,0.9719534
/content/drive/MyDrive/DeepWeeds/dataset/20180105-095030-2.jpg,8,DW_NEG,8,DW_NEG,True,0.9894247
/content/drive/MyDrive/DeepWeeds/dataset/20180105-095107-2.jpg,8,DW_NEG,6,DW_SIWE,False,0.9117451
/content/drive/MyDrive/DeepWeeds/dataset/20180105-095152-3.jpg,8,DW_NEG,6,DW_SIWE,False,0.9955948
/content/drive/MyDrive/DeepWeeds/dataset/20180105-095234-2.jpg,8,DW_NEG,6,DW_SIWE,False,0.7194042
/content/drive/MyDrive/DeepWeeds/dataset/20180105-095357-2.jpg,8,DW_NEG,8,DW_NEG,True,0.9660396
/content/drive/MyDrive/DeepWeeds/dataset/20180105-095426-2.jpg,8,DW_NEG,8,DW_NEG,True,0.9831902
/content/drive/MyDrive/DeepWeeds/dataset/20180105-095512-2.jpg,8,DW_NEG,8,DW_NEG,True,0.9864114
/content/drive/MyDrive/DeepWeeds/dataset/20180105-095536-2.jpg,8,DW_NEG,8,DW_NEG,True,0.9966888
/content/drive/MyDrive/DeepWeeds/dataset/20180105-095607-3.jpg,8,DW_NEG,8,DW_NEG,True,0.8077622
/content/drive/MyDrive/DeepWeeds/dataset/20180105-095635-2.jpg,8,DW_NEG,8,DW_NEG,True,0.96680474
/content/drive/MyDrive/DeepWeeds/dataset/20180105-095654-3.jpg,8,DW_NEG,8,DW_NEG,True,0.8479345
/content/drive/MyDrive/DeepWeeds/dataset/20180105-095706-3.jpg,8,DW_NEG,8,DW_NEG,True,0.99376833
/content/drive/MyDrive/DeepWeeds/dataset/20180105-095804-2.jpg,8,DW_NEG,8,DW_NEG,True,0.99496126
/content/drive/MyDrive/DeepWeeds/dataset/20180105-095816-3.jpg,8,DW_NEG,8,DW_NEG,True,0.9615095
/content/drive/MyDrive/DeepWeeds/dataset/20180105-095833-3.jpg,8,DW_NEG,8,DW_NEG,True,0.9658639
/content/drive/MyDrive/DeepWeeds/dataset/20180105-095859-3.jpg,8,DW_NEG,8,DW_NEG,True,0.9525299
/content/drive/MyDrive/DeepWeeds/dataset/20180105-095936-2.jpg,8,DW_NEG,8,DW_NEG,True,0.98330194
/content/drive/MyDrive/DeepWeeds/dataset/20180105-095936-3.jpg,8,DW_NEG,8,DW_NEG,True,0.9999819
/content/drive/MyDrive/DeepWeeds/dataset/20180105-095956-3.jpg,8,DW_NEG,8,DW_NEG,True,0.99471647
/content/drive/MyDrive/DeepWeeds/dataset/20180105-100006-3.jpg,8,DW_NEG,8,DW_NEG,True,0.9941632
/content/drive/MyDrive/DeepWeeds/dataset/20180105-100126-2.jpg,8,DW_NEG,8,DW_NEG,True,0.9999566
/content/drive/MyDrive/DeepWeeds/dataset/20180105-100137-2.jpg,8,DW_NEG,8,DW_NEG,True,0.9999964
/content/drive/MyDrive/DeepWeeds/dataset/20180105-100210-3.jpg,8,DW_NEG,8,DW_NEG,True,0.92175597
/content/drive/MyDrive/DeepWeeds/dataset/20180105-100234-2.jpg,8,DW_NEG,6,DW_SIWE,False,0.97226906
/content/drive/MyDrive/DeepWeeds/dataset/20180105-100308-2.jpg,8,DW_NEG,8,DW_NEG,True,0.7990157
/content/drive/MyDrive/DeepWeeds/dataset/20180105-100314-2.jpg,8,DW_NEG,6,DW_SIWE,False,0.97880805
/content/drive/MyDrive/DeepWeeds/dataset/20180105-100314-3.jpg,8,DW_NEG,8,DW_NEG,True,0.9989183
/content/drive/MyDrive/DeepWeeds/dataset/20180105-100405-2.jpg,8,DW_NEG,8,DW_NEG,True,0.9973653
/content/drive/MyDrive/DeepWeeds/dataset/20180105-100414-3.jpg,8,DW_NEG,8,DW_NEG,True,0.57290685
/content/drive/MyDrive/DeepWeeds/dataset/20180105-100457-2.jpg,8,DW_NEG,8,DW_NEG,True,0.8519944
/content/drive/MyDrive/DeepWeeds/dataset/20180105-100544-3.jpg,8,DW_NEG,8,DW_NEG,True,0.99909353
/content/drive/MyDrive/DeepWeeds/dataset/20180105-100554-2.jpg,8,DW_NEG,8,DW_NEG,True,0.999856
/content/drive/MyDrive/DeepWeeds/dataset/20180105-100622-3.jpg,8,DW_NEG,8,DW_NEG,True,0.9999397
/content/drive/MyDrive/DeepWeeds/dataset/20180105-100706-2.jpg,8,DW_NEG,8,DW_NEG,True,0.9060465
/content/drive/MyDrive/DeepWeeds/dataset/20180105-100729-2.jpg,8,DW_NEG,8,DW_NEG,True,0.9996698
/content/drive/MyDrive/DeepWeeds/dataset/20180105-100729-3.jpg,8,DW_NEG,6,DW_SIWE,False,0.82440156
/content/drive/MyDrive/DeepWeeds/dataset/20180105-100830-3.jpg,8,DW_NEG,8,DW_NEG,True,0.8114664
/content/drive/MyDrive/DeepWeeds/dataset/20180105-100843-2.jpg,8,DW_NEG,8,DW_NEG,True,0.9999689
/content/drive/MyDrive/DeepWeeds/dataset/20180105-100937-2.jpg,8,DW_NEG,8,DW_NEG,True,0.9985946
/content/drive/MyDrive/DeepWeeds/dataset/20180105-100957-2.jpg,8,DW_NEG,8,DW_NEG,True,0.9612244
/content/drive/MyDrive/DeepWeeds/dataset/20180105-101059-3.jpg,8,DW_NEG,8,DW_NEG,True,0.98759717
/content/drive/MyDrive/DeepWeeds/dataset/20180105-101143-3.jpg,8,DW_NEG,8,DW_NEG,True,0.9800168
/content/drive/MyDrive/DeepWeeds/dataset/20180105-101147-2.jpg,8,DW_NEG,8,DW_NEG,True,0.9990113
/content/drive/MyDrive/DeepWeeds/dataset/20180105-101221-3.jpg,8,DW_NEG,8,DW_NEG,True,0.99704427
/content/drive/MyDrive/DeepWeeds/dataset/20180105-101232-2.jpg,8,DW_NEG,8,DW_NEG,True,0.61610526
/content/drive/MyDrive/DeepWeeds/dataset/20180105-101313-2.jpg,8,DW_NEG,8,DW_NEG,True,0.50606686
/content/drive/MyDrive/DeepWeeds/dataset/20180105-101357-2.jpg,8,DW_NEG,8,DW_NEG,True,0.9688657
/content/drive/MyDrive/DeepWeeds/dataset/20180105-101504-2.jpg,8,DW_NEG,8,DW_NEG,True,0.97813684
/content/drive/MyDrive/DeepWeeds/dataset/20180105-101617-2.jpg,8,DW_NEG,8,DW_NEG,True,0.91060174
/content/drive/MyDrive/DeepWeeds/dataset/20180105-101653-2.jpg,8,DW_NEG,8,DW_NEG,True,0.9989881
/content/drive/MyDrive/DeepWeeds/dataset/20180105-101736-2.jpg,8,DW_NEG,6,DW_SIWE,False,0.77377087
/content/drive/MyDrive/DeepWeeds/dataset/20180105-101758-2.jpg,8,DW_NEG,8,DW_NEG,True,0.98384964
/content/drive/MyDrive/DeepWeeds/dataset/20180105-101825-2.jpg,8,DW_NEG,8,DW_NEG,True,0.9975479
/content/drive/MyDrive/DeepWeeds/dataset/20180105-101926-2.jpg,8,DW_NEG,8,DW_NEG,True,0.9998136
/content/drive/MyDrive/DeepWeeds/dataset/20180105-102009-2.jpg,8,DW_NEG,8,DW_NEG,True,0.9885361
/content/drive/MyDrive/DeepWeeds/dataset/20180105-102115-2.jpg,8,DW_NEG,8,DW_NEG,True,0.9998734
/content/drive/MyDrive/DeepWeeds/dataset/20180105-102301-1.jpg,8,DW_NEG,8,DW_NEG,True,0.91221434
/content/drive/MyDrive/DeepWeeds/dataset/20180105-102401-1.jpg,8,DW_NEG,8,DW_NEG,True,0.60537267
/content/drive/MyDrive/DeepWeeds/dataset/20180105-102457-1.jpg,8,DW_NEG,8,DW_NEG,True,0.9822755
/content/drive/MyDrive/DeepWeeds/dataset/20180105-104158-1.jpg,8,DW_NEG,8,DW_NEG,True,0.556107
/content/drive/MyDrive/DeepWeeds/dataset/20180105-104316-1.jpg,8,DW_NEG,8,DW_NEG,True,0.9637574
/content/drive/MyDrive/DeepWeeds/dataset/20180105-104407-1.jpg,8,DW_NEG,8,DW_NEG,True,0.9994398
/content/drive/MyDrive/DeepWeeds/dataset/20180105-104532-1.jpg,8,DW_NEG,8,DW_NEG,True,0.9837087
/content/drive/MyDrive/DeepWeeds/dataset/20180105-104712-1.jpg,8,DW_NEG,8,DW_NEG,True,0.99571157
/content/drive/MyDrive/DeepWeeds/dataset/20180109-065843-1.jpg,8,DW_NEG,7,DW_SNWE,False,0.7206814
/content/drive/MyDrive/DeepWeeds/dataset/20180109-065901-2.jpg,8,DW_NEG,8,DW_NEG,True,0.8251487
/content/drive/MyDrive/DeepWeeds/dataset/20180109-065937-1.jpg,8,DW_NEG,8,DW_NEG,True,0.9994655
/content/drive/MyDrive/DeepWeeds/dataset/20180109-070011-1.jpg,8,DW_NEG,8,DW_NEG,True,0.99921477
/content/drive/MyDrive/DeepWeeds/dataset/20180109-070028-2.jpg,8,DW_NEG,8,DW_NEG,True,0.9966363
/content/drive/MyDrive/DeepWeeds/dataset/20180109-070059-2.jpg,8,DW_NEG,8,DW_NEG,True,0.9969663
/content/drive/MyDrive/DeepWeeds/dataset/20180109-070118-2.jpg,8,DW_NEG,8,DW_NEG,True,0.9387331
/content/drive/MyDrive/DeepWeeds/dataset/20180109-070147-1.jpg,8,DW_NEG,8,DW_NEG,True,0.82639897
/content/drive/MyDrive/DeepWeeds/dataset/20180109-070211-1.jpg,8,DW_NEG,6,DW_SIWE,False,0.7247089
/content/drive/MyDrive/DeepWeeds/dataset/20180109-070336-2.jpg,8,DW_NEG,8,DW_NEG,True,0.99784553
/content/drive/MyDrive/DeepWeeds/dataset/20180109-070409-2.jpg,8,DW_NEG,8,DW_NEG,True,0.96953624
/content/drive/MyDrive/DeepWeeds/dataset/20180109-070449-1.jpg,8,DW_NEG,8,DW_NEG,True,0.99119043
/content/drive/MyDrive/DeepWeeds/dataset/20180109-070613-1.jpg,8,DW_NEG,8,DW_NEG,True,0.96498555
/content/drive/MyDrive/DeepWeeds/dataset/20180109-070648-1.jpg,8,DW_NEG,8,DW_NEG,True,0.99141157
/content/drive/MyDrive/DeepWeeds/dataset/20180109-070708-1.jpg,8,DW_NEG,8,DW_NEG,True,0.9991548
/content/drive/MyDrive/DeepWeeds/dataset/20180109-070719-2.jpg,8,DW_NEG,8,DW_NEG,True,0.6839224
/content/drive/MyDrive/DeepWeeds/dataset/20180109-070824-1.jpg,8,DW_NEG,8,DW_NEG,True,0.9095539
/content/drive/MyDrive/DeepWeeds/dataset/20180109-070856-2.jpg,8,DW_NEG,8,DW_NEG,True,0.99852353
/content/drive/MyDrive/DeepWeeds/dataset/20180109-070932-2.jpg,8,DW_NEG,8,DW_NEG,True,0.98920256
/content/drive/MyDrive/DeepWeeds/dataset/20180109-071030-2.jpg,8,DW_NEG,2,DW_PARK,False,0.65317506
/content/drive/MyDrive/DeepWeeds/dataset/20180109-071204-2.jpg,8,DW_NEG,8,DW_NEG,True,0.86136377
/content/drive/MyDrive/DeepWeeds/dataset/20180109-071224-2.jpg,8,DW_NEG,8,DW_NEG,True,0.99571276
/content/drive/MyDrive/DeepWeeds/dataset/20180109-071234-2.jpg,8,DW_NEG,8,DW_NEG,True,0.41539854
/content/drive/MyDrive/DeepWeeds/dataset/20180109-071302-2.jpg,8,DW_NEG,8,DW_NEG,True,0.90275186
/content/drive/MyDrive/DeepWeeds/dataset/20180109-071343-1.jpg,8,DW_NEG,8,DW_NEG,True,0.94643134
/content/drive/MyDrive/DeepWeeds/dataset/20180109-071343-2.jpg,8,DW_NEG,8,DW_NEG,True,0.4627128
/content/drive/MyDrive/DeepWeeds/dataset/20180109-071429-2.jpg,8,DW_NEG,8,DW_NEG,True,0.9900677
/content/drive/MyDrive/DeepWeeds/dataset/20180109-071431-1.jpg,8,DW_NEG,6,DW_SIWE,False,0.69147754
/content/drive/MyDrive/DeepWeeds/dataset/20180109-071502-2.jpg,8,DW_NEG,8,DW_NEG,True,0.9453302
/content/drive/MyDrive/DeepWeeds/dataset/20180109-071515-1.jpg,8,DW_NEG,8,DW_NEG,True,0.99670476
/content/drive/MyDrive/DeepWeeds/dataset/20180109-071528-2.jpg,8,DW_NEG,8,DW_NEG,True,0.96677375
/content/drive/MyDrive/DeepWeeds/dataset/20180109-071641-1.jpg,8,DW_NEG,8,DW_NEG,True,0.9109428
/content/drive/MyDrive/DeepWeeds/dataset/20180109-071651-2.jpg,8,DW_NEG,8,DW_NEG,True,0.93149304
/content/drive/MyDrive/DeepWeeds/dataset/20180109-071728-1.jpg,8,DW_NEG,8,DW_NEG,True,0.97406197
/content/drive/MyDrive/DeepWeeds/dataset/20180109-071800-2.jpg,8,DW_NEG,8,DW_NEG,True,0.9938658
/content/drive/MyDrive/DeepWeeds/dataset/20180109-071834-1.jpg,8,DW_NEG,8,DW_NEG,True,0.87097543
/content/drive/MyDrive/DeepWeeds/dataset/20180109-071834-2.jpg,8,DW_NEG,8,DW_NEG,True,0.87036705
/content/drive/MyDrive/DeepWeeds/dataset/20180109-071852-2.jpg,8,DW_NEG,8,DW_NEG,True,0.84166396
/content/drive/MyDrive/DeepWeeds/dataset/20180109-071922-1.jpg,8,DW_NEG,8,DW_NEG,True,0.87639296
/content/drive/MyDrive/DeepWeeds/dataset/20180109-071945-1.jpg,8,DW_NEG,8,DW_NEG,True,0.6929185
/content/drive/MyDrive/DeepWeeds/dataset/20180109-072019-1.jpg,8,DW_NEG,8,DW_NEG,True,0.84760004
/content/drive/MyDrive/DeepWeeds/dataset/20180109-072019-2.jpg,8,DW_NEG,8,DW_NEG,True,0.84525365
/content/drive/MyDrive/DeepWeeds/dataset/20180109-072048-1.jpg,8,DW_NEG,8,DW_NEG,True,0.98538357
/content/drive/MyDrive/DeepWeeds/dataset/20180109-072118-2.jpg,8,DW_NEG,8,DW_NEG,True,0.9998204
/content/drive/MyDrive/DeepWeeds/dataset/20180109-072154-2.jpg,8,DW_NEG,8,DW_NEG,True,0.99971896
/content/drive/MyDrive/DeepWeeds/dataset/20180109-072211-1.jpg,8,DW_NEG,6,DW_SIWE,False,0.64087445
/content/drive/MyDrive/DeepWeeds/dataset/20180109-072211-2.jpg,8,DW_NEG,8,DW_NEG,True,0.9710724
/content/drive/MyDrive/DeepWeeds/dataset/20180109-072244-1.jpg,8,DW_NEG,6,DW_SIWE,False,0.8931018
/content/drive/MyDrive/DeepWeeds/dataset/20180109-072335-2.jpg,8,DW_NEG,8,DW_NEG,True,0.9286005
/content/drive/MyDrive/DeepWeeds/dataset/20180109-072359-2.jpg,8,DW_NEG,8,DW_NEG,True,0.92905504
/content/drive/MyDrive/DeepWeeds/dataset/20180109-072422-2.jpg,8,DW_NEG,8,DW_NEG,True,0.6708699
/content/drive/MyDrive/DeepWeeds/dataset/20180109-072442-2.jpg,8,DW_NEG,8,DW_NEG,True,0.9692814
/content/drive/MyDrive/DeepWeeds/dataset/20180109-072512-1.jpg,8,DW_NEG,8,DW_NEG,True,0.8004023
/content/drive/MyDrive/DeepWeeds/dataset/20180109-072554-2.jpg,8,DW_NEG,8,DW_NEG,True,0.42457458
/content/drive/MyDrive/DeepWeeds/dataset/20180109-072606-1.jpg,8,DW_NEG,8,DW_NEG,True,0.93136936
/content/drive/MyDrive/DeepWeeds/dataset/20180109-072632-1.jpg,8,DW_NEG,8,DW_NEG,True,0.9804653
/content/drive/MyDrive/DeepWeeds/dataset/20180109-072720-2.jpg,8,DW_NEG,8,DW_NEG,True,0.9714086
/content/drive/MyDrive/DeepWeeds/dataset/20180109-072732-1.jpg,8,DW_NEG,8,DW_NEG,True,0.9859073
/content/drive/MyDrive/DeepWeeds/dataset/20180109-072801-2.jpg,8,DW_NEG,8,DW_NEG,True,0.9990662
/content/drive/MyDrive/DeepWeeds/dataset/20180109-072834-1.jpg,8,DW_NEG,8,DW_NEG,True,0.9969505
/content/drive/MyDrive/DeepWeeds/dataset/20180109-072904-2.jpg,8,DW_NEG,6,DW_SIWE,False,0.95680815
/content/drive/MyDrive/DeepWeeds/dataset/20180109-072945-2.jpg,8,DW_NEG,8,DW_NEG,True,0.8789646
/content/drive/MyDrive/DeepWeeds/dataset/20180109-072959-1.jpg,8,DW_NEG,8,DW_NEG,True,0.63837296
/content/drive/MyDrive/DeepWeeds/dataset/20180109-073047-2.jpg,8,DW_NEG,8,DW_NEG,True,0.88893825
/content/drive/MyDrive/DeepWeeds/dataset/20180109-073119-2.jpg,8,DW_NEG,1,DW_LANT,False,0.99675554
/content/drive/MyDrive/DeepWeeds/dataset/20180109-073143-1.jpg,8,DW_NEG,8,DW_NEG,True,0.8485285
/content/drive/MyDrive/DeepWeeds/dataset/20180109-073202-1.jpg,8,DW_NEG,8,DW_NEG,True,0.9679331
/content/drive/MyDrive/DeepWeeds/dataset/20180109-073223-1.jpg,8,DW_NEG,8,DW_NEG,True,0.8459317
/content/drive/MyDrive/DeepWeeds/dataset/20180109-073257-1.jpg,8,DW_NEG,8,DW_NEG,True,0.97311676
/content/drive/MyDrive/DeepWeeds/dataset/20180109-073359-2.jpg,8,DW_NEG,1,DW_LANT,False,0.81417215
/content/drive/MyDrive/DeepWeeds/dataset/20180109-073915-1.jpg,8,DW_NEG,8,DW_NEG,True,0.5951608
/content/drive/MyDrive/DeepWeeds/dataset/20180109-073915-2.jpg,8,DW_NEG,8,DW_NEG,True,0.76217717
/content/drive/MyDrive/DeepWeeds/dataset/20180109-073943-1.jpg,8,DW_NEG,8,DW_NEG,True,0.99982905
/content/drive/MyDrive/DeepWeeds/dataset/20180109-074010-1.jpg,8,DW_NEG,8,DW_NEG,True,0.99955684
/content/drive/MyDrive/DeepWeeds/dataset/20180109-074030-2.jpg,8,DW_NEG,8,DW_NEG,True,0.64269894
/content/drive/MyDrive/DeepWeeds/dataset/20180109-074051-1.jpg,8,DW_NEG,6,DW_SIWE,False,0.51459765
/content/drive/MyDrive/DeepWeeds/dataset/20180109-074109-1.jpg,8,DW_NEG,8,DW_NEG,True,0.7173943
/content/drive/MyDrive/DeepWeeds/dataset/20180109-074212-2.jpg,8,DW_NEG,8,DW_NEG,True,0.7854965
/content/drive/MyDrive/DeepWeeds/dataset/20180109-074243-2.jpg,8,DW_NEG,8,DW_NEG,True,0.95744383
/content/drive/MyDrive/DeepWeeds/dataset/20180109-074306-2.jpg,8,DW_NEG,8,DW_NEG,True,0.99119437
/content/drive/MyDrive/DeepWeeds/dataset/20180109-074346-1.jpg,8,DW_NEG,8,DW_NEG,True,0.97168297
/content/drive/MyDrive/DeepWeeds/dataset/20180109-074359-2.jpg,8,DW_NEG,8,DW_NEG,True,0.8828912
/content/drive/MyDrive/DeepWeeds/dataset/20180109-074440-1.jpg,8,DW_NEG,8,DW_NEG,True,0.9939374
/content/drive/MyDrive/DeepWeeds/dataset/20180109-074501-1.jpg,8,DW_NEG,8,DW_NEG,True,0.9954639
/content/drive/MyDrive/DeepWeeds/dataset/20180109-074512-1.jpg,8,DW_NEG,8,DW_NEG,True,0.9983014
/content/drive/MyDrive/DeepWeeds/dataset/20180109-074546-2.jpg,8,DW_NEG,8,DW_NEG,True,0.90954846
/content/drive/MyDrive/DeepWeeds/dataset/20180109-074553-2.jpg,8,DW_NEG,8,DW_NEG,True,0.50296336
/content/drive/MyDrive/DeepWeeds/dataset/20180109-074626-2.jpg,8,DW_NEG,8,DW_NEG,True,0.9789994
/content/drive/MyDrive/DeepWeeds/dataset/20180109-074652-2.jpg,8,DW_NEG,8,DW_NEG,True,0.9928202
/content/drive/MyDrive/DeepWeeds/dataset/20180109-074715-2.jpg,8,DW_NEG,8,DW_NEG,True,0.9609763
/content/drive/MyDrive/DeepWeeds/dataset/20180109-074754-2.jpg,8,DW_NEG,1,DW_LANT,False,0.49358714
/content/drive/MyDrive/DeepWeeds/dataset/20180109-074810-2.jpg,8,DW_NEG,6,DW_SIWE,False,0.7938668
/content/drive/MyDrive/DeepWeeds/dataset/20180109-074852-2.jpg,8,DW_NEG,6,DW_SIWE,False,0.9826524
/content/drive/MyDrive/DeepWeeds/dataset/20180109-074920-2.jpg,8,DW_NEG,8,DW_NEG,True,0.62163985
/content/drive/MyDrive/DeepWeeds/dataset/20180109-074956-1.jpg,8,DW_NEG,8,DW_NEG,True,0.8928992
/content/drive/MyDrive/DeepWeeds/dataset/20180109-075014-2.jpg,8,DW_NEG,1,DW_LANT,False,0.608785
/content/drive/MyDrive/DeepWeeds/dataset/20180109-075037-2.jpg,8,DW_NEG,8,DW_NEG,True,0.9878335
/content/drive/MyDrive/DeepWeeds/dataset/20180109-075116-1.jpg,8,DW_NEG,8,DW_NEG,True,0.9984295
/content/drive/MyDrive/DeepWeeds/dataset/20180109-075135-2.jpg,8,DW_NEG,8,DW_NEG,True,0.97571623
/content/drive/MyDrive/DeepWeeds/dataset/20180109-075144-1.jpg,8,DW_NEG,8,DW_NEG,True,0.980316
/content/drive/MyDrive/DeepWeeds/dataset/20180109-075255-2.jpg,8,DW_NEG,8,DW_NEG,True,0.58185905
/content/drive/MyDrive/DeepWeeds/dataset/20180109-075302-1.jpg,8,DW_NEG,6,DW_SIWE,False,0.5459109
/content/drive/MyDrive/DeepWeeds/dataset/20180109-075317-1.jpg,8,DW_NEG,8,DW_NEG,True,0.9794104
/content/drive/MyDrive/DeepWeeds/dataset/20180109-075356-2.jpg,8,DW_NEG,6,DW_SIWE,False,0.82565403
/content/drive/MyDrive/DeepWeeds/dataset/20180109-075410-1.jpg,8,DW_NEG,8,DW_NEG,True,0.9920425
/content/drive/MyDrive/DeepWeeds/dataset/20180109-075410-2.jpg,8,DW_NEG,8,DW_NEG,True,0.6660397
/content/drive/MyDrive/DeepWeeds/dataset/20180109-075446-2.jpg,8,DW_NEG,8,DW_NEG,True,0.8903806
/content/drive/MyDrive/DeepWeeds/dataset/20180109-075517-2.jpg,8,DW_NEG,8,DW_NEG,True,0.7975592
/content/drive/MyDrive/DeepWeeds/dataset/20180109-075559-2.jpg,8,DW_NEG,8,DW_NEG,True,0.99990666
/content/drive/MyDrive/DeepWeeds/dataset/20180109-075647-2.jpg,8,DW_NEG,8,DW_NEG,True,0.9634553
/content/drive/MyDrive/DeepWeeds/dataset/20180109-075703-2.jpg,8,DW_NEG,8,DW_NEG,True,0.986894
/content/drive/MyDrive/DeepWeeds/dataset/20180109-075808-2.jpg,8,DW_NEG,8,DW_NEG,True,0.9940006
/content/drive/MyDrive/DeepWeeds/dataset/20180109-075853-1.jpg,8,DW_NEG,8,DW_NEG,True,0.5579366
/content/drive/MyDrive/DeepWeeds/dataset/20180109-075919-1.jpg,8,DW_NEG,8,DW_NEG,True,0.9850986
/content/drive/MyDrive/DeepWeeds/dataset/20180109-080042-1.jpg,8,DW_NEG,7,DW_SNWE,False,0.54968494
/content/drive/MyDrive/DeepWeeds/dataset/20180109-080102-1.jpg,8,DW_NEG,8,DW_NEG,True,0.99176663
/content/drive/MyDrive/DeepWeeds/dataset/20180109-080130-1.jpg,8,DW_NEG,8,DW_NEG,True,0.99984884
/content/drive/MyDrive/DeepWeeds/dataset/20180109-080211-1.jpg,8,DW_NEG,8,DW_NEG,True,0.9972134
/content/drive/MyDrive/DeepWeeds/dataset/20180109-080258-2.jpg,7,DW_SNWE,6,DW_SIWE,False,0.99992037
/content/drive/MyDrive/DeepWeeds/dataset/20180109-080400-1.jpg,8,DW_NEG,6,DW_SIWE,False,0.74314994
/content/drive/MyDrive/DeepWeeds/dataset/20180109-080501-2.jpg,8,DW_NEG,8,DW_NEG,True,0.8576857
/content/drive/MyDrive/DeepWeeds/dataset/20180109-080510-2.jpg,8,DW_NEG,8,DW_NEG,True,0.9144773
/content/drive/MyDrive/DeepWeeds/dataset/20180109-080637-1.jpg,8,DW_NEG,8,DW_NEG,True,0.9921916
/content/drive/MyDrive/DeepWeeds/dataset/20180109-080723-2.jpg,8,DW_NEG,8,DW_NEG,True,0.95261276
/content/drive/MyDrive/DeepWeeds/dataset/20180109-085308-2.jpg,8,DW_NEG,8,DW_NEG,True,0.68224764
/content/drive/MyDrive/DeepWeeds/dataset/20180109-085337-1.jpg,8,DW_NEG,8,DW_NEG,True,0.9699662
/content/drive/MyDrive/DeepWeeds/dataset/20180109-085406-1.jpg,8,DW_NEG,8,DW_NEG,True,0.9876958
/content/drive/MyDrive/DeepWeeds/dataset/20180109-085435-2.jpg,8,DW_NEG,6,DW_SIWE,False,0.50250906
/content/drive/MyDrive/DeepWeeds/dataset/20180109-085453-1.jpg,8,DW_NEG,8,DW_NEG,True,0.99871886
/content/drive/MyDrive/DeepWeeds/dataset/20180109-085511-2.jpg,8,DW_NEG,8,DW_NEG,True,0.9986675
/content/drive/MyDrive/DeepWeeds/dataset/20180109-085543-2.jpg,8,DW_NEG,8,DW_NEG,True,0.9790069
/content/drive/MyDrive/DeepWeeds/dataset/20180109-085623-2.jpg,8,DW_NEG,8,DW_NEG,True,0.6771645
/content/drive/MyDrive/DeepWeeds/dataset/20180109-085639-2.jpg,8,DW_NEG,6,DW_SIWE,False,0.6160643
/content/drive/MyDrive/DeepWeeds/dataset/20180109-085644-1.jpg,8,DW_NEG,8,DW_NEG,True,0.5136428
/content/drive/MyDrive/DeepWeeds/dataset/20180109-085727-1.jpg,8,DW_NEG,8,DW_NEG,True,0.99681586
/content/drive/MyDrive/DeepWeeds/dataset/20180109-085806-1.jpg,8,DW_NEG,8,DW_NEG,True,0.97356117
/content/drive/MyDrive/DeepWeeds/dataset/20180109-085911-1.jpg,8,DW_NEG,8,DW_NEG,True,0.99446553
/content/drive/MyDrive/DeepWeeds/dataset/20180109-085911-2.jpg,8,DW_NEG,8,DW_NEG,True,0.76778245
/content/drive/MyDrive/DeepWeeds/dataset/20180109-085933-2.jpg,8,DW_NEG,8,DW_NEG,True,0.96511
/content/drive/MyDrive/DeepWeeds/dataset/20180109-085954-2.jpg,8,DW_NEG,8,DW_NEG,True,0.9523088
/content/drive/MyDrive/DeepWeeds/dataset/20180109-090015-2.jpg,8,DW_NEG,8,DW_NEG,True,0.97539324
/content/drive/MyDrive/DeepWeeds/dataset/20180109-090042-2.jpg,8,DW_NEG,8,DW_NEG,True,0.999522
/content/drive/MyDrive/DeepWeeds/dataset/20180109-090058-2.jpg,8,DW_NEG,8,DW_NEG,True,0.9990734
/content/drive/MyDrive/DeepWeeds/dataset/20180109-090115-2.jpg,8,DW_NEG,8,DW_NEG,True,0.9264913
/content/drive/MyDrive/DeepWeeds/dataset/20180109-090148-2.jpg,8,DW_NEG,8,DW_NEG,True,0.9913394
/content/drive/MyDrive/DeepWeeds/dataset/20180109-090228-1.jpg,8,DW_NEG,8,DW_NEG,True,0.90372837
/content/drive/MyDrive/DeepWeeds/dataset/20180109-090304-1.jpg,8,DW_NEG,8,DW_NEG,True,0.9362755
/content/drive/MyDrive/DeepWeeds/dataset/20180109-090333-2.jpg,8,DW_NEG,8,DW_NEG,True,0.46496004
/content/drive/MyDrive/DeepWeeds/dataset/20180109-090402-1.jpg,8,DW_NEG,8,DW_NEG,True,0.643264
/content/drive/MyDrive/DeepWeeds/dataset/20180109-090435-1.jpg,8,DW_NEG,8,DW_NEG,True,0.99320686
/content/drive/MyDrive/DeepWeeds/dataset/20180109-090509-2.jpg,8,DW_NEG,7,DW_SNWE,False,0.6779654
/content/drive/MyDrive/DeepWeeds/dataset/20180109-090512-1.jpg,8,DW_NEG,8,DW_NEG,True,0.59041953
/content/drive/MyDrive/DeepWeeds/dataset/20180109-090530-1.jpg,8,DW_NEG,8,DW_NEG,True,0.9413571
/content/drive/MyDrive/DeepWeeds/dataset/20180109-090702-2.jpg,8,DW_NEG,8,DW_NEG,True,0.98336226
/content/drive/MyDrive/DeepWeeds/dataset/20180109-090737-2.jpg,8,DW_NEG,8,DW_NEG,True,0.7617282
/content/drive/MyDrive/DeepWeeds/dataset/20180109-090828-2.jpg,8,DW_NEG,8,DW_NEG,True,0.9994863
/content/drive/MyDrive/DeepWeeds/dataset/20180109-090914-2.jpg,8,DW_NEG,8,DW_NEG,True,0.8838769
/content/drive/MyDrive/DeepWeeds/dataset/20180109-090947-2.jpg,8,DW_NEG,8,DW_NEG,True,0.93801004
/content/drive/MyDrive/DeepWeeds/dataset/20180109-091058-2.jpg,8,DW_NEG,8,DW_NEG,True,0.9997136
/content/drive/MyDrive/DeepWeeds/dataset/20180109-091145-2.jpg,8,DW_NEG,8,DW_NEG,True,0.9994516
/content/drive/MyDrive/DeepWeeds/dataset/20180109-091218-2.jpg,8,DW_NEG,8,DW_NEG,True,0.77106917
/content/drive/MyDrive/DeepWeeds/dataset/20180109-091256-1.jpg,8,DW_NEG,8,DW_NEG,True,0.9638432
/content/drive/MyDrive/DeepWeeds/dataset/20180109-091345-2.jpg,8,DW_NEG,8,DW_NEG,True,0.95928067
/content/drive/MyDrive/DeepWeeds/dataset/20180109-091432-1.jpg,8,DW_NEG,8,DW_NEG,True,0.7507412
/content/drive/MyDrive/DeepWeeds/dataset/20180109-091440-1.jpg,8,DW_NEG,8,DW_NEG,True,0.9221883
/content/drive/MyDrive/DeepWeeds/dataset/20180109-091508-2.jpg,8,DW_NEG,5,DW_RUBV,False,0.5510415
/content/drive/MyDrive/DeepWeeds/dataset/20180109-091546-1.jpg,8,DW_NEG,8,DW_NEG,True,0.90206546
/content/drive/MyDrive/DeepWeeds/dataset/20180109-091559-2.jpg,8,DW_NEG,8,DW_NEG,True,0.9994055
/content/drive/MyDrive/DeepWeeds/dataset/20180109-091734-1.jpg,8,DW_NEG,8,DW_NEG,True,0.40936226
/content/drive/MyDrive/DeepWeeds/dataset/20180109-091822-1.jpg,8,DW_NEG,8,DW_NEG,True,0.86751664
/content/drive/MyDrive/DeepWeeds/dataset/20180109-091850-1.jpg,8,DW_NEG,8,DW_NEG,True,0.85351634
/content/drive/MyDrive/DeepWeeds/dataset/20180109-091922-1.jpg,8,DW_NEG,8,DW_NEG,True,0.9835442
/content/drive/MyDrive/DeepWeeds/dataset/20180109-091934-2.jpg,8,DW_NEG,8,DW_NEG,True,0.7204909
/content/drive/MyDrive/DeepWeeds/dataset/20180109-092017-1.jpg,8,DW_NEG,8,DW_NEG,True,0.9955382
/content/drive/MyDrive/DeepWeeds/dataset/20180109-092108-2.jpg,7,DW_SNWE,7,DW_SNWE,True,0.983076
/content/drive/MyDrive/DeepWeeds/dataset/20180109-092128-1.jpg,8,DW_NEG,8,DW_NEG,True,0.9968683
/content/drive/MyDrive/DeepWeeds/dataset/20180109-092223-2.jpg,8,DW_NEG,8,DW_NEG,True,0.8887126
/content/drive/MyDrive/DeepWeeds/dataset/20180109-092255-2.jpg,8,DW_NEG,8,DW_NEG,True,0.9528624
/content/drive/MyDrive/DeepWeeds/dataset/20180109-092317-1.jpg,8,DW_NEG,8,DW_NEG,True,0.99158937
/content/drive/MyDrive/DeepWeeds/dataset/20180109-092343-1.jpg,8,DW_NEG,8,DW_NEG,True,0.9893629
/content/drive/MyDrive/DeepWeeds/dataset/20180109-092421-2.jpg,8,DW_NEG,6,DW_SIWE,False,0.5016687
/content/drive/MyDrive/DeepWeeds/dataset/20180109-092447-2.jpg,8,DW_NEG,8,DW_NEG,True,0.75825423
/content/drive/MyDrive/DeepWeeds/dataset/20180109-092518-1.jpg,8,DW_NEG,8,DW_NEG,True,0.999511
/content/drive/MyDrive/DeepWeeds/dataset/20180109-092557-2.jpg,8,DW_NEG,8,DW_NEG,True,0.996145
/content/drive/MyDrive/DeepWeeds/dataset/20180109-094515-2.jpg,7,DW_SNWE,0,DW_CHAP,False,0.95875275
/content/drive/MyDrive/DeepWeeds/dataset/20180109-094604-2.jpg,8,DW_NEG,8,DW_NEG,True,0.56724924
/content/drive/MyDrive/DeepWeeds/dataset/20180109-094641-1.jpg,8,DW_NEG,8,DW_NEG,True,0.99850607
/content/drive/MyDrive/DeepWeeds/dataset/20180109-094655-2.jpg,8,DW_NEG,8,DW_NEG,True,0.74590904
/content/drive/MyDrive/DeepWeeds/dataset/20180109-094659-1.jpg,8,DW_NEG,8,DW_NEG,True,0.55252075
/content/drive/MyDrive/DeepWeeds/dataset/20180109-094731-1.jpg,8,DW_NEG,8,DW_NEG,True,0.97310615
/content/drive/MyDrive/DeepWeeds/dataset/20180109-094756-2.jpg,8,DW_NEG,8,DW_NEG,True,0.9615966
/content/drive/MyDrive/DeepWeeds/dataset/20180109-094849-2.jpg,8,DW_NEG,8,DW_NEG,True,0.9894617
/content/drive/MyDrive/DeepWeeds/dataset/20180109-094911-1.jpg,8,DW_NEG,8,DW_NEG,True,0.9834078
/content/drive/MyDrive/DeepWeeds/dataset/20180109-094939-2.jpg,8,DW_NEG,8,DW_NEG,True,0.9040998
/content/drive/MyDrive/DeepWeeds/dataset/20180109-095016-2.jpg,8,DW_NEG,8,DW_NEG,True,0.99737966
/content/drive/MyDrive/DeepWeeds/dataset/20180109-095038-2.jpg,8,DW_NEG,0,DW_CHAP,False,0.39836404
/content/drive/MyDrive/DeepWeeds/dataset/20180109-095145-1.jpg,8,DW_NEG,6,DW_SIWE,False,0.55259573
/content/drive/MyDrive/DeepWeeds/dataset/20180109-095145-2.jpg,8,DW_NEG,8,DW_NEG,True,0.9961635
/content/drive/MyDrive/DeepWeeds/dataset/20180109-095212-2.jpg,8,DW_NEG,8,DW_NEG,True,0.9828431
/content/drive/MyDrive/DeepWeeds/dataset/20180109-095239-2.jpg,8,DW_NEG,8,DW_NEG,True,0.8913084
/content/drive/MyDrive/DeepWeeds/dataset/20180109-095310-2.jpg,8,DW_NEG,8,DW_NEG,True,0.8147914
/content/drive/MyDrive/DeepWeeds/dataset/20180109-095348-1.jpg,8,DW_NEG,8,DW_NEG,True,0.99955136
/content/drive/MyDrive/DeepWeeds/dataset/20180109-095412-2.jpg,8,DW_NEG,8,DW_NEG,True,0.84720016
/content/drive/MyDrive/DeepWeeds/dataset/20180109-095520-2.jpg,8,DW_NEG,8,DW_NEG,True,0.9935002
/content/drive/MyDrive/DeepWeeds/dataset/20180109-095534-1.jpg,8,DW_NEG,8,DW_NEG,True,0.9349969
/content/drive/MyDrive/DeepWeeds/dataset/20180109-095621-1.jpg,8,DW_NEG,8,DW_NEG,True,0.9998318
/content/drive/MyDrive/DeepWeeds/dataset/20180109-095652-1.jpg,8,DW_NEG,8,DW_NEG,True,0.99997616
/content/drive/MyDrive/DeepWeeds/dataset/20180109-095743-1.jpg,8,DW_NEG,8,DW_NEG,True,0.9702711
/content/drive/MyDrive/DeepWeeds/dataset/20180109-095839-1.jpg,8,DW_NEG,8,DW_NEG,True,0.99405295
/content/drive/MyDrive/DeepWeeds/dataset/20180109-095848-2.jpg,8,DW_NEG,8,DW_NEG,True,0.8136265
/content/drive/MyDrive/DeepWeeds/dataset/20180109-095926-1.jpg,8,DW_NEG,8,DW_NEG,True,0.7985494
/content/drive/MyDrive/DeepWeeds/dataset/20180109-095946-1.jpg,8,DW_NEG,8,DW_NEG,True,0.9946016
/content/drive/MyDrive/DeepWeeds/dataset/20180109-100022-1.jpg,8,DW_NEG,8,DW_NEG,True,0.98680705
/content/drive/MyDrive/DeepWeeds/dataset/20180109-100046-1.jpg,8,DW_NEG,8,DW_NEG,True,0.7407029
/content/drive/MyDrive/DeepWeeds/dataset/20180109-100136-1.jpg,8,DW_NEG,8,DW_NEG,True,0.9431033
/content/drive/MyDrive/DeepWeeds/dataset/20180109-100223-2.jpg,8,DW_NEG,8,DW_NEG,True,0.79592294
/content/drive/MyDrive/DeepWeeds/dataset/20180109-100243-2.jpg,8,DW_NEG,8,DW_NEG,True,0.9177932
/content/drive/MyDrive/DeepWeeds/dataset/20180109-100309-2.jpg,8,DW_NEG,8,DW_NEG,True,0.686493
/content/drive/MyDrive/DeepWeeds/dataset/20180109-100311-1.jpg,8,DW_NEG,8,DW_NEG,True,0.99886453
/content/drive/MyDrive/DeepWeeds/dataset/20180109-100348-2.jpg,8,DW_NEG,8,DW_NEG,True,0.56074345
/content/drive/MyDrive/DeepWeeds/dataset/20180109-100433-1.jpg,8,DW_NEG,8,DW_NEG,True,0.75605464
/content/drive/MyDrive/DeepWeeds/dataset/20180109-100506-1.jpg,8,DW_NEG,8,DW_NEG,True,0.99707365
/content/drive/MyDrive/DeepWeeds/dataset/20180109-100626-1.jpg,8,DW_NEG,8,DW_NEG,True,0.845635
/content/drive/MyDrive/DeepWeeds/dataset/20180109-100635-1.jpg,8,DW_NEG,8,DW_NEG,True,0.98098856
/content/drive/MyDrive/DeepWeeds/dataset/20180109-100717-2.jpg,8,DW_NEG,8,DW_NEG,True,0.99501365
/content/drive/MyDrive/DeepWeeds/dataset/20180109-100749-2.jpg,8,DW_NEG,8,DW_NEG,True,0.9942023
/content/drive/MyDrive/DeepWeeds/dataset/20180109-100822-1.jpg,8,DW_NEG,8,DW_NEG,True,0.78890705
/content/drive/MyDrive/DeepWeeds/dataset/20180109-100935-1.jpg,8,DW_NEG,8,DW_NEG,True,0.9494447
/content/drive/MyDrive/DeepWeeds/dataset/20180109-101036-2.jpg,8,DW_NEG,8,DW_NEG,True,0.99757046
/content/drive/MyDrive/DeepWeeds/dataset/20180109-101059-1.jpg,8,DW_NEG,8,DW_NEG,True,0.45128974
/content/drive/MyDrive/DeepWeeds/dataset/20180109-101109-1.jpg,8,DW_NEG,5,DW_RUBV,False,0.99926203
/content/drive/MyDrive/DeepWeeds/dataset/20180109-101131-2.jpg,8,DW_NEG,6,DW_SIWE,False,0.9748195
/content/drive/MyDrive/DeepWeeds/dataset/20180109-101147-2.jpg,8,DW_NEG,6,DW_SIWE,False,0.55522746
/content/drive/MyDrive/DeepWeeds/dataset/20180109-101245-1.jpg,8,DW_NEG,8,DW_NEG,True,0.96879524
/content/drive/MyDrive/DeepWeeds/dataset/20180109-101245-2.jpg,8,DW_NEG,6,DW_SIWE,False,0.97255355
/content/drive/MyDrive/DeepWeeds/dataset/20180109-101318-2.jpg,8,DW_NEG,8,DW_NEG,True,0.9988181
/content/drive/MyDrive/DeepWeeds/dataset/20180109-101333-2.jpg,8,DW_NEG,8,DW_NEG,True,0.88963467
/content/drive/MyDrive/DeepWeeds/dataset/20180109-101406-2.jpg,8,DW_NEG,8,DW_NEG,True,0.9981376
/content/drive/MyDrive/DeepWeeds/dataset/20180109-101420-2.jpg,8,DW_NEG,8,DW_NEG,True,0.93989795
/content/drive/MyDrive/DeepWeeds/dataset/20180109-101513-2.jpg,8,DW_NEG,8,DW_NEG,True,0.96896064
/content/drive/MyDrive/DeepWeeds/dataset/20180109-101538-1.jpg,8,DW_NEG,8,DW_NEG,True,0.769369
/content/drive/MyDrive/DeepWeeds/dataset/20180109-101618-1.jpg,8,DW_NEG,8,DW_NEG,True,0.99787796
/content/drive/MyDrive/DeepWeeds/dataset/20180109-101629-2.jpg,8,DW_NEG,8,DW_NEG,True,0.88730896
/content/drive/MyDrive/DeepWeeds/dataset/20180109-102710-2.jpg,8,DW_NEG,8,DW_NEG,True,0.83654726
/content/drive/MyDrive/DeepWeeds/dataset/20180109-102745-2.jpg,8,DW_NEG,8,DW_NEG,True,0.9989827
/content/drive/MyDrive/DeepWeeds/dataset/20180109-102822-2.jpg,8,DW_NEG,8,DW_NEG,True,0.9786804
/content/drive/MyDrive/DeepWeeds/dataset/20180109-102849-2.jpg,8,DW_NEG,8,DW_NEG,True,0.9807011
/content/drive/MyDrive/DeepWeeds/dataset/20180109-102907-2.jpg,8,DW_NEG,8,DW_NEG,True,0.7925757
/content/drive/MyDrive/DeepWeeds/dataset/20180109-102947-1.jpg,8,DW_NEG,8,DW_NEG,True,0.9999958
/content/drive/MyDrive/DeepWeeds/dataset/20180109-103003-2.jpg,8,DW_NEG,8,DW_NEG,True,0.97712165
/content/drive/MyDrive/DeepWeeds/dataset/20180109-103033-1.jpg,8,DW_NEG,8,DW_NEG,True,0.9956399
/content/drive/MyDrive/DeepWeeds/dataset/20180109-103116-2.jpg,8,DW_NEG,8,DW_NEG,True,0.9280104
/content/drive/MyDrive/DeepWeeds/dataset/20180109-103138-2.jpg,8,DW_NEG,8,DW_NEG,True,0.97078395
/content/drive/MyDrive/DeepWeeds/dataset/20180109-103225-1.jpg,8,DW_NEG,8,DW_NEG,True,0.9965204
/content/drive/MyDrive/DeepWeeds/dataset/20180109-103229-2.jpg,8,DW_NEG,8,DW_NEG,True,0.94719565
/content/drive/MyDrive/DeepWeeds/dataset/20180109-103306-2.jpg,8,DW_NEG,8,DW_NEG,True,0.6561126
/content/drive/MyDrive/DeepWeeds/dataset/20180109-103404-1.jpg,8,DW_NEG,7,DW_SNWE,False,0.42197645
/content/drive/MyDrive/DeepWeeds/dataset/20180109-103455-1.jpg,8,DW_NEG,8,DW_NEG,True,0.997391
/content/drive/MyDrive/DeepWeeds/dataset/20180109-103502-2.jpg,8,DW_NEG,8,DW_NEG,True,0.9926529
/content/drive/MyDrive/DeepWeeds/dataset/20180109-103524-1.jpg,8,DW_NEG,8,DW_NEG,True,0.9661922
/content/drive/MyDrive/DeepWeeds/dataset/20180109-103551-1.jpg,8,DW_NEG,8,DW_NEG,True,0.65966773
/content/drive/MyDrive/DeepWeeds/dataset/20180109-103631-1.jpg,8,DW_NEG,8,DW_NEG,True,0.9590611
/content/drive/MyDrive/DeepWeeds/dataset/20180109-103633-2.jpg,8,DW_NEG,8,DW_NEG,True,0.88434273
/content/drive/MyDrive/DeepWeeds/dataset/20180109-103723-1.jpg,8,DW_NEG,8,DW_NEG,True,0.80301917
/content/drive/MyDrive/DeepWeeds/dataset/20180109-103757-1.jpg,8,DW_NEG,8,DW_NEG,True,0.9601707
/content/drive/MyDrive/DeepWeeds/dataset/20180109-103821-2.jpg,8,DW_NEG,8,DW_NEG,True,0.9916768
/content/drive/MyDrive/DeepWeeds/dataset/20180109-103853-1.jpg,8,DW_NEG,8,DW_NEG,True,0.9783568
/content/drive/MyDrive/DeepWeeds/dataset/20180109-103937-2.jpg,8,DW_NEG,8,DW_NEG,True,0.91010904
/content/drive/MyDrive/DeepWeeds/dataset/20180109-104107-2.jpg,8,DW_NEG,8,DW_NEG,True,0.99553853
/content/drive/MyDrive/DeepWeeds/dataset/20180109-104126-2.jpg,8,DW_NEG,8,DW_NEG,True,0.9996891
/content/drive/MyDrive/DeepWeeds/dataset/20180109-104218-2.jpg,8,DW_NEG,8,DW_NEG,True,0.9824765
/content/drive/MyDrive/DeepWeeds/dataset/20180109-104236-2.jpg,8,DW_NEG,8,DW_NEG,True,0.9990689
/content/drive/MyDrive/DeepWeeds/dataset/20180109-104245-2.jpg,8,DW_NEG,8,DW_NEG,True,0.97009987
/content/drive/MyDrive/DeepWeeds/dataset/20180109-104327-1.jpg,8,DW_NEG,8,DW_NEG,True,0.81846994
/content/drive/MyDrive/DeepWeeds/dataset/20180109-104342-2.jpg,8,DW_NEG,8,DW_NEG,True,0.9933722
/content/drive/MyDrive/DeepWeeds/dataset/20180109-104408-2.jpg,8,DW_NEG,8,DW_NEG,True,0.96925104
/content/drive/MyDrive/DeepWeeds/dataset/20180109-104443-1.jpg,8,DW_NEG,8,DW_NEG,True,0.9966736
/content/drive/MyDrive/DeepWeeds/dataset/20180109-104513-2.jpg,8,DW_NEG,8,DW_NEG,True,0.9982003
/content/drive/MyDrive/DeepWeeds/dataset/20180109-104529-2.jpg,8,DW_NEG,8,DW_NEG,True,0.99991274
/content/drive/MyDrive/DeepWeeds/dataset/20180109-104555-2.jpg,8,DW_NEG,8,DW_NEG,True,0.99840087
/content/drive/MyDrive/DeepWeeds/dataset/20180109-104634-2.jpg,8,DW_NEG,8,DW_NEG,True,0.9962037
/content/drive/MyDrive/DeepWeeds/dataset/20180109-104723-1.jpg,8,DW_NEG,8,DW_NEG,True,0.9539679
/content/drive/MyDrive/DeepWeeds/dataset/20180109-104742-1.jpg,8,DW_NEG,8,DW_NEG,True,0.99088824
/content/drive/MyDrive/DeepWeeds/dataset/20180109-104802-1.jpg,8,DW_NEG,8,DW_NEG,True,0.6859853
/content/drive/MyDrive/DeepWeeds/dataset/20180109-104840-2.jpg,8,DW_NEG,7,DW_SNWE,False,0.8625098
/content/drive/MyDrive/DeepWeeds/dataset/20180109-104917-1.jpg,8,DW_NEG,8,DW_NEG,True,0.99408406
/content/drive/MyDrive/DeepWeeds/dataset/20180109-104917-2.jpg,8,DW_NEG,8,DW_NEG,True,0.99949396
/content/drive/MyDrive/DeepWeeds/dataset/20180109-104955-2.jpg,8,DW_NEG,8,DW_NEG,True,0.98460096
/content/drive/MyDrive/DeepWeeds/dataset/20180109-105035-2.jpg,8,DW_NEG,8,DW_NEG,True,0.9211349
/content/drive/MyDrive/DeepWeeds/dataset/20180109-105101-1.jpg,8,DW_NEG,8,DW_NEG,True,0.99988306
/content/drive/MyDrive/DeepWeeds/dataset/20180109-105213-2.jpg,8,DW_NEG,8,DW_NEG,True,0.99546534
/content/drive/MyDrive/DeepWeeds/dataset/20180109-105401-2.jpg,8,DW_NEG,8,DW_NEG,True,0.9996692
/content/drive/MyDrive/DeepWeeds/dataset/20180109-105430-1.jpg,8,DW_NEG,8,DW_NEG,True,0.9345353
/content/drive/MyDrive/DeepWeeds/dataset/20180109-105441-1.jpg,8,DW_NEG,8,DW_NEG,True,0.9378258
/content/drive/MyDrive/DeepWeeds/dataset/20180109-105537-1.jpg,8,DW_NEG,8,DW_NEG,True,0.99700934
/content/drive/MyDrive/DeepWeeds/dataset/20180109-105637-2.jpg,8,DW_NEG,8,DW_NEG,True,0.99877423
/content/drive/MyDrive/DeepWeeds/dataset/20180109-105705-2.jpg,8,DW_NEG,8,DW_NEG,True,0.99773455
/content/drive/MyDrive/DeepWeeds/dataset/20180109-105732-1.jpg,8,DW_NEG,8,DW_NEG,True,0.9978066
/content/drive/MyDrive/DeepWeeds/dataset/20180109-105752-1.jpg,8,DW_NEG,8,DW_NEG,True,0.99961996
/content/drive/MyDrive/DeepWeeds/dataset/20180109-105824-1.jpg,8,DW_NEG,8,DW_NEG,True,0.9995844
/content/drive/MyDrive/DeepWeeds/dataset/20180109-105903-2.jpg,8,DW_NEG,8,DW_NEG,True,0.99174494
/content/drive/MyDrive/DeepWeeds/dataset/20180109-105907-1.jpg,8,DW_NEG,8,DW_NEG,True,0.9334714
/content/drive/MyDrive/DeepWeeds/dataset/20180109-110005-1.jpg,8,DW_NEG,8,DW_NEG,True,0.9951815
/content/drive/MyDrive/DeepWeeds/dataset/20180109-110057-2.jpg,8,DW_NEG,2,DW_PARK,False,0.5209186
/content/drive/MyDrive/DeepWeeds/dataset/20180109-110130-2.jpg,8,DW_NEG,8,DW_NEG,True,0.99977726
/content/drive/MyDrive/DeepWeeds/dataset/20180109-110201-2.jpg,8,DW_NEG,8,DW_NEG,True,0.99945027
/content/drive/MyDrive/DeepWeeds/dataset/20180112-070111-2.jpg,8,DW_NEG,8,DW_NEG,True,0.7322378
/content/drive/MyDrive/DeepWeeds/dataset/20180112-070327-2.jpg,8,DW_NEG,8,DW_NEG,True,0.86972356
/content/drive/MyDrive/DeepWeeds/dataset/20180112-070402-2.jpg,8,DW_NEG,8,DW_NEG,True,0.9862882
/content/drive/MyDrive/DeepWeeds/dataset/20180112-070433-2.jpg,8,DW_NEG,8,DW_NEG,True,0.5278463
/content/drive/MyDrive/DeepWeeds/dataset/20180112-070517-2.jpg,8,DW_NEG,8,DW_NEG,True,0.5384136
/content/drive/MyDrive/DeepWeeds/dataset/20180112-070622-2.jpg,8,DW_NEG,8,DW_NEG,True,0.99779034
/content/drive/MyDrive/DeepWeeds/dataset/20180112-070658-2.jpg,8,DW_NEG,8,DW_NEG,True,0.8214373
/content/drive/MyDrive/DeepWeeds/dataset/20180112-070741-2.jpg,8,DW_NEG,8,DW_NEG,True,0.83845615
/content/drive/MyDrive/DeepWeeds/dataset/20180112-070845-2.jpg,8,DW_NEG,8,DW_NEG,True,0.7776261
/content/drive/MyDrive/DeepWeeds/dataset/20180112-070945-2.jpg,8,DW_NEG,8,DW_NEG,True,0.93598986
/content/drive/MyDrive/DeepWeeds/dataset/20180112-070946-2.jpg,8,DW_NEG,3,DW_PART,False,0.39079556
/content/drive/MyDrive/DeepWeeds/dataset/20180112-071018-2.jpg,8,DW_NEG,8,DW_NEG,True,0.5167115
/content/drive/MyDrive/DeepWeeds/dataset/20180112-071143-2.jpg,8,DW_NEG,8,DW_NEG,True,0.98698646
/content/drive/MyDrive/DeepWeeds/dataset/20180112-071310-2.jpg,8,DW_NEG,8,DW_NEG,True,0.9718321
/content/drive/MyDrive/DeepWeeds/dataset/20180112-071336-2.jpg,8,DW_NEG,8,DW_NEG,True,0.97305375
/content/drive/MyDrive/DeepWeeds/dataset/20180112-071458-2.jpg,8,DW_NEG,4,DW_PRAC,False,0.686836
/content/drive/MyDrive/DeepWeeds/dataset/20180112-071549-2.jpg,8,DW_NEG,8,DW_NEG,True,0.94879085
/content/drive/MyDrive/DeepWeeds/dataset/20180112-071617-2.jpg,8,DW_NEG,8,DW_NEG,True,0.97210264
/content/drive/MyDrive/DeepWeeds/dataset/20180112-071741-2.jpg,8,DW_NEG,8,DW_NEG,True,0.7271843
/content/drive/MyDrive/DeepWeeds/dataset/20180112-071809-1.jpg,8,DW_NEG,8,DW_NEG,True,0.6344731
/content/drive/MyDrive/DeepWeeds/dataset/20180112-071836-2.jpg,8,DW_NEG,4,DW_PRAC,False,0.97762305
/content/drive/MyDrive/DeepWeeds/dataset/20180112-071909-1.jpg,8,DW_NEG,8,DW_NEG,True,0.9085961
/content/drive/MyDrive/DeepWeeds/dataset/20180112-071931-2.jpg,8,DW_NEG,8,DW_NEG,True,0.36941358
/content/drive/MyDrive/DeepWeeds/dataset/20180112-072021-2.jpg,8,DW_NEG,8,DW_NEG,True,0.9422148
/content/drive/MyDrive/DeepWeeds/dataset/20180112-072058-1.jpg,8,DW_NEG,8,DW_NEG,True,0.8905346
/content/drive/MyDrive/DeepWeeds/dataset/20180112-072117-2.jpg,8,DW_NEG,7,DW_SNWE,False,0.3498357
/content/drive/MyDrive/DeepWeeds/dataset/20180112-072203-1.jpg,8,DW_NEG,7,DW_SNWE,False,0.8320483
/content/drive/MyDrive/DeepWeeds/dataset/20180112-072230-1.jpg,8,DW_NEG,5,DW_RUBV,False,0.5868938
/content/drive/MyDrive/DeepWeeds/dataset/20180112-072301-1.jpg,8,DW_NEG,5,DW_RUBV,False,0.63208973
/content/drive/MyDrive/DeepWeeds/dataset/20180112-072339-2.jpg,8,DW_NEG,8,DW_NEG,True,0.6879472
/content/drive/MyDrive/DeepWeeds/dataset/20180112-072415-1.jpg,8,DW_NEG,8,DW_NEG,True,0.5220919
/content/drive/MyDrive/DeepWeeds/dataset/20180112-072450-2.jpg,8,DW_NEG,6,DW_SIWE,False,0.6015456
/content/drive/MyDrive/DeepWeeds/dataset/20180112-072541-2.jpg,8,DW_NEG,8,DW_NEG,True,0.8467432
/content/drive/MyDrive/DeepWeeds/dataset/20180112-072557-1.jpg,8,DW_NEG,8,DW_NEG,True,0.9648295
/content/drive/MyDrive/DeepWeeds/dataset/20180112-072643-1.jpg,8,DW_NEG,8,DW_NEG,True,0.575851
/content/drive/MyDrive/DeepWeeds/dataset/20180112-072649-2.jpg,8,DW_NEG,8,DW_NEG,True,0.88125074
/content/drive/MyDrive/DeepWeeds/dataset/20180112-072707-2.jpg,8,DW_NEG,8,DW_NEG,True,0.98124254
/content/drive/MyDrive/DeepWeeds/dataset/20180112-072738-2.jpg,8,DW_NEG,8,DW_NEG,True,0.9667127
/content/drive/MyDrive/DeepWeeds/dataset/20180112-072821-1.jpg,8,DW_NEG,8,DW_NEG,True,0.76287
/content/drive/MyDrive/DeepWeeds/dataset/20180112-072901-2.jpg,8,DW_NEG,8,DW_NEG,True,0.31564265
/content/drive/MyDrive/DeepWeeds/dataset/20180112-072933-2.jpg,8,DW_NEG,8,DW_NEG,True,0.95394254
/content/drive/MyDrive/DeepWeeds/dataset/20180112-073028-1.jpg,8,DW_NEG,8,DW_NEG,True,0.9189109
/content/drive/MyDrive/DeepWeeds/dataset/20180112-073106-1.jpg,8,DW_NEG,8,DW_NEG,True,0.949302
/content/drive/MyDrive/DeepWeeds/dataset/20180112-073136-2.jpg,8,DW_NEG,8,DW_NEG,True,0.97892123
/content/drive/MyDrive/DeepWeeds/dataset/20180112-073205-2.jpg,8,DW_NEG,8,DW_NEG,True,0.95839584
/content/drive/MyDrive/DeepWeeds/dataset/20180112-073224-1.jpg,8,DW_NEG,8,DW_NEG,True,0.7816455
/content/drive/MyDrive/DeepWeeds/dataset/20180112-073224-2.jpg,8,DW_NEG,8,DW_NEG,True,0.97870946
/content/drive/MyDrive/DeepWeeds/dataset/20180112-073258-1.jpg,8,DW_NEG,8,DW_NEG,True,0.8859835
/content/drive/MyDrive/DeepWeeds/dataset/20180112-073335-1.jpg,8,DW_NEG,8,DW_NEG,True,0.8255092
/content/drive/MyDrive/DeepWeeds/dataset/20180112-073347-1.jpg,8,DW_NEG,8,DW_NEG,True,0.87351143
/content/drive/MyDrive/DeepWeeds/dataset/20180112-073449-1.jpg,8,DW_NEG,8,DW_NEG,True,0.46366107
/content/drive/MyDrive/DeepWeeds/dataset/20180112-073452-2.jpg,8,DW_NEG,8,DW_NEG,True,0.99570894
/content/drive/MyDrive/DeepWeeds/dataset/20180112-073652-1.jpg,8,DW_NEG,8,DW_NEG,True,0.6659934
/content/drive/MyDrive/DeepWeeds/dataset/20180112-073953-1.jpg,8,DW_NEG,8,DW_NEG,True,0.9678173
/content/drive/MyDrive/DeepWeeds/dataset/20180112-074017-1.jpg,8,DW_NEG,8,DW_NEG,True,0.9932719
/content/drive/MyDrive/DeepWeeds/dataset/20180112-074059-1.jpg,8,DW_NEG,8,DW_NEG,True,0.51971173
/content/drive/MyDrive/DeepWeeds/dataset/20180112-074345-1.jpg,8,DW_NEG,8,DW_NEG,True,0.9819342
/content/drive/MyDrive/DeepWeeds/dataset/20180112-074411-1.jpg,8,DW_NEG,8,DW_NEG,True,0.98115057
/content/drive/MyDrive/DeepWeeds/dataset/20180112-074454-1.jpg,8,DW_NEG,8,DW_NEG,True,0.9910868
/content/drive/MyDrive/DeepWeeds/dataset/20180112-074454-2.jpg,8,DW_NEG,8,DW_NEG,True,0.9833988
/content/drive/MyDrive/DeepWeeds/dataset/20180112-074554-2.jpg,8,DW_NEG,8,DW_NEG,True,0.8569778
/content/drive/MyDrive/DeepWeeds/dataset/20180112-074642-2.jpg,8,DW_NEG,8,DW_NEG,True,0.9845034
/content/drive/MyDrive/DeepWeeds/dataset/20180112-074718-2.jpg,8,DW_NEG,8,DW_NEG,True,0.9239458
/content/drive/MyDrive/DeepWeeds/dataset/20180112-074759-1.jpg,8,DW_NEG,8,DW_NEG,True,0.99688524
/content/drive/MyDrive/DeepWeeds/dataset/20180112-074902-2.jpg,8,DW_NEG,8,DW_NEG,True,0.95425636
/content/drive/MyDrive/DeepWeeds/dataset/20180112-075012-2.jpg,8,DW_NEG,8,DW_NEG,True,0.9686459
/content/drive/MyDrive/DeepWeeds/dataset/20180112-075106-2.jpg,8,DW_NEG,0,DW_CHAP,False,0.4383123
/content/drive/MyDrive/DeepWeeds/dataset/20180112-075208-2.jpg,8,DW_NEG,8,DW_NEG,True,0.6559791
/content/drive/MyDrive/DeepWeeds/dataset/20180112-075306-2.jpg,8,DW_NEG,8,DW_NEG,True,0.99499077
/content/drive/MyDrive/DeepWeeds/dataset/20180112-075443-2.jpg,8,DW_NEG,8,DW_NEG,True,0.8462002
/content/drive/MyDrive/DeepWeeds/dataset/20180112-075445-2.jpg,8,DW_NEG,8,DW_NEG,True,0.96511
/content/drive/MyDrive/DeepWeeds/dataset/20180112-075611-2.jpg,8,DW_NEG,8,DW_NEG,True,0.9024602
/content/drive/MyDrive/DeepWeeds/dataset/20180112-075718-2.jpg,8,DW_NEG,8,DW_NEG,True,0.93759334
/content/drive/MyDrive/DeepWeeds/dataset/20180112-075756-2.jpg,8,DW_NEG,7,DW_SNWE,False,0.90899354
/content/drive/MyDrive/DeepWeeds/dataset/20180112-075900-2.jpg,8,DW_NEG,7,DW_SNWE,False,0.93166983
/content/drive/MyDrive/DeepWeeds/dataset/20180112-080001-2.jpg,8,DW_NEG,8,DW_NEG,True,0.90905946
/content/drive/MyDrive/DeepWeeds/dataset/20180112-080107-2.jpg,8,DW_NEG,8,DW_NEG,True,0.8276214
/content/drive/MyDrive/DeepWeeds/dataset/20180112-080151-2.jpg,8,DW_NEG,8,DW_NEG,True,0.8966792
/content/drive/MyDrive/DeepWeeds/dataset/20180112-080317-2.jpg,8,DW_NEG,8,DW_NEG,True,0.959463
/content/drive/MyDrive/DeepWeeds/dataset/20180112-080356-2.jpg,8,DW_NEG,8,DW_NEG,True,0.9906703
/content/drive/MyDrive/DeepWeeds/dataset/20180112-080358-2.jpg,8,DW_NEG,8,DW_NEG,True,0.7867864
/content/drive/MyDrive/DeepWeeds/dataset/20180112-080444-1.jpg,8,DW_NEG,8,DW_NEG,True,0.9675061
/content/drive/MyDrive/DeepWeeds/dataset/20180112-080505-1.jpg,8,DW_NEG,3,DW_PART,False,0.73820984
/content/drive/MyDrive/DeepWeeds/dataset/20180112-080538-1.jpg,8,DW_NEG,8,DW_NEG,True,0.4859669
/content/drive/MyDrive/DeepWeeds/dataset/20180112-080609-2.jpg,8,DW_NEG,8,DW_NEG,True,0.98456556
/content/drive/MyDrive/DeepWeeds/dataset/20180112-080623-2.jpg,8,DW_NEG,8,DW_NEG,True,0.88193715
/content/drive/MyDrive/DeepWeeds/dataset/20180112-080634-2.jpg,8,DW_NEG,8,DW_NEG,True,0.99753237
/content/drive/MyDrive/DeepWeeds/dataset/20180112-080753-1.jpg,8,DW_NEG,8,DW_NEG,True,0.9435093
/content/drive/MyDrive/DeepWeeds/dataset/20180112-080813-1.jpg,8,DW_NEG,7,DW_SNWE,False,0.9972887
/content/drive/MyDrive/DeepWeeds/dataset/20180112-080904-2.jpg,8,DW_NEG,8,DW_NEG,True,0.9789083
/content/drive/MyDrive/DeepWeeds/dataset/20180112-080936-2.jpg,8,DW_NEG,8,DW_NEG,True,0.98146045
/content/drive/MyDrive/DeepWeeds/dataset/20180112-081003-1.jpg,8,DW_NEG,8,DW_NEG,True,0.9927866
/content/drive/MyDrive/DeepWeeds/dataset/20180112-081040-2.jpg,8,DW_NEG,4,DW_PRAC,False,0.55462575
/content/drive/MyDrive/DeepWeeds/dataset/20180112-081057-1.jpg,8,DW_NEG,8,DW_NEG,True,0.8507924
/content/drive/MyDrive/DeepWeeds/dataset/20180112-081125-2.jpg,8,DW_NEG,8,DW_NEG,True,0.7438879
/content/drive/MyDrive/DeepWeeds/dataset/20180112-081156-1.jpg,8,DW_NEG,8,DW_NEG,True,0.9967141
/content/drive/MyDrive/DeepWeeds/dataset/20180112-081230-2.jpg,8,DW_NEG,8,DW_NEG,True,0.9816257
/content/drive/MyDrive/DeepWeeds/dataset/20180112-081303-2.jpg,8,DW_NEG,4,DW_PRAC,False,0.7450288
/content/drive/MyDrive/DeepWeeds/dataset/20180112-081326-2.jpg,8,DW_NEG,4,DW_PRAC,False,0.43166095
/content/drive/MyDrive/DeepWeeds/dataset/20180112-081341-1.jpg,8,DW_NEG,8,DW_NEG,True,0.9998344
/content/drive/MyDrive/DeepWeeds/dataset/20180112-081429-1.jpg,8,DW_NEG,8,DW_NEG,True,0.982067
/content/drive/MyDrive/DeepWeeds/dataset/20180112-081449-2.jpg,8,DW_NEG,8,DW_NEG,True,0.99955815
/content/drive/MyDrive/DeepWeeds/dataset/20180112-081605-1.jpg,8,DW_NEG,8,DW_NEG,True,0.9985663
/content/drive/MyDrive/DeepWeeds/dataset/20180112-081634-2.jpg,8,DW_NEG,4,DW_PRAC,False,0.6259117
/content/drive/MyDrive/DeepWeeds/dataset/20180112-081708-1.jpg,8,DW_NEG,8,DW_NEG,True,0.99816847
/content/drive/MyDrive/DeepWeeds/dataset/20180112-081826-1.jpg,8,DW_NEG,8,DW_NEG,True,0.93510896
/content/drive/MyDrive/DeepWeeds/dataset/20180112-081919-2.jpg,8,DW_NEG,8,DW_NEG,True,0.95673746
/content/drive/MyDrive/DeepWeeds/dataset/20180112-081952-1.jpg,8,DW_NEG,8,DW_NEG,True,0.91537976
/content/drive/MyDrive/DeepWeeds/dataset/20180112-082059-2.jpg,8,DW_NEG,8,DW_NEG,True,0.99461293
/content/drive/MyDrive/DeepWeeds/dataset/20180112-082156-2.jpg,8,DW_NEG,8,DW_NEG,True,0.9972741
/content/drive/MyDrive/DeepWeeds/dataset/20180112-082206-2.jpg,8,DW_NEG,8,DW_NEG,True,0.9962669
/content/drive/MyDrive/DeepWeeds/dataset/20180112-082239-2.jpg,8,DW_NEG,8,DW_NEG,True,0.53148633
/content/drive/MyDrive/DeepWeeds/dataset/20180112-082327-1.jpg,8,DW_NEG,8,DW_NEG,True,0.6342739
/content/drive/MyDrive/DeepWeeds/dataset/20180112-082405-1.jpg,8,DW_NEG,8,DW_NEG,True,0.97275925
/content/drive/MyDrive/DeepWeeds/dataset/20180112-082534-1.jpg,8,DW_NEG,8,DW_NEG,True,0.56501985
/content/drive/MyDrive/DeepWeeds/dataset/20180112-082611-1.jpg,8,DW_NEG,8,DW_NEG,True,0.6324409
/content/drive/MyDrive/DeepWeeds/dataset/20180112-082753-1.jpg,8,DW_NEG,8,DW_NEG,True,0.8391917
/content/drive/MyDrive/DeepWeeds/dataset/20180112-082913-1.jpg,8,DW_NEG,8,DW_NEG,True,0.9937543
/content/drive/MyDrive/DeepWeeds/dataset/20180112-083043-1.jpg,8,DW_NEG,8,DW_NEG,True,0.8832141
/content/drive/MyDrive/DeepWeeds/dataset/20180112-083203-1.jpg,8,DW_NEG,8,DW_NEG,True,0.96818084
/content/drive/MyDrive/DeepWeeds/dataset/20180112-083224-1.jpg,8,DW_NEG,8,DW_NEG,True,0.93098164
/content/drive/MyDrive/DeepWeeds/dataset/20180112-083344-1.jpg,8,DW_NEG,8,DW_NEG,True,0.83312964
/content/drive/MyDrive/DeepWeeds/dataset/20180112-083406-1.jpg,8,DW_NEG,8,DW_NEG,True,0.9531749
/content/drive/MyDrive/DeepWeeds/dataset/20180112-083600-1.jpg,8,DW_NEG,8,DW_NEG,True,0.9723245
/content/drive/MyDrive/DeepWeeds/dataset/20180112-083645-1.jpg,8,DW_NEG,8,DW_NEG,True,0.8925876
/content/drive/MyDrive/DeepWeeds/dataset/20180112-091121-2.jpg,8,DW_NEG,8,DW_NEG,True,0.9951626
/content/drive/MyDrive/DeepWeeds/dataset/20180112-091123-2.jpg,8,DW_NEG,8,DW_NEG,True,0.99745923
/content/drive/MyDrive/DeepWeeds/dataset/20180112-091207-2.jpg,8,DW_NEG,8,DW_NEG,True,0.9998029
/content/drive/MyDrive/DeepWeeds/dataset/20180112-091209-2.jpg,8,DW_NEG,8,DW_NEG,True,0.9851451
/content/drive/MyDrive/DeepWeeds/dataset/20180112-091351-2.jpg,8,DW_NEG,8,DW_NEG,True,0.97186476
/content/drive/MyDrive/DeepWeeds/dataset/20180112-091552-1.jpg,8,DW_NEG,8,DW_NEG,True,0.9992163
/content/drive/MyDrive/DeepWeeds/dataset/20180112-091612-2.jpg,8,DW_NEG,8,DW_NEG,True,0.9944517
/content/drive/MyDrive/DeepWeeds/dataset/20180112-091613-2.jpg,8,DW_NEG,8,DW_NEG,True,0.90152866
/content/drive/MyDrive/DeepWeeds/dataset/20180112-091721-2.jpg,8,DW_NEG,8,DW_NEG,True,0.8626352
/content/drive/MyDrive/DeepWeeds/dataset/20180112-091749-2.jpg,8,DW_NEG,8,DW_NEG,True,0.9810817
/content/drive/MyDrive/DeepWeeds/dataset/20180112-091810-2.jpg,8,DW_NEG,8,DW_NEG,True,0.8429865
/content/drive/MyDrive/DeepWeeds/dataset/20180112-091828-1.jpg,8,DW_NEG,8,DW_NEG,True,0.92384636
/content/drive/MyDrive/DeepWeeds/dataset/20180112-091938-2.jpg,8,DW_NEG,8,DW_NEG,True,0.9857491
/content/drive/MyDrive/DeepWeeds/dataset/20180112-092003-1.jpg,8,DW_NEG,8,DW_NEG,True,0.8498485
/content/drive/MyDrive/DeepWeeds/dataset/20180112-092057-1.jpg,8,DW_NEG,8,DW_NEG,True,0.992152
/content/drive/MyDrive/DeepWeeds/dataset/20180112-092133-2.jpg,8,DW_NEG,8,DW_NEG,True,0.98960775
/content/drive/MyDrive/DeepWeeds/dataset/20180112-092208-1.jpg,8,DW_NEG,8,DW_NEG,True,0.91067904
/content/drive/MyDrive/DeepWeeds/dataset/20180112-092221-2.jpg,8,DW_NEG,8,DW_NEG,True,0.99473214
/content/drive/MyDrive/DeepWeeds/dataset/20180112-092256-2.jpg,8,DW_NEG,8,DW_NEG,True,0.6610152
/content/drive/MyDrive/DeepWeeds/dataset/20180112-092356-1.jpg,8,DW_NEG,8,DW_NEG,True,0.7605094
/content/drive/MyDrive/DeepWeeds/dataset/20180112-092429-2.jpg,8,DW_NEG,8,DW_NEG,True,0.9986792
/content/drive/MyDrive/DeepWeeds/dataset/20180112-092446-1.jpg,8,DW_NEG,8,DW_NEG,True,0.9996898
/content/drive/MyDrive/DeepWeeds/dataset/20180112-092529-2.jpg,8,DW_NEG,8,DW_NEG,True,0.9924557
/content/drive/MyDrive/DeepWeeds/dataset/20180112-092559-1.jpg,8,DW_NEG,8,DW_NEG,True,0.9949645
/content/drive/MyDrive/DeepWeeds/dataset/20180112-092647-1.jpg,8,DW_NEG,8,DW_NEG,True,0.9647046
/content/drive/MyDrive/DeepWeeds/dataset/20180112-092705-2.jpg,8,DW_NEG,8,DW_NEG,True,0.9639904
/content/drive/MyDrive/DeepWeeds/dataset/20180112-092752-1.jpg,8,DW_NEG,8,DW_NEG,True,0.9726049
/content/drive/MyDrive/DeepWeeds/dataset/20180112-092820-2.jpg,8,DW_NEG,8,DW_NEG,True,0.6519877
/content/drive/MyDrive/DeepWeeds/dataset/20180112-092849-2.jpg,8,DW_NEG,8,DW_NEG,True,0.9532301
/content/drive/MyDrive/DeepWeeds/dataset/20180112-093034-1.jpg,8,DW_NEG,1,DW_LANT,False,0.6712437
/content/drive/MyDrive/DeepWeeds/dataset/20180112-093055-1.jpg,8,DW_NEG,6,DW_SIWE,False,0.7706434
/content/drive/MyDrive/DeepWeeds/dataset/20180112-093114-2.jpg,8,DW_NEG,8,DW_NEG,True,0.99885666
/content/drive/MyDrive/DeepWeeds/dataset/20180112-093145-1.jpg,8,DW_NEG,8,DW_NEG,True,0.97455555
/content/drive/MyDrive/DeepWeeds/dataset/20180112-093216-2.jpg,8,DW_NEG,8,DW_NEG,True,0.63485956
/content/drive/MyDrive/DeepWeeds/dataset/20180112-093255-1.jpg,8,DW_NEG,8,DW_NEG,True,0.9408119
/content/drive/MyDrive/DeepWeeds/dataset/20180112-093401-2.jpg,8,DW_NEG,7,DW_SNWE,False,0.81609786
/content/drive/MyDrive/DeepWeeds/dataset/20180112-093449-1.jpg,8,DW_NEG,8,DW_NEG,True,0.987398
/content/drive/MyDrive/DeepWeeds/dataset/20180112-093522-2.jpg,8,DW_NEG,8,DW_NEG,True,0.9998178
/content/drive/MyDrive/DeepWeeds/dataset/20180112-093602-1.jpg,8,DW_NEG,8,DW_NEG,True,0.6870208
/content/drive/MyDrive/DeepWeeds/dataset/20180112-093602-2.jpg,8,DW_NEG,8,DW_NEG,True,0.94069844
/content/drive/MyDrive/DeepWeeds/dataset/20180112-093636-2.jpg,8,DW_NEG,8,DW_NEG,True,0.9996815
/content/drive/MyDrive/DeepWeeds/dataset/20180112-093646-1.jpg,8,DW_NEG,8,DW_NEG,True,0.99590415
/content/drive/MyDrive/DeepWeeds/dataset/20180112-093743-1.jpg,8,DW_NEG,8,DW_NEG,True,0.6996016
/content/drive/MyDrive/DeepWeeds/dataset/20180112-093825-1.jpg,8,DW_NEG,1,DW_LANT,False,0.39254877
/content/drive/MyDrive/DeepWeeds/dataset/20180112-093835-1.jpg,8,DW_NEG,8,DW_NEG,True,0.992081
/content/drive/MyDrive/DeepWeeds/dataset/20180112-093951-1.jpg,8,DW_NEG,8,DW_NEG,True,0.99975544
/content/drive/MyDrive/DeepWeeds/dataset/20180112-094038-2.jpg,8,DW_NEG,8,DW_NEG,True,0.7508003
/content/drive/MyDrive/DeepWeeds/dataset/20180112-094122-2.jpg,8,DW_NEG,8,DW_NEG,True,0.99827385
/content/drive/MyDrive/DeepWeeds/dataset/20180112-094216-1.jpg,8,DW_NEG,8,DW_NEG,True,0.9450857
/content/drive/MyDrive/DeepWeeds/dataset/20180112-094236-1.jpg,8,DW_NEG,8,DW_NEG,True,0.9992489
/content/drive/MyDrive/DeepWeeds/dataset/20180112-094305-1.jpg,8,DW_NEG,8,DW_NEG,True,0.7745506
/content/drive/MyDrive/DeepWeeds/dataset/20180112-094329-1.jpg,8,DW_NEG,8,DW_NEG,True,0.8431749
/content/drive/MyDrive/DeepWeeds/dataset/20180112-094343-1.jpg,8,DW_NEG,8,DW_NEG,True,0.98144484
/content/drive/MyDrive/DeepWeeds/dataset/20180112-094417-1.jpg,8,DW_NEG,8,DW_NEG,True,0.9094465
/content/drive/MyDrive/DeepWeeds/dataset/20180112-094500-2.jpg,8,DW_NEG,1,DW_LANT,False,0.8563674
/content/drive/MyDrive/DeepWeeds/dataset/20180112-094523-2.jpg,8,DW_NEG,1,DW_LANT,False,0.9155983
/content/drive/MyDrive/DeepWeeds/dataset/20180112-094534-2.jpg,8,DW_NEG,1,DW_LANT,False,0.60021293
/content/drive/MyDrive/DeepWeeds/dataset/20180112-094620-1.jpg,8,DW_NEG,8,DW_NEG,True,0.78444
/content/drive/MyDrive/DeepWeeds/dataset/20180112-094653-2.jpg,8,DW_NEG,6,DW_SIWE,False,0.73814124
/content/drive/MyDrive/DeepWeeds/dataset/20180112-094723-1.jpg,8,DW_NEG,8,DW_NEG,True,0.976532
/content/drive/MyDrive/DeepWeeds/dataset/20180112-094807-2.jpg,8,DW_NEG,8,DW_NEG,True,0.99311525
/content/drive/MyDrive/DeepWeeds/dataset/20180112-095000-2.jpg,8,DW_NEG,8,DW_NEG,True,0.9937069
/content/drive/MyDrive/DeepWeeds/dataset/20180112-095104-2.jpg,8,DW_NEG,8,DW_NEG,True,0.98553246
/content/drive/MyDrive/DeepWeeds/dataset/20180112-100517-1.jpg,8,DW_NEG,8,DW_NEG,True,0.9998441
/content/drive/MyDrive/DeepWeeds/dataset/20180112-100536-2.jpg,8,DW_NEG,8,DW_NEG,True,0.9807376
/content/drive/MyDrive/DeepWeeds/dataset/20180112-100613-1.jpg,8,DW_NEG,8,DW_NEG,True,0.8483956
/content/drive/MyDrive/DeepWeeds/dataset/20180112-100613-2.jpg,8,DW_NEG,8,DW_NEG,True,0.8432152
/content/drive/MyDrive/DeepWeeds/dataset/20180112-100705-1.jpg,8,DW_NEG,8,DW_NEG,True,0.9788261
/content/drive/MyDrive/DeepWeeds/dataset/20180112-100745-2.jpg,8,DW_NEG,8,DW_NEG,True,0.99213636
/content/drive/MyDrive/DeepWeeds/dataset/20180112-100832-2.jpg,8,DW_NEG,8,DW_NEG,True,0.96582866
/content/drive/MyDrive/DeepWeeds/dataset/20180112-100900-2.jpg,8,DW_NEG,8,DW_NEG,True,0.9205518
/content/drive/MyDrive/DeepWeeds/dataset/20180112-100910-2.jpg,8,DW_NEG,8,DW_NEG,True,0.990628
/content/drive/MyDrive/DeepWeeds/dataset/20180112-100949-1.jpg,8,DW_NEG,8,DW_NEG,True,0.7958995
/content/drive/MyDrive/DeepWeeds/dataset/20180112-101020-2.jpg,8,DW_NEG,8,DW_NEG,True,0.5854697
/content/drive/MyDrive/DeepWeeds/dataset/20180112-101045-2.jpg,8,DW_NEG,8,DW_NEG,True,0.9832909
/content/drive/MyDrive/DeepWeeds/dataset/20180112-101202-2.jpg,8,DW_NEG,8,DW_NEG,True,0.96192396
/content/drive/MyDrive/DeepWeeds/dataset/20180112-101305-2.jpg,8,DW_NEG,6,DW_SIWE,False,0.32144445
/content/drive/MyDrive/DeepWeeds/dataset/20180112-101335-2.jpg,8,DW_NEG,8,DW_NEG,True,0.9941877
/content/drive/MyDrive/DeepWeeds/dataset/20180112-101359-1.jpg,8,DW_NEG,6,DW_SIWE,False,0.36681318
/content/drive/MyDrive/DeepWeeds/dataset/20180112-101417-2.jpg,8,DW_NEG,8,DW_NEG,True,0.9981357
/content/drive/MyDrive/DeepWeeds/dataset/20180112-101525-2.jpg,8,DW_NEG,8,DW_NEG,True,0.9999021
/content/drive/MyDrive/DeepWeeds/dataset/20180112-101539-1.jpg,8,DW_NEG,8,DW_NEG,True,0.9363279
/content/drive/MyDrive/DeepWeeds/dataset/20180112-101608-2.jpg,8,DW_NEG,8,DW_NEG,True,0.99976057
/content/drive/MyDrive/DeepWeeds/dataset/20180112-101643-1.jpg,8,DW_NEG,8,DW_NEG,True,0.6639968
/content/drive/MyDrive/DeepWeeds/dataset/20180112-101728-2.jpg,8,DW_NEG,8,DW_NEG,True,0.9988858
/content/drive/MyDrive/DeepWeeds/dataset/20180112-101747-1.jpg,8,DW_NEG,6,DW_SIWE,False,0.7681194
/content/drive/MyDrive/DeepWeeds/dataset/20180112-101815-1.jpg,8,DW_NEG,8,DW_NEG,True,0.9827862
/content/drive/MyDrive/DeepWeeds/dataset/20180112-101842-1.jpg,8,DW_NEG,6,DW_SIWE,False,0.77780104
/content/drive/MyDrive/DeepWeeds/dataset/20180112-101854-2.jpg,8,DW_NEG,8,DW_NEG,True,0.99999535
/content/drive/MyDrive/DeepWeeds/dataset/20180112-102111-2.jpg,8,DW_NEG,8,DW_NEG,True,0.99877506
/content/drive/MyDrive/DeepWeeds/dataset/20180112-102259-2.jpg,8,DW_NEG,8,DW_NEG,True,0.8952003
/content/drive/MyDrive/DeepWeeds/dataset/20180112-102332-2.jpg,8,DW_NEG,8,DW_NEG,True,0.79758364
/content/drive/MyDrive/DeepWeeds/dataset/20180112-102402-2.jpg,8,DW_NEG,8,DW_NEG,True,0.7453297
/content/drive/MyDrive/DeepWeeds/dataset/20180112-102450-1.jpg,8,DW_NEG,6,DW_SIWE,False,0.8045753
/content/drive/MyDrive/DeepWeeds/dataset/20180112-102450-2.jpg,8,DW_NEG,8,DW_NEG,True,0.7976478
/content/drive/MyDrive/DeepWeeds/dataset/20180112-102550-1.jpg,8,DW_NEG,8,DW_NEG,True,0.715205
/content/drive/MyDrive/DeepWeeds/dataset/20180112-102613-2.jpg,8,DW_NEG,8,DW_NEG,True,0.99934393
/content/drive/MyDrive/DeepWeeds/dataset/20180112-102634-2.jpg,8,DW_NEG,8,DW_NEG,True,0.9984524
/content/drive/MyDrive/DeepWeeds/dataset/20180112-102657-1.jpg,8,DW_NEG,8,DW_NEG,True,0.9997881
/content/drive/MyDrive/DeepWeeds/dataset/20180112-102723-2.jpg,8,DW_NEG,8,DW_NEG,True,0.9658373
/content/drive/MyDrive/DeepWeeds/dataset/20180112-102811-2.jpg,8,DW_NEG,8,DW_NEG,True,0.7456684
/content/drive/MyDrive/DeepWeeds/dataset/20180112-102831-1.jpg,8,DW_NEG,8,DW_NEG,True,0.9570254
/content/drive/MyDrive/DeepWeeds/dataset/20180112-102908-2.jpg,8,DW_NEG,8,DW_NEG,True,0.95465434
/content/drive/MyDrive/DeepWeeds/dataset/20180112-102936-2.jpg,8,DW_NEG,6,DW_SIWE,False,0.66138136
/content/drive/MyDrive/DeepWeeds/dataset/20180112-103034-1.jpg,8,DW_NEG,8,DW_NEG,True,0.9993693
/content/drive/MyDrive/DeepWeeds/dataset/20180112-103053-1.jpg,8,DW_NEG,3,DW_PART,False,0.6108428
/content/drive/MyDrive/DeepWeeds/dataset/20180112-103123-1.jpg,8,DW_NEG,8,DW_NEG,True,0.99068147
/content/drive/MyDrive/DeepWeeds/dataset/20180112-103209-1.jpg,8,DW_NEG,8,DW_NEG,True,0.669257
/content/drive/MyDrive/DeepWeeds/dataset/20180112-103310-2.jpg,8,DW_NEG,8,DW_NEG,True,0.83504075
/content/drive/MyDrive/DeepWeeds/dataset/20180112-103333-2.jpg,8,DW_NEG,8,DW_NEG,True,0.7706429
/content/drive/MyDrive/DeepWeeds/dataset/20180112-103449-2.jpg,8,DW_NEG,8,DW_NEG,True,0.9816606
/content/drive/MyDrive/DeepWeeds/dataset/20180112-103552-1.jpg,8,DW_NEG,8,DW_NEG,True,0.82163095
/content/drive/MyDrive/DeepWeeds/dataset/20180112-103618-2.jpg,8,DW_NEG,8,DW_NEG,True,0.99475396
/content/drive/MyDrive/DeepWeeds/dataset/20180112-103659-2.jpg,8,DW_NEG,8,DW_NEG,True,0.9627369
/content/drive/MyDrive/DeepWeeds/dataset/20180112-103709-1.jpg,8,DW_NEG,8,DW_NEG,True,0.94917613
/content/drive/MyDrive/DeepWeeds/dataset/20180112-103832-2.jpg,8,DW_NEG,8,DW_NEG,True,0.99982846
/content/drive/MyDrive/DeepWeeds/dataset/20180112-103948-2.jpg,8,DW_NEG,8,DW_NEG,True,0.99992216
/content/drive/MyDrive/DeepWeeds/dataset/20180112-104053-2.jpg,8,DW_NEG,8,DW_NEG,True,0.94899994
/content/drive/MyDrive/DeepWeeds/dataset/20180112-104200-2.jpg,8,DW_NEG,8,DW_NEG,True,0.9999087
/content/drive/MyDrive/DeepWeeds/dataset/20180112-104257-2.jpg,8,DW_NEG,8,DW_NEG,True,0.9999994
/content/drive/MyDrive/DeepWeeds/dataset/20180119-104336-1.jpg,8,DW_NEG,8,DW_NEG,True,0.88471484
/content/drive/MyDrive/DeepWeeds/dataset/20180119-104505-1.jpg,8,DW_NEG,8,DW_NEG,True,0.99938536
/content/drive/MyDrive/DeepWeeds/dataset/20180119-104537-2.jpg,8,DW_NEG,8,DW_NEG,True,0.9928275
/content/drive/MyDrive/DeepWeeds/dataset/20180119-104600-1.jpg,8,DW_NEG,8,DW_NEG,True,0.9873875
/content/drive/MyDrive/DeepWeeds/dataset/20180119-104654-2.jpg,8,DW_NEG,8,DW_NEG,True,0.98226535
/content/drive/MyDrive/DeepWeeds/dataset/20180119-104741-1.jpg,8,DW_NEG,8,DW_NEG,True,0.86549014
/content/drive/MyDrive/DeepWeeds/dataset/20180119-104748-2.jpg,8,DW_NEG,8,DW_NEG,True,0.9598882
/content/drive/MyDrive/DeepWeeds/dataset/20180119-104826-1.jpg,8,DW_NEG,8,DW_NEG,True,0.9634116
/content/drive/MyDrive/DeepWeeds/dataset/20180119-104919-2.jpg,8,DW_NEG,8,DW_NEG,True,0.99841475
/content/drive/MyDrive/DeepWeeds/dataset/20180119-104958-1.jpg,8,DW_NEG,8,DW_NEG,True,0.9921753
/content/drive/MyDrive/DeepWeeds/dataset/20180119-105101-1.jpg,8,DW_NEG,8,DW_NEG,True,0.99949336
/content/drive/MyDrive/DeepWeeds/dataset/20180119-105125-1.jpg,8,DW_NEG,8,DW_NEG,True,0.96589303
/content/drive/MyDrive/DeepWeeds/dataset/20180119-105201-1.jpg,8,DW_NEG,8,DW_NEG,True,0.92254627
/content/drive/MyDrive/DeepWeeds/dataset/20180119-105231-1.jpg,8,DW_NEG,1,DW_LANT,False,0.6094411
/content/drive/MyDrive/DeepWeeds/dataset/20180119-105259-1.jpg,8,DW_NEG,8,DW_NEG,True,0.936576
/content/drive/MyDrive/DeepWeeds/dataset/20180119-105347-1.jpg,8,DW_NEG,8,DW_NEG,True,0.88779724
/content/drive/MyDrive/DeepWeeds/dataset/20180119-105407-1.jpg,8,DW_NEG,8,DW_NEG,True,0.96384656
/content/drive/MyDrive/DeepWeeds/dataset/20180119-105628-1.jpg,8,DW_NEG,1,DW_LANT,False,0.9618234
/content/drive/MyDrive/DeepWeeds/dataset/20180119-105736-1.jpg,8,DW_NEG,8,DW_NEG,True,0.95965016
/content/drive/MyDrive/DeepWeeds/dataset/20180119-105823-1.jpg,8,DW_NEG,8,DW_NEG,True,0.7164449
/content/drive/MyDrive/DeepWeeds/dataset/20180119-105823-2.jpg,8,DW_NEG,8,DW_NEG,True,0.9709816
/content/drive/MyDrive/DeepWeeds/dataset/20180119-105837-2.jpg,8,DW_NEG,8,DW_NEG,True,0.9972899
/content/drive/MyDrive/DeepWeeds/dataset/20180119-105929-2.jpg,8,DW_NEG,2,DW_PARK,False,0.6090903
/content/drive/MyDrive/DeepWeeds/dataset/20180119-105952-2.jpg,8,DW_NEG,6,DW_SIWE,False,0.5629579
/content/drive/MyDrive/DeepWeeds/dataset/20180119-110046-2.jpg,8,DW_NEG,8,DW_NEG,True,0.99889743
/content/drive/MyDrive/DeepWeeds/dataset/20180119-110105-1.jpg,8,DW_NEG,8,DW_NEG,True,0.99831176
/content/drive/MyDrive/DeepWeeds/dataset/20180119-110124-1.jpg,8,DW_NEG,8,DW_NEG,True,0.99410677
/content/drive/MyDrive/DeepWeeds/dataset/20180119-110218-2.jpg,8,DW_NEG,8,DW_NEG,True,0.9976866
/content/drive/MyDrive/DeepWeeds/dataset/20180119-110227-1.jpg,8,DW_NEG,8,DW_NEG,True,0.8388291
/content/drive/MyDrive/DeepWeeds/dataset/20180119-110255-1.jpg,8,DW_NEG,8,DW_NEG,True,0.51827717
/content/drive/MyDrive/DeepWeeds/dataset/20180119-110317-2.jpg,8,DW_NEG,8,DW_NEG,True,0.9965397
/content/drive/MyDrive/DeepWeeds/dataset/20180119-110347-1.jpg,8,DW_NEG,8,DW_NEG,True,0.7042173
/content/drive/MyDrive/DeepWeeds/dataset/20180119-110347-2.jpg,8,DW_NEG,8,DW_NEG,True,0.9966774
/content/drive/MyDrive/DeepWeeds/dataset/20180119-110407-1.jpg,8,DW_NEG,1,DW_LANT,False,0.46100453
/content/drive/MyDrive/DeepWeeds/dataset/20180119-110437-2.jpg,8,DW_NEG,8,DW_NEG,True,0.9995466
/content/drive/MyDrive/DeepWeeds/dataset/20180119-110505-1.jpg,8,DW_NEG,1,DW_LANT,False,0.78677696
/content/drive/MyDrive/DeepWeeds/dataset/20180119-110537-2.jpg,8,DW_NEG,8,DW_NEG,True,0.9790962
/content/drive/MyDrive/DeepWeeds/dataset/20180119-110550-1.jpg,8,DW_NEG,6,DW_SIWE,False,0.55469954
/content/drive/MyDrive/DeepWeeds/dataset/20180119-110709-1.jpg,8,DW_NEG,8,DW_NEG,True,0.9974546
/content/drive/MyDrive/DeepWeeds/dataset/20180119-110729-1.jpg,8,DW_NEG,6,DW_SIWE,False,0.45326245
/content/drive/MyDrive/DeepWeeds/dataset/20180119-110729-2.jpg,8,DW_NEG,8,DW_NEG,True,0.99496824
/content/drive/MyDrive/DeepWeeds/dataset/20180119-110902-2.jpg,8,DW_NEG,8,DW_NEG,True,0.9985245
/content/drive/MyDrive/DeepWeeds/dataset/20180119-110933-1.jpg,8,DW_NEG,8,DW_NEG,True,0.7638163
/content/drive/MyDrive/DeepWeeds/dataset/20180119-111026-2.jpg,8,DW_NEG,8,DW_NEG,True,0.98665166
/content/drive/MyDrive/DeepWeeds/dataset/20180119-111050-2.jpg,8,DW_NEG,8,DW_NEG,True,0.95560366
/content/drive/MyDrive/DeepWeeds/dataset/20180119-111132-1.jpg,8,DW_NEG,1,DW_LANT,False,0.8133183
/content/drive/MyDrive/DeepWeeds/dataset/20180119-111200-2.jpg,8,DW_NEG,8,DW_NEG,True,0.999236
/content/drive/MyDrive/DeepWeeds/dataset/20180119-111225-2.jpg,8,DW_NEG,8,DW_NEG,True,0.87044966
/content/drive/MyDrive/DeepWeeds/dataset/20180119-111241-1.jpg,8,DW_NEG,8,DW_NEG,True,0.44489995
/content/drive/MyDrive/DeepWeeds/dataset/20180119-111301-2.jpg,8,DW_NEG,8,DW_NEG,True,0.9905612
/content/drive/MyDrive/DeepWeeds/dataset/20180119-111328-2.jpg,8,DW_NEG,8,DW_NEG,True,0.9849113
/content/drive/MyDrive/DeepWeeds/dataset/20180119-111359-2.jpg,8,DW_NEG,8,DW_NEG,True,0.89110374
/content/drive/MyDrive/DeepWeeds/dataset/20180119-111450-1.jpg,8,DW_NEG,8,DW_NEG,True,0.7045516
/content/drive/MyDrive/DeepWeeds/dataset/20180119-111554-2.jpg,8,DW_NEG,8,DW_NEG,True,0.9925379
/content/drive/MyDrive/DeepWeeds/dataset/20180119-111644-2.jpg,8,DW_NEG,8,DW_NEG,True,0.6979973
/content/drive/MyDrive/DeepWeeds/dataset/20180119-112837-2.jpg,8,DW_NEG,8,DW_NEG,True,0.99909294
/content/drive/MyDrive/DeepWeeds/dataset/20180119-112928-2.jpg,8,DW_NEG,8,DW_NEG,True,0.99595165
/content/drive/MyDrive/DeepWeeds/dataset/20180119-113009-2.jpg,8,DW_NEG,8,DW_NEG,True,0.99364626
/content/drive/MyDrive/DeepWeeds/dataset/20180119-113051-1.jpg,8,DW_NEG,8,DW_NEG,True,0.9882593
/content/drive/MyDrive/DeepWeeds/dataset/20180119-113105-2.jpg,8,DW_NEG,8,DW_NEG,True,0.99115074
/content/drive/MyDrive/DeepWeeds/dataset/20180119-113132-1.jpg,8,DW_NEG,8,DW_NEG,True,0.54995704
/content/drive/MyDrive/DeepWeeds/dataset/20180119-113158-1.jpg,8,DW_NEG,8,DW_NEG,True,0.9984982
/content/drive/MyDrive/DeepWeeds/dataset/20180119-113224-2.jpg,8,DW_NEG,8,DW_NEG,True,0.99327046
/content/drive/MyDrive/DeepWeeds/dataset/20180119-113309-1.jpg,8,DW_NEG,8,DW_NEG,True,0.79593945
/content/drive/MyDrive/DeepWeeds/dataset/20180119-113346-1.jpg,8,DW_NEG,1,DW_LANT,False,0.5524288
/content/drive/MyDrive/DeepWeeds/dataset/20180119-113422-1.jpg,8,DW_NEG,8,DW_NEG,True,0.9615237
/content/drive/MyDrive/DeepWeeds/dataset/20180119-113441-1.jpg,8,DW_NEG,8,DW_NEG,True,0.99404585
/content/drive/MyDrive/DeepWeeds/dataset/20180119-113500-2.jpg,8,DW_NEG,8,DW_NEG,True,0.9968088
/content/drive/MyDrive/DeepWeeds/dataset/20180119-113547-1.jpg,8,DW_NEG,8,DW_NEG,True,0.99398875
/content/drive/MyDrive/DeepWeeds/dataset/20180119-113616-1.jpg,8,DW_NEG,1,DW_LANT,False,0.66325045
/content/drive/MyDrive/DeepWeeds/dataset/20180119-113650-2.jpg,8,DW_NEG,8,DW_NEG,True,0.8366721
/content/drive/MyDrive/DeepWeeds/dataset/20180119-113724-1.jpg,8,DW_NEG,6,DW_SIWE,False,0.71413183
/content/drive/MyDrive/DeepWeeds/dataset/20180119-113724-2.jpg,8,DW_NEG,8,DW_NEG,True,0.9997836
/content/drive/MyDrive/DeepWeeds/dataset/20180119-113758-2.jpg,8,DW_NEG,8,DW_NEG,True,0.98883086
/content/drive/MyDrive/DeepWeeds/dataset/20180119-113829-1.jpg,8,DW_NEG,1,DW_LANT,False,0.7160779
/content/drive/MyDrive/DeepWeeds/dataset/20180119-113852-2.jpg,8,DW_NEG,8,DW_NEG,True,0.9915412
/content/drive/MyDrive/DeepWeeds/dataset/20180119-113936-1.jpg,8,DW_NEG,8,DW_NEG,True,0.9981958
/content/drive/MyDrive/DeepWeeds/dataset/20180119-114016-1.jpg,8,DW_NEG,8,DW_NEG,True,0.6095557
/content/drive/MyDrive/DeepWeeds/dataset/20180119-114049-1.jpg,8,DW_NEG,6,DW_SIWE,False,0.7830225
/content/drive/MyDrive/DeepWeeds/dataset/20180119-114110-2.jpg,8,DW_NEG,8,DW_NEG,True,0.9990362
/content/drive/MyDrive/DeepWeeds/dataset/20180119-114131-2.jpg,8,DW_NEG,5,DW_RUBV,False,0.63648754
/content/drive/MyDrive/DeepWeeds/dataset/20180119-114239-1.jpg,8,DW_NEG,1,DW_LANT,False,0.71930784
/content/drive/MyDrive/DeepWeeds/dataset/20180119-114305-1.jpg,8,DW_NEG,1,DW_LANT,False,0.85792387
/content/drive/MyDrive/DeepWeeds/dataset/20180119-114416-2.jpg,8,DW_NEG,8,DW_NEG,True,0.8811398
/content/drive/MyDrive/DeepWeeds/dataset/20180119-114446-2.jpg,8,DW_NEG,8,DW_NEG,True,0.62999517
/content/drive/MyDrive/DeepWeeds/dataset/20180119-114516-1.jpg,8,DW_NEG,8,DW_NEG,True,0.99938774
/content/drive/MyDrive/DeepWeeds/dataset/20180119-114533-1.jpg,8,DW_NEG,8,DW_NEG,True,0.9977648
/content/drive/MyDrive/DeepWeeds/dataset/20180119-114649-1.jpg,8,DW_NEG,8,DW_NEG,True,0.9198405
/content/drive/MyDrive/DeepWeeds/dataset/20180119-114718-1.jpg,8,DW_NEG,8,DW_NEG,True,0.9659353
/content/drive/MyDrive/DeepWeeds/dataset/20180119-114801-2.jpg,8,DW_NEG,8,DW_NEG,True,0.9515589
/content/drive/MyDrive/DeepWeeds/dataset/20180119-114837-2.jpg,8,DW_NEG,8,DW_NEG,True,0.99700576
/content/drive/MyDrive/DeepWeeds/dataset/20180119-114910-1.jpg,8,DW_NEG,8,DW_NEG,True,0.99626225
/content/drive/MyDrive/DeepWeeds/dataset/20180119-114943-1.jpg,8,DW_NEG,7,DW_SNWE,False,0.540373
/content/drive/MyDrive/DeepWeeds/dataset/20180119-115013-2.jpg,8,DW_NEG,8,DW_NEG,True,0.96435225
/content/drive/MyDrive/DeepWeeds/dataset/20180119-115052-1.jpg,8,DW_NEG,8,DW_NEG,True,0.9967879
/content/drive/MyDrive/DeepWeeds/dataset/20180119-115120-1.jpg,8,DW_NEG,8,DW_NEG,True,0.94037884
/content/drive/MyDrive/DeepWeeds/dataset/20180119-115155-2.jpg,8,DW_NEG,8,DW_NEG,True,0.9626051
/content/drive/MyDrive/DeepWeeds/dataset/20180119-115240-2.jpg,8,DW_NEG,8,DW_NEG,True,0.95765764
/content/drive/MyDrive/DeepWeeds/dataset/20180119-115303-1.jpg,8,DW_NEG,8,DW_NEG,True,0.99791235
/content/drive/MyDrive/DeepWeeds/dataset/20180119-115352-2.jpg,8,DW_NEG,8,DW_NEG,True,0.9673501
/content/drive/MyDrive/DeepWeeds/dataset/20180119-115404-1.jpg,8,DW_NEG,8,DW_NEG,True,0.96467954
/content/drive/MyDrive/DeepWeeds/dataset/20180119-115412-1.jpg,8,DW_NEG,8,DW_NEG,True,0.92626786
/content/drive/MyDrive/DeepWeeds/dataset/20180119-115455-2.jpg,8,DW_NEG,8,DW_NEG,True,0.9829915
/content/drive/MyDrive/DeepWeeds/dataset/20180119-115514-2.jpg,8,DW_NEG,8,DW_NEG,True,0.7443671
/content/drive/MyDrive/DeepWeeds/dataset/20180119-115546-1.jpg,8,DW_NEG,8,DW_NEG,True,0.95620865
/content/drive/MyDrive/DeepWeeds/dataset/20180119-115613-1.jpg,8,DW_NEG,8,DW_NEG,True,0.98296434
/content/drive/MyDrive/DeepWeeds/dataset/20180119-115613-2.jpg,8,DW_NEG,8,DW_NEG,True,0.96738464
/content/drive/MyDrive/DeepWeeds/dataset/20180119-115649-2.jpg,8,DW_NEG,8,DW_NEG,True,0.98933744
/content/drive/MyDrive/DeepWeeds/dataset/20180125-090927-1.jpg,8,DW_NEG,8,DW_NEG,True,0.99999917
/content/drive/MyDrive/DeepWeeds/dataset/20180125-090952-1.jpg,8,DW_NEG,8,DW_NEG,True,0.9999908
/content/drive/MyDrive/DeepWeeds/dataset/20180125-091151-1.jpg,8,DW_NEG,8,DW_NEG,True,0.99994516
/content/drive/MyDrive/DeepWeeds/dataset/20180125-091252-2.jpg,8,DW_NEG,8,DW_NEG,True,0.99990654
/content/drive/MyDrive/DeepWeeds/dataset/20180125-091313-2.jpg,8,DW_NEG,8,DW_NEG,True,0.9815289
/content/drive/MyDrive/DeepWeeds/dataset/20180125-091342-1.jpg,8,DW_NEG,8,DW_NEG,True,0.99993944
/content/drive/MyDrive/DeepWeeds/dataset/20180125-091412-1.jpg,8,DW_NEG,8,DW_NEG,True,0.99999714
/content/drive/MyDrive/DeepWeeds/dataset/20180125-091440-2.jpg,8,DW_NEG,8,DW_NEG,True,0.9999927
/content/drive/MyDrive/DeepWeeds/dataset/20180125-091454-1.jpg,8,DW_NEG,8,DW_NEG,True,0.99999213
/content/drive/MyDrive/DeepWeeds/dataset/20180125-091537-1.jpg,8,DW_NEG,8,DW_NEG,True,0.9978161
/content/drive/MyDrive/DeepWeeds/dataset/20180125-091550-2.jpg,8,DW_NEG,8,DW_NEG,True,0.99984324
/content/drive/MyDrive/DeepWeeds/dataset/20180125-091609-2.jpg,8,DW_NEG,8,DW_NEG,True,0.9998964
/content/drive/MyDrive/DeepWeeds/dataset/20180125-091649-2.jpg,8,DW_NEG,8,DW_NEG,True,0.9999223
/content/drive/MyDrive/DeepWeeds/dataset/20180125-091742-2.jpg,8,DW_NEG,8,DW_NEG,True,0.99750865
/content/drive/MyDrive/DeepWeeds/dataset/20180125-091831-2.jpg,8,DW_NEG,8,DW_NEG,True,0.999926
/content/drive/MyDrive/DeepWeeds/dataset/20180125-091855-2.jpg,8,DW_NEG,8,DW_NEG,True,0.9968566
/content/drive/MyDrive/DeepWeeds/dataset/20180125-091936-1.jpg,8,DW_NEG,8,DW_NEG,True,0.9994168
/content/drive/MyDrive/DeepWeeds/dataset/20180125-091956-2.jpg,8,DW_NEG,8,DW_NEG,True,0.9999949
/content/drive/MyDrive/DeepWeeds/dataset/20180125-092037-2.jpg,8,DW_NEG,8,DW_NEG,True,0.98826164
/content/drive/MyDrive/DeepWeeds/dataset/20180125-092100-2.jpg,8,DW_NEG,8,DW_NEG,True,0.9948999
/content/drive/MyDrive/DeepWeeds/dataset/20180125-092118-2.jpg,8,DW_NEG,8,DW_NEG,True,0.9982816
/content/drive/MyDrive/DeepWeeds/dataset/20180125-092209-2.jpg,8,DW_NEG,8,DW_NEG,True,0.99886084
/content/drive/MyDrive/DeepWeeds/dataset/20180125-092215-1.jpg,8,DW_NEG,8,DW_NEG,True,0.9999999
/content/drive/MyDrive/DeepWeeds/dataset/20180125-092243-1.jpg,8,DW_NEG,8,DW_NEG,True,0.9982077
/content/drive/MyDrive/DeepWeeds/dataset/20180125-092311-2.jpg,8,DW_NEG,8,DW_NEG,True,0.9999058
/content/drive/MyDrive/DeepWeeds/dataset/20180125-092355-2.jpg,8,DW_NEG,8,DW_NEG,True,0.99488837
/content/drive/MyDrive/DeepWeeds/dataset/20180125-092422-1.jpg,8,DW_NEG,8,DW_NEG,True,0.7764198
/content/drive/MyDrive/DeepWeeds/dataset/20180125-092521-2.jpg,8,DW_NEG,8,DW_NEG,True,0.9983644
/content/drive/MyDrive/DeepWeeds/dataset/20180125-092639-1.jpg,8,DW_NEG,8,DW_NEG,True,0.99345595
/content/drive/MyDrive/DeepWeeds/dataset/20180125-092712-2.jpg,8,DW_NEG,8,DW_NEG,True,0.9999361
/content/drive/MyDrive/DeepWeeds/dataset/20180125-092745-1.jpg,8,DW_NEG,8,DW_NEG,True,0.9999809
/content/drive/MyDrive/DeepWeeds/dataset/20180125-092822-2.jpg,8,DW_NEG,8,DW_NEG,True,0.9998882
/content/drive/MyDrive/DeepWeeds/dataset/20180125-092901-1.jpg,8,DW_NEG,8,DW_NEG,True,0.99998903
/content/drive/MyDrive/DeepWeeds/dataset/20180125-092922-1.jpg,8,DW_NEG,8,DW_NEG,True,0.99999976
/content/drive/MyDrive/DeepWeeds/dataset/20180125-092944-1.jpg,8,DW_NEG,8,DW_NEG,True,0.9998853
/content/drive/MyDrive/DeepWeeds/dataset/20180125-093025-1.jpg,8,DW_NEG,8,DW_NEG,True,0.9995751
/content/drive/MyDrive/DeepWeeds/dataset/20180125-093107-2.jpg,8,DW_NEG,8,DW_NEG,True,0.99999475
/content/drive/MyDrive/DeepWeeds/dataset/20180125-093140-2.jpg,8,DW_NEG,8,DW_NEG,True,0.99995315
/content/drive/MyDrive/DeepWeeds/dataset/20180125-093202-1.jpg,8,DW_NEG,8,DW_NEG,True,0.999226
/content/drive/MyDrive/DeepWeeds/dataset/20180125-093233-2.jpg,8,DW_NEG,8,DW_NEG,True,0.9980242
/content/drive/MyDrive/DeepWeeds/dataset/20180125-093306-1.jpg,8,DW_NEG,8,DW_NEG,True,0.9999541
/content/drive/MyDrive/DeepWeeds/dataset/20180125-093357-1.jpg,8,DW_NEG,8,DW_NEG,True,0.9999087
/content/drive/MyDrive/DeepWeeds/dataset/20180125-093429-2.jpg,8,DW_NEG,8,DW_NEG,True,0.99992526
/content/drive/MyDrive/DeepWeeds/dataset/20180125-093504-1.jpg,8,DW_NEG,8,DW_NEG,True,0.9997638
/content/drive/MyDrive/DeepWeeds/dataset/20180125-093535-2.jpg,8,DW_NEG,8,DW_NEG,True,0.99996996
/content/drive/MyDrive/DeepWeeds/dataset/20180125-093623-2.jpg,8,DW_NEG,8,DW_NEG,True,0.99988496
/content/drive/MyDrive/DeepWeeds/dataset/20180125-093659-2.jpg,8,DW_NEG,8,DW_NEG,True,0.9989359
/content/drive/MyDrive/DeepWeeds/dataset/20180125-093721-2.jpg,8,DW_NEG,8,DW_NEG,True,0.99964845
/content/drive/MyDrive/DeepWeeds/dataset/20180125-093817-2.jpg,8,DW_NEG,8,DW_NEG,True,0.9998473
/content/drive/MyDrive/DeepWeeds/dataset/20180125-093851-2.jpg,8,DW_NEG,8,DW_NEG,True,0.9999707
/content/drive/MyDrive/DeepWeeds/dataset/20180125-093935-1.jpg,8,DW_NEG,8,DW_NEG,True,0.97960544
/content/drive/MyDrive/DeepWeeds/dataset/20180125-093958-2.jpg,8,DW_NEG,8,DW_NEG,True,0.99989784
/content/drive/MyDrive/DeepWeeds/dataset/20180125-094030-1.jpg,8,DW_NEG,8,DW_NEG,True,0.99995244
/content/drive/MyDrive/DeepWeeds/dataset/20180125-094059-2.jpg,8,DW_NEG,8,DW_NEG,True,0.9955628
/content/drive/MyDrive/DeepWeeds/dataset/20180125-094141-2.jpg,8,DW_NEG,8,DW_NEG,True,0.9535835
/content/drive/MyDrive/DeepWeeds/dataset/20180125-094205-1.jpg,8,DW_NEG,8,DW_NEG,True,0.99980634
/content/drive/MyDrive/DeepWeeds/dataset/20180125-094229-2.jpg,8,DW_NEG,8,DW_NEG,True,0.99860007
/content/drive/MyDrive/DeepWeeds/dataset/20180125-094259-1.jpg,8,DW_NEG,8,DW_NEG,True,0.99985087
/content/drive/MyDrive/DeepWeeds/dataset/20180125-094326-2.jpg,8,DW_NEG,8,DW_NEG,True,0.9980648
/content/drive/MyDrive/DeepWeeds/dataset/20180125-094400-1.jpg,8,DW_NEG,8,DW_NEG,True,0.9950105
/content/drive/MyDrive/DeepWeeds/dataset/20180125-094408-2.jpg,8,DW_NEG,8,DW_NEG,True,0.99989283
/content/drive/MyDrive/DeepWeeds/dataset/20180125-094501-2.jpg,8,DW_NEG,8,DW_NEG,True,0.99993
/content/drive/MyDrive/DeepWeeds/dataset/20180125-094825-1.jpg,8,DW_NEG,8,DW_NEG,True,0.99996984
/content/drive/MyDrive/DeepWeeds/dataset/20180125-094934-2.jpg,8,DW_NEG,8,DW_NEG,True,0.99943966
/content/drive/MyDrive/DeepWeeds/dataset/20180125-094949-1.jpg,8,DW_NEG,8,DW_NEG,True,0.9996283
/content/drive/MyDrive/DeepWeeds/dataset/20180125-095041-2.jpg,8,DW_NEG,8,DW_NEG,True,0.99998975
/content/drive/MyDrive/DeepWeeds/dataset/20180125-095050-2.jpg,8,DW_NEG,8,DW_NEG,True,0.9999846
/content/drive/MyDrive/DeepWeeds/dataset/20180125-095132-2.jpg,8,DW_NEG,8,DW_NEG,True,0.9814828
/content/drive/MyDrive/DeepWeeds/dataset/20180125-095134-1.jpg,8,DW_NEG,8,DW_NEG,True,0.99987745
/content/drive/MyDrive/DeepWeeds/dataset/20180125-095232-2.jpg,8,DW_NEG,8,DW_NEG,True,0.99999166
/content/drive/MyDrive/DeepWeeds/dataset/20180125-095258-1.jpg,8,DW_NEG,8,DW_NEG,True,0.9977558
/content/drive/MyDrive/DeepWeeds/dataset/20180125-095308-1.jpg,8,DW_NEG,8,DW_NEG,True,0.9996271
/content/drive/MyDrive/DeepWeeds/dataset/20180125-095400-2.jpg,8,DW_NEG,8,DW_NEG,True,0.9999281
/content/drive/MyDrive/DeepWeeds/dataset/20180125-095445-2.jpg,8,DW_NEG,8,DW_NEG,True,0.9999975
/content/drive/MyDrive/DeepWeeds/dataset/20180125-095541-2.jpg,8,DW_NEG,8,DW_NEG,True,0.9999871
/content/drive/MyDrive/DeepWeeds/dataset/20180125-095559-2.jpg,8,DW_NEG,8,DW_NEG,True,0.9999957
/content/drive/MyDrive/DeepWeeds/dataset/20180125-095644-1.jpg,8,DW_NEG,8,DW_NEG,True,0.9999628
/content/drive/MyDrive/DeepWeeds/dataset/20180125-095715-1.jpg,8,DW_NEG,8,DW_NEG,True,1.0
/content/drive/MyDrive/DeepWeeds/dataset/20180125-095732-2.jpg,8,DW_NEG,8,DW_NEG,True,0.99838555
/content/drive/MyDrive/DeepWeeds/dataset/20180125-095801-2.jpg,8,DW_NEG,8,DW_NEG,True,1.0
/content/drive/MyDrive/DeepWeeds/dataset/20180125-095833-2.jpg,8,DW_NEG,8,DW_NEG,True,0.9995441
/content/drive/MyDrive/DeepWeeds/dataset/20180125-095855-1.jpg,8,DW_NEG,8,DW_NEG,True,0.99350774
/content/drive/MyDrive/DeepWeeds/dataset/20180125-095929-1.jpg,8,DW_NEG,8,DW_NEG,True,0.99943966
/content/drive/MyDrive/DeepWeeds/dataset/20180125-100003-1.jpg,8,DW_NEG,8,DW_NEG,True,0.9307074
/content/drive/MyDrive/DeepWeeds/dataset/20180125-100037-2.jpg,8,DW_NEG,8,DW_NEG,True,0.9999342
/content/drive/MyDrive/DeepWeeds/dataset/20180125-100125-1.jpg,8,DW_NEG,8,DW_NEG,True,0.9998697
/content/drive/MyDrive/DeepWeeds/dataset/20180125-100158-2.jpg,8,DW_NEG,8,DW_NEG,True,0.9999417
/content/drive/MyDrive/DeepWeeds/dataset/20180125-100234-2.jpg,8,DW_NEG,8,DW_NEG,True,0.5657175
/content/drive/MyDrive/DeepWeeds/dataset/20180125-100317-2.jpg,8,DW_NEG,8,DW_NEG,True,1.0
/content/drive/MyDrive/DeepWeeds/dataset/20180125-100345-2.jpg,8,DW_NEG,8,DW_NEG,True,0.9904585
/content/drive/MyDrive/DeepWeeds/dataset/20180125-100425-1.jpg,8,DW_NEG,8,DW_NEG,True,0.96238196
/content/drive/MyDrive/DeepWeeds/dataset/20180125-100444-2.jpg,8,DW_NEG,8,DW_NEG,True,0.99979824
/content/drive/MyDrive/DeepWeeds/dataset/20180125-100508-1.jpg,8,DW_NEG,8,DW_NEG,True,0.9985967
/content/drive/MyDrive/DeepWeeds/dataset/20180125-100545-1.jpg,8,DW_NEG,8,DW_NEG,True,0.99998474
/content/drive/MyDrive/DeepWeeds/dataset/20180125-100620-2.jpg,8,DW_NEG,8,DW_NEG,True,0.999979
/content/drive/MyDrive/DeepWeeds/dataset/20180125-100640-1.jpg,8,DW_NEG,8,DW_NEG,True,0.99966633
/content/drive/MyDrive/DeepWeeds/dataset/20180125-100726-2.jpg,8,DW_NEG,8,DW_NEG,True,0.9849412
/content/drive/MyDrive/DeepWeeds/dataset/20180125-100736-2.jpg,8,DW_NEG,8,DW_NEG,True,0.999899
/content/drive/MyDrive/DeepWeeds/dataset/20180125-100826-2.jpg,8,DW_NEG,8,DW_NEG,True,0.99519616
/content/drive/MyDrive/DeepWeeds/dataset/20180125-100907-1.jpg,8,DW_NEG,8,DW_NEG,True,0.9999956
/content/drive/MyDrive/DeepWeeds/dataset/20180125-100950-1.jpg,8,DW_NEG,8,DW_NEG,True,0.99861455
/content/drive/MyDrive/DeepWeeds/dataset/20180125-101006-2.jpg,8,DW_NEG,8,DW_NEG,True,0.9997243
/content/drive/MyDrive/DeepWeeds/dataset/20180125-101053-2.jpg,8,DW_NEG,8,DW_NEG,True,0.9972664
/content/drive/MyDrive/DeepWeeds/dataset/20180125-101111-2.jpg,8,DW_NEG,8,DW_NEG,True,0.9984952
/content/drive/MyDrive/DeepWeeds/dataset/20180125-101152-2.jpg,8,DW_NEG,8,DW_NEG,True,0.99988985
/content/drive/MyDrive/DeepWeeds/dataset/20180125-101251-2.jpg,8,DW_NEG,8,DW_NEG,True,0.9982992
/content/drive/MyDrive/DeepWeeds/dataset/20180125-101302-1.jpg,8,DW_NEG,8,DW_NEG,True,0.99808717
/content/drive/MyDrive/DeepWeeds/dataset/20180125-101402-2.jpg,8,DW_NEG,8,DW_NEG,True,0.993934
/content/drive/MyDrive/DeepWeeds/dataset/20180125-101406-1.jpg,8,DW_NEG,8,DW_NEG,True,0.9714893
/content/drive/MyDrive/DeepWeeds/dataset/20180125-101625-1.jpg,8,DW_NEG,8,DW_NEG,True,0.9646922
/content/drive/MyDrive/DeepWeeds/dataset/20180125-101659-2.jpg,8,DW_NEG,8,DW_NEG,True,0.98959666
/content/drive/MyDrive/DeepWeeds/dataset/20180125-101748-2.jpg,8,DW_NEG,8,DW_NEG,True,0.99559855
/content/drive/MyDrive/DeepWeeds/dataset/20180125-101858-1.jpg,8,DW_NEG,8,DW_NEG,True,0.9870428
/content/drive/MyDrive/DeepWeeds/dataset/20180125-101917-1.jpg,8,DW_NEG,8,DW_NEG,True,0.9996613
/content/drive/MyDrive/DeepWeeds/dataset/20180125-102010-2.jpg,8,DW_NEG,8,DW_NEG,True,0.99905986
/content/drive/MyDrive/DeepWeeds/dataset/20180125-102044-1.jpg,8,DW_NEG,8,DW_NEG,True,0.8065718
/content/drive/MyDrive/DeepWeeds/dataset/20180125-102104-1.jpg,8,DW_NEG,8,DW_NEG,True,0.9999957
/content/drive/MyDrive/DeepWeeds/dataset/20180125-102143-1.jpg,8,DW_NEG,5,DW_RUBV,False,0.95304936
/content/drive/MyDrive/DeepWeeds/dataset/20180125-123133-2.jpg,8,DW_NEG,8,DW_NEG,True,0.99093926
/content/drive/MyDrive/DeepWeeds/dataset/20180125-123305-2.jpg,8,DW_NEG,8,DW_NEG,True,0.9982526
/content/drive/MyDrive/DeepWeeds/dataset/20180125-125759-2.jpg,8,DW_NEG,8,DW_NEG,True,0.99854434
/content/drive/MyDrive/DeepWeeds/dataset/20180125-125843-2.jpg,8,DW_NEG,8,DW_NEG,True,0.9900714
/content/drive/MyDrive/DeepWeeds/dataset/20180125-125934-3.jpg,8,DW_NEG,8,DW_NEG,True,0.99975854
/content/drive/MyDrive/DeepWeeds/dataset/20180125-125955-2.jpg,8,DW_NEG,8,DW_NEG,True,0.9999863
/content/drive/MyDrive/DeepWeeds/dataset/20180125-130045-2.jpg,8,DW_NEG,8,DW_NEG,True,0.98576665
/content/drive/MyDrive/DeepWeeds/dataset/20180125-130106-3.jpg,8,DW_NEG,8,DW_NEG,True,0.99995136
/content/drive/MyDrive/DeepWeeds/dataset/20180125-130149-2.jpg,8,DW_NEG,8,DW_NEG,True,0.9955895
/content/drive/MyDrive/DeepWeeds/dataset/20180125-130209-2.jpg,8,DW_NEG,8,DW_NEG,True,0.99646914
/content/drive/MyDrive/DeepWeeds/dataset/20180125-130254-3.jpg,8,DW_NEG,8,DW_NEG,True,0.9001306
/content/drive/MyDrive/DeepWeeds/dataset/20180125-130301-3.jpg,8,DW_NEG,8,DW_NEG,True,0.98899347
/content/drive/MyDrive/DeepWeeds/dataset/20180125-130342-2.jpg,8,DW_NEG,8,DW_NEG,True,0.9975702
/content/drive/MyDrive/DeepWeeds/dataset/20180125-130359-3.jpg,8,DW_NEG,8,DW_NEG,True,0.99468285
/content/drive/MyDrive/DeepWeeds/dataset/20180125-130415-3.jpg,8,DW_NEG,8,DW_NEG,True,0.9981383
/content/drive/MyDrive/DeepWeeds/dataset/20180125-130453-3.jpg,8,DW_NEG,8,DW_NEG,True,0.9646783
/content/drive/MyDrive/DeepWeeds/dataset/20180125-130522-3.jpg,8,DW_NEG,1,DW_LANT,False,0.54983383
/content/drive/MyDrive/DeepWeeds/dataset/20180125-130938-2.jpg,8,DW_NEG,8,DW_NEG,True,0.99989355
/content/drive/MyDrive/DeepWeeds/dataset/20180125-131046-3.jpg,8,DW_NEG,8,DW_NEG,True,0.9996606
/content/drive/MyDrive/DeepWeeds/dataset/20180125-131050-2.jpg,8,DW_NEG,8,DW_NEG,True,0.9999951
/content/drive/MyDrive/DeepWeeds/dataset/20180125-131121-2.jpg,8,DW_NEG,8,DW_NEG,True,0.99999225
/content/drive/MyDrive/DeepWeeds/dataset/20180125-131150-3.jpg,8,DW_NEG,8,DW_NEG,True,0.5443289
/content/drive/MyDrive/DeepWeeds/dataset/20180125-131150-2.jpg,8,DW_NEG,8,DW_NEG,True,0.9991009
/content/drive/MyDrive/DeepWeeds/dataset/20180125-131215-3.jpg,8,DW_NEG,8,DW_NEG,True,0.9841823
/content/drive/MyDrive/DeepWeeds/dataset/20180125-131248-3.jpg,8,DW_NEG,8,DW_NEG,True,0.96238524
/content/drive/MyDrive/DeepWeeds/dataset/20180125-131323-3.jpg,8,DW_NEG,8,DW_NEG,True,0.9447148
/content/drive/MyDrive/DeepWeeds/dataset/20180125-131358-3.jpg,8,DW_NEG,8,DW_NEG,True,0.54866266
/content/drive/MyDrive/DeepWeeds/dataset/20180125-131432-2.jpg,8,DW_NEG,8,DW_NEG,True,0.99650675
/content/drive/MyDrive/DeepWeeds/dataset/20180125-131503-2.jpg,8,DW_NEG,8,DW_NEG,True,0.95707476
/content/drive/MyDrive/DeepWeeds/dataset/20180125-131545-2.jpg,8,DW_NEG,8,DW_NEG,True,0.99818987
/content/drive/MyDrive/DeepWeeds/dataset/20180125-131604-3.jpg,8,DW_NEG,8,DW_NEG,True,0.50992155
/content/drive/MyDrive/DeepWeeds/dataset/20180125-131634-2.jpg,8,DW_NEG,8,DW_NEG,True,0.98956585
/content/drive/MyDrive/DeepWeeds/dataset/20180125-131707-2.jpg,8,DW_NEG,1,DW_LANT,False,0.5232949
/content/drive/MyDrive/DeepWeeds/dataset/20180125-131723-3.jpg,8,DW_NEG,8,DW_NEG,True,0.9925426
/content/drive/MyDrive/DeepWeeds/dataset/20180125-131822-2.jpg,8,DW_NEG,8,DW_NEG,True,0.99272424
/content/drive/MyDrive/DeepWeeds/dataset/20180125-131905-2.jpg,8,DW_NEG,8,DW_NEG,True,0.9996382
/content/drive/MyDrive/DeepWeeds/dataset/20180125-131912-3.jpg,8,DW_NEG,8,DW_NEG,True,0.9533665
/content/drive/MyDrive/DeepWeeds/dataset/20180125-131950-2.jpg,8,DW_NEG,8,DW_NEG,True,0.9997446
/content/drive/MyDrive/DeepWeeds/dataset/20180125-132037-2.jpg,8,DW_NEG,8,DW_NEG,True,0.82519466
/content/drive/MyDrive/DeepWeeds/dataset/20180125-132051-3.jpg,8,DW_NEG,1,DW_LANT,False,0.9248839
/content/drive/MyDrive/DeepWeeds/dataset/20180125-132122-2.jpg,8,DW_NEG,8,DW_NEG,True,0.9985831
/content/drive/MyDrive/DeepWeeds/dataset/20180125-132159-2.jpg,8,DW_NEG,8,DW_NEG,True,0.9988238
/content/drive/MyDrive/DeepWeeds/dataset/20180125-132200-3.jpg,8,DW_NEG,8,DW_NEG,True,0.9289862
/content/drive/MyDrive/DeepWeeds/dataset/20180125-132309-3.jpg,8,DW_NEG,7,DW_SNWE,False,0.7339717
/content/drive/MyDrive/DeepWeeds/dataset/20180125-132309-2.jpg,8,DW_NEG,8,DW_NEG,True,0.8348778
/content/drive/MyDrive/DeepWeeds/dataset/20180125-132332-3.jpg,8,DW_NEG,1,DW_LANT,False,0.60800403
/content/drive/MyDrive/DeepWeeds/dataset/20180125-132416-3.jpg,8,DW_NEG,8,DW_NEG,True,0.9011352
/content/drive/MyDrive/DeepWeeds/dataset/20180125-132440-3.jpg,8,DW_NEG,8,DW_NEG,True,0.9972519
/content/drive/MyDrive/DeepWeeds/dataset/20180125-132508-2.jpg,8,DW_NEG,8,DW_NEG,True,0.9937065
/content/drive/MyDrive/DeepWeeds/dataset/20180125-132605-2.jpg,8,DW_NEG,8,DW_NEG,True,0.9996265
/content/drive/MyDrive/DeepWeeds/dataset/20180125-132622-3.jpg,8,DW_NEG,8,DW_NEG,True,0.994822
/content/drive/MyDrive/DeepWeeds/dataset/20180125-132718-3.jpg,8,DW_NEG,8,DW_NEG,True,0.72535926
/content/drive/MyDrive/DeepWeeds/dataset/20180125-132815-2.jpg,8,DW_NEG,8,DW_NEG,True,0.9995622
/content/drive/MyDrive/DeepWeeds/dataset/20180125-132847-3.jpg,8,DW_NEG,8,DW_NEG,True,0.9695407
/content/drive/MyDrive/DeepWeeds/dataset/20180125-132847-2.jpg,8,DW_NEG,8,DW_NEG,True,0.9999397
/content/drive/MyDrive/DeepWeeds/dataset/20180125-132908-3.jpg,8,DW_NEG,8,DW_NEG,True,0.99692243
/content/drive/MyDrive/DeepWeeds/dataset/20180125-132956-2.jpg,8,DW_NEG,8,DW_NEG,True,0.9996934
/content/drive/MyDrive/DeepWeeds/dataset/20180125-133054-2.jpg,8,DW_NEG,8,DW_NEG,True,0.9949905
/content/drive/MyDrive/DeepWeeds/dataset/20180125-133127-2.jpg,8,DW_NEG,8,DW_NEG,True,0.9999285
/content/drive/MyDrive/DeepWeeds/dataset/20180125-133152-3.jpg,8,DW_NEG,8,DW_NEG,True,0.9556229
/content/drive/MyDrive/DeepWeeds/dataset/20180125-133246-2.jpg,8,DW_NEG,8,DW_NEG,True,0.9999273
/content/drive/MyDrive/DeepWeeds/dataset/20180125-133315-2.jpg,8,DW_NEG,8,DW_NEG,True,0.9999981
/content/drive/MyDrive/DeepWeeds/dataset/20180125-133357-2.jpg,8,DW_NEG,8,DW_NEG,True,0.9999925
/content/drive/MyDrive/DeepWeeds/dataset/20180125-133523-2.jpg,8,DW_NEG,8,DW_NEG,True,0.9999893
/content/drive/MyDrive/DeepWeeds/dataset/20180125-133822-3.jpg,8,DW_NEG,6,DW_SIWE,False,0.73804086
/content/drive/MyDrive/DeepWeeds/dataset/20180125-133857-3.jpg,8,DW_NEG,8,DW_NEG,True,0.5885886
/content/drive/MyDrive/DeepWeeds/dataset/20180125-133946-3.jpg,8,DW_NEG,8,DW_NEG,True,0.99817646
/content/drive/MyDrive/DeepWeeds/dataset/20180125-134042-3.jpg,8,DW_NEG,8,DW_NEG,True,0.6131967
/content/drive/MyDrive/DeepWeeds/dataset/20180125-134055-3.jpg,8,DW_NEG,8,DW_NEG,True,0.9071429
/content/drive/MyDrive/DeepWeeds/dataset/20180125-134204-2.jpg,8,DW_NEG,8,DW_NEG,True,0.9999927
/content/drive/MyDrive/DeepWeeds/dataset/20180125-134215-2.jpg,8,DW_NEG,8,DW_NEG,True,0.99809605
/content/drive/MyDrive/DeepWeeds/dataset/20180125-134245-3.jpg,8,DW_NEG,8,DW_NEG,True,0.8676976
/content/drive/MyDrive/DeepWeeds/dataset/20180125-134255-3.jpg,8,DW_NEG,8,DW_NEG,True,0.97357136
/content/drive/MyDrive/DeepWeeds/dataset/20180125-134338-2.jpg,8,DW_NEG,8,DW_NEG,True,0.9914547
/content/drive/MyDrive/DeepWeeds/dataset/20180125-134356-2.jpg,8,DW_NEG,8,DW_NEG,True,0.99990594
/content/drive/MyDrive/DeepWeeds/dataset/20180125-134446-3.jpg,8,DW_NEG,8,DW_NEG,True,0.9851164
/content/drive/MyDrive/DeepWeeds/dataset/20180125-134531-3.jpg,8,DW_NEG,8,DW_NEG,True,0.7843373
/content/drive/MyDrive/DeepWeeds/dataset/20180125-134612-2.jpg,8,DW_NEG,8,DW_NEG,True,0.9987123
/content/drive/MyDrive/DeepWeeds/dataset/20180125-134635-3.jpg,8,DW_NEG,8,DW_NEG,True,0.985174
/content/drive/MyDrive/DeepWeeds/dataset/20180125-134710-3.jpg,8,DW_NEG,8,DW_NEG,True,0.9967539
/content/drive/MyDrive/DeepWeeds/dataset/20180125-134736-2.jpg,8,DW_NEG,8,DW_NEG,True,0.9992919
/content/drive/MyDrive/DeepWeeds/dataset/20180125-134837-3.jpg,8,DW_NEG,8,DW_NEG,True,0.6547154
/content/drive/MyDrive/DeepWeeds/dataset/20180125-134909-3.jpg,8,DW_NEG,8,DW_NEG,True,0.8049667
/content/drive/MyDrive/DeepWeeds/dataset/20180125-134928-3.jpg,8,DW_NEG,8,DW_NEG,True,0.612813
/content/drive/MyDrive/DeepWeeds/dataset/20180125-135018-3.jpg,8,DW_NEG,8,DW_NEG,True,0.9348531
/content/drive/MyDrive/DeepWeeds/dataset/20180125-135107-3.jpg,8,DW_NEG,8,DW_NEG,True,0.99301046
/content/drive/MyDrive/DeepWeeds/dataset/20180125-135122-3.jpg,8,DW_NEG,8,DW_NEG,True,0.83517104
/content/drive/MyDrive/DeepWeeds/dataset/20180125-135154-3.jpg,8,DW_NEG,8,DW_NEG,True,0.9221354
/content/drive/MyDrive/DeepWeeds/dataset/20180125-135211-3.jpg,8,DW_NEG,8,DW_NEG,True,0.8255244
/content/drive/MyDrive/DeepWeeds/dataset/20180125-135306-3.jpg,8,DW_NEG,8,DW_NEG,True,0.9004542
/content/drive/MyDrive/DeepWeeds/dataset/20180125-135417-3.jpg,8,DW_NEG,2,DW_PARK,False,0.7185594
/content/drive/MyDrive/DeepWeeds/dataset/20180125-135458-3.jpg,8,DW_NEG,8,DW_NEG,True,0.9982193
/content/drive/MyDrive/DeepWeeds/dataset/20180125-135545-3.jpg,8,DW_NEG,8,DW_NEG,True,0.9844242
/content/drive/MyDrive/DeepWeeds/dataset/20180125-135642-3.jpg,8,DW_NEG,8,DW_NEG,True,0.99889946
/content/drive/MyDrive/DeepWeeds/dataset/20180125-135700-3.jpg,8,DW_NEG,8,DW_NEG,True,0.9950134
/content/drive/MyDrive/DeepWeeds/dataset/20180322-102450-2.jpg,8,DW_NEG,8,DW_NEG,True,0.9997284
/content/drive/MyDrive/DeepWeeds/dataset/20180322-102724-1.jpg,8,DW_NEG,8,DW_NEG,True,0.9999753
/content/drive/MyDrive/DeepWeeds/dataset/20180322-102756-2.jpg,8,DW_NEG,8,DW_NEG,True,0.9999467
/content/drive/MyDrive/DeepWeeds/dataset/20180322-102908-1.jpg,8,DW_NEG,8,DW_NEG,True,0.99983954
/content/drive/MyDrive/DeepWeeds/dataset/20180322-102956-1.jpg,8,DW_NEG,8,DW_NEG,True,0.99986625
/content/drive/MyDrive/DeepWeeds/dataset/20180322-103028-1.jpg,8,DW_NEG,8,DW_NEG,True,0.999874
/content/drive/MyDrive/DeepWeeds/dataset/20180322-103048-1.jpg,8,DW_NEG,8,DW_NEG,True,0.99999857
/content/drive/MyDrive/DeepWeeds/dataset/20180322-103155-1.jpg,8,DW_NEG,8,DW_NEG,True,0.9984132
/content/drive/MyDrive/DeepWeeds/dataset/20180322-103225-1.jpg,8,DW_NEG,8,DW_NEG,True,0.9996557
/content/drive/MyDrive/DeepWeeds/dataset/20180322-103258-2.jpg,8,DW_NEG,8,DW_NEG,True,0.9883068
/content/drive/MyDrive/DeepWeeds/dataset/20180322-103330-1.jpg,8,DW_NEG,8,DW_NEG,True,0.9990895
/content/drive/MyDrive/DeepWeeds/dataset/20180322-103426-1.jpg,8,DW_NEG,8,DW_NEG,True,0.9925476
/content/drive/MyDrive/DeepWeeds/dataset/20180322-103509-2.jpg,8,DW_NEG,8,DW_NEG,True,0.999172
/content/drive/MyDrive/DeepWeeds/dataset/20180322-103643-2.jpg,8,DW_NEG,8,DW_NEG,True,0.9999151
/content/drive/MyDrive/DeepWeeds/dataset/20180322-103658-2.jpg,8,DW_NEG,8,DW_NEG,True,0.9940501
/content/drive/MyDrive/DeepWeeds/dataset/20180322-103820-1.jpg,8,DW_NEG,8,DW_NEG,True,0.8704537
/content/drive/MyDrive/DeepWeeds/dataset/20180322-103947-1.jpg,8,DW_NEG,8,DW_NEG,True,0.99981207
/content/drive/MyDrive/DeepWeeds/dataset/20180322-103953-2.jpg,8,DW_NEG,8,DW_NEG,True,0.9996132
/content/drive/MyDrive/DeepWeeds/dataset/20180322-104016-2.jpg,8,DW_NEG,8,DW_NEG,True,0.99975497
/content/drive/MyDrive/DeepWeeds/dataset/20180322-104057-1.jpg,8,DW_NEG,8,DW_NEG,True,0.9999938
/content/drive/MyDrive/DeepWeeds/dataset/20180322-104126-1.jpg,8,DW_NEG,8,DW_NEG,True,0.96640253
/content/drive/MyDrive/DeepWeeds/dataset/20180322-104201-1.jpg,8,DW_NEG,8,DW_NEG,True,0.9964992
/content/drive/MyDrive/DeepWeeds/dataset/20180322-104305-1.jpg,8,DW_NEG,8,DW_NEG,True,0.9989172
/content/drive/MyDrive/DeepWeeds/dataset/20180322-104325-2.jpg,8,DW_NEG,8,DW_NEG,True,0.9999945
/content/drive/MyDrive/DeepWeeds/dataset/20180322-104408-1.jpg,8,DW_NEG,8,DW_NEG,True,0.99105585
/content/drive/MyDrive/DeepWeeds/dataset/20180322-104408-2.jpg,8,DW_NEG,8,DW_NEG,True,0.99973303
/content/drive/MyDrive/DeepWeeds/dataset/20180322-104445-1.jpg,8,DW_NEG,8,DW_NEG,True,0.9927343
/content/drive/MyDrive/DeepWeeds/dataset/20180322-104556-1.jpg,8,DW_NEG,8,DW_NEG,True,0.9998166
/content/drive/MyDrive/DeepWeeds/dataset/20180322-104635-1.jpg,8,DW_NEG,8,DW_NEG,True,0.99962234
/content/drive/MyDrive/DeepWeeds/dataset/20180322-104727-1.jpg,8,DW_NEG,8,DW_NEG,True,0.99806994
/content/drive/MyDrive/DeepWeeds/dataset/20180322-104839-1.jpg,8,DW_NEG,8,DW_NEG,True,0.8856379
/content/drive/MyDrive/DeepWeeds/dataset/20180322-104949-1.jpg,8,DW_NEG,8,DW_NEG,True,0.98121005
/content/drive/MyDrive/DeepWeeds/dataset/20180322-105126-1.jpg,8,DW_NEG,8,DW_NEG,True,0.9961165
/content/drive/MyDrive/DeepWeeds/dataset/20180322-105136-1.jpg,8,DW_NEG,8,DW_NEG,True,0.9732517
/content/drive/MyDrive/DeepWeeds/dataset/20180322-105321-1.jpg,8,DW_NEG,8,DW_NEG,True,0.8797271
/content/drive/MyDrive/DeepWeeds/dataset/20180322-105450-1.jpg,8,DW_NEG,8,DW_NEG,True,0.99977213
/content/drive/MyDrive/DeepWeeds/dataset/20180322-110736-2.jpg,8,DW_NEG,8,DW_NEG,True,0.9973035
/content/drive/MyDrive/DeepWeeds/dataset/20180322-110909-2.jpg,8,DW_NEG,8,DW_NEG,True,0.9996474
/content/drive/MyDrive/DeepWeeds/dataset/20180322-111001-2.jpg,8,DW_NEG,8,DW_NEG,True,0.9999962
/content/drive/MyDrive/DeepWeeds/dataset/20180322-111142-2.jpg,8,DW_NEG,8,DW_NEG,True,0.9999994
/content/drive/MyDrive/DeepWeeds/dataset/20180322-111339-2.jpg,8,DW_NEG,8,DW_NEG,True,0.99999833
/content/drive/MyDrive/DeepWeeds/dataset/20180322-111519-2.jpg,8,DW_NEG,8,DW_NEG,True,0.99999905
/content/drive/MyDrive/DeepWeeds/dataset/20180322-111636-2.jpg,8,DW_NEG,8,DW_NEG,True,0.9999993
/content/drive/MyDrive/DeepWeeds/dataset/20180322-111706-1.jpg,8,DW_NEG,8,DW_NEG,True,0.99170107
/content/drive/MyDrive/DeepWeeds/dataset/20180322-111737-1.jpg,8,DW_NEG,8,DW_NEG,True,0.99999106
/content/drive/MyDrive/DeepWeeds/dataset/20180322-111804-2.jpg,8,DW_NEG,8,DW_NEG,True,0.9999995
/content/drive/MyDrive/DeepWeeds/dataset/20180322-111927-1.jpg,8,DW_NEG,8,DW_NEG,True,0.99999964
/content/drive/MyDrive/DeepWeeds/dataset/20180322-112013-2.jpg,8,DW_NEG,8,DW_NEG,True,0.9998573
/content/drive/MyDrive/DeepWeeds/dataset/20180322-112105-1.jpg,8,DW_NEG,8,DW_NEG,True,0.9999846
/content/drive/MyDrive/DeepWeeds/dataset/20180322-112127-2.jpg,8,DW_NEG,8,DW_NEG,True,0.99999774
/content/drive/MyDrive/DeepWeeds/dataset/20180322-112210-1.jpg,8,DW_NEG,8,DW_NEG,True,0.9805141
/content/drive/MyDrive/DeepWeeds/dataset/20180322-112301-2.jpg,8,DW_NEG,8,DW_NEG,True,0.99995565
/content/drive/MyDrive/DeepWeeds/dataset/20180322-112333-2.jpg,8,DW_NEG,8,DW_NEG,True,1.0
/content/drive/MyDrive/DeepWeeds/dataset/20180322-112348-2.jpg,8,DW_NEG,8,DW_NEG,True,0.9967008
/content/drive/MyDrive/DeepWeeds/dataset/20180322-112430-2.jpg,8,DW_NEG,8,DW_NEG,True,0.9999404
/content/drive/MyDrive/DeepWeeds/dataset/20180322-112503-2.jpg,8,DW_NEG,8,DW_NEG,True,0.99635726
/content/drive/MyDrive/DeepWeeds/dataset/20180322-112515-1.jpg,8,DW_NEG,8,DW_NEG,True,0.99670863
/content/drive/MyDrive/DeepWeeds/dataset/20180322-112532-2.jpg,8,DW_NEG,8,DW_NEG,True,0.99937123
/content/drive/MyDrive/DeepWeeds/dataset/20180322-112555-1.jpg,8,DW_NEG,8,DW_NEG,True,0.9999987
/content/drive/MyDrive/DeepWeeds/dataset/20180322-112555-2.jpg,8,DW_NEG,8,DW_NEG,True,0.99994445
/content/drive/MyDrive/DeepWeeds/dataset/20180322-112640-2.jpg,8,DW_NEG,8,DW_NEG,True,0.99999666
/content/drive/MyDrive/DeepWeeds/dataset/20180322-112812-2.jpg,8,DW_NEG,8,DW_NEG,True,0.83541244
/content/drive/MyDrive/DeepWeeds/dataset/20180322-112836-2.jpg,8,DW_NEG,8,DW_NEG,True,0.9877967
/content/drive/MyDrive/DeepWeeds/dataset/20180322-112902-2.jpg,8,DW_NEG,8,DW_NEG,True,0.99999833
/content/drive/MyDrive/DeepWeeds/dataset/20180322-112924-2.jpg,8,DW_NEG,8,DW_NEG,True,0.9998449
/content/drive/MyDrive/DeepWeeds/dataset/20180322-112931-1.jpg,8,DW_NEG,8,DW_NEG,True,0.9971308
/content/drive/MyDrive/DeepWeeds/dataset/20180322-112931-2.jpg,8,DW_NEG,8,DW_NEG,True,0.99969196
/content/drive/MyDrive/DeepWeeds/dataset/20180322-113018-2.jpg,8,DW_NEG,8,DW_NEG,True,0.94372505
/content/drive/MyDrive/DeepWeeds/dataset/20180322-113031-2.jpg,8,DW_NEG,8,DW_NEG,True,0.96240854
/content/drive/MyDrive/DeepWeeds/dataset/20180322-113110-2.jpg,8,DW_NEG,8,DW_NEG,True,0.9941544
/content/drive/MyDrive/DeepWeeds/dataset/20180322-113121-2.jpg,8,DW_NEG,8,DW_NEG,True,0.99960357
/content/drive/MyDrive/DeepWeeds/dataset/20180322-113150-1.jpg,8,DW_NEG,8,DW_NEG,True,0.99509466
/content/drive/MyDrive/DeepWeeds/dataset/20180322-113229-1.jpg,8,DW_NEG,8,DW_NEG,True,0.98927736
/content/drive/MyDrive/DeepWeeds/dataset/20180322-113253-2.jpg,8,DW_NEG,8,DW_NEG,True,0.99985254
/content/drive/MyDrive/DeepWeeds/dataset/20180322-113325-2.jpg,8,DW_NEG,8,DW_NEG,True,0.90215033
/content/drive/MyDrive/DeepWeeds/dataset/20180322-113411-2.jpg,8,DW_NEG,8,DW_NEG,True,0.99999607
/content/drive/MyDrive/DeepWeeds/dataset/20180322-113444-1.jpg,8,DW_NEG,8,DW_NEG,True,0.97729856
/content/drive/MyDrive/DeepWeeds/dataset/20180322-113511-2.jpg,8,DW_NEG,8,DW_NEG,True,0.99990356
/content/drive/MyDrive/DeepWeeds/dataset/20180322-113527-1.jpg,8,DW_NEG,8,DW_NEG,True,0.999949
/content/drive/MyDrive/DeepWeeds/dataset/20180322-113553-2.jpg,8,DW_NEG,8,DW_NEG,True,0.9999988
/content/drive/MyDrive/DeepWeeds/dataset/20180322-113636-2.jpg,8,DW_NEG,8,DW_NEG,True,0.9999901
/content/drive/MyDrive/DeepWeeds/dataset/20180322-113656-2.jpg,8,DW_NEG,8,DW_NEG,True,0.9999759
/content/drive/MyDrive/DeepWeeds/dataset/20180322-113730-1.jpg,8,DW_NEG,5,DW_RUBV,False,0.6368169
/content/drive/MyDrive/DeepWeeds/dataset/20180322-113745-2.jpg,8,DW_NEG,8,DW_NEG,True,0.99997616
/content/drive/MyDrive/DeepWeeds/dataset/20180322-113805-2.jpg,8,DW_NEG,8,DW_NEG,True,0.9999193
/content/drive/MyDrive/DeepWeeds/dataset/20180322-113829-2.jpg,8,DW_NEG,8,DW_NEG,True,0.9997806
/content/drive/MyDrive/DeepWeeds/dataset/20180322-113857-1.jpg,8,DW_NEG,8,DW_NEG,True,0.99981946
/content/drive/MyDrive/DeepWeeds/dataset/20180322-113943-2.jpg,8,DW_NEG,8,DW_NEG,True,0.9703699
/content/drive/MyDrive/DeepWeeds/dataset/20180322-114006-2.jpg,8,DW_NEG,8,DW_NEG,True,0.99953353
/content/drive/MyDrive/DeepWeeds/dataset/20180322-114043-1.jpg,8,DW_NEG,8,DW_NEG,True,0.90488815
/content/drive/MyDrive/DeepWeeds/dataset/20180322-114111-2.jpg,8,DW_NEG,8,DW_NEG,True,0.9997687
/content/drive/MyDrive/DeepWeeds/dataset/20180322-114139-1.jpg,8,DW_NEG,8,DW_NEG,True,0.9999893
/content/drive/MyDrive/DeepWeeds/dataset/20180322-114250-2.jpg,8,DW_NEG,8,DW_NEG,True,0.90382475
/content/drive/MyDrive/DeepWeeds/dataset/20180322-114327-1.jpg,8,DW_NEG,8,DW_NEG,True,0.9233926
/content/drive/MyDrive/DeepWeeds/dataset/20180322-114403-2.jpg,8,DW_NEG,8,DW_NEG,True,0.9999987
/content/drive/MyDrive/DeepWeeds/dataset/20180322-114418-1.jpg,8,DW_NEG,8,DW_NEG,True,0.9979253
/content/drive/MyDrive/DeepWeeds/dataset/20180322-114503-1.jpg,8,DW_NEG,8,DW_NEG,True,0.9997527
/content/drive/MyDrive/DeepWeeds/dataset/20180322-114535-2.jpg,8,DW_NEG,8,DW_NEG,True,0.9997427
/content/drive/MyDrive/DeepWeeds/dataset/20180322-114628-2.jpg,8,DW_NEG,8,DW_NEG,True,0.9999943
/content/drive/MyDrive/DeepWeeds/dataset/20180322-114702-1.jpg,8,DW_NEG,8,DW_NEG,True,0.96815467
/content/drive/MyDrive/DeepWeeds/dataset/20180322-114721-2.jpg,8,DW_NEG,8,DW_NEG,True,0.99861753
/content/drive/MyDrive/DeepWeeds/dataset/20180322-114744-2.jpg,8,DW_NEG,8,DW_NEG,True,0.9978719
/content/drive/MyDrive/DeepWeeds/dataset/20180322-114821-1.jpg,8,DW_NEG,8,DW_NEG,True,0.9998006
/content/drive/MyDrive/DeepWeeds/dataset/20180322-114927-2.jpg,8,DW_NEG,8,DW_NEG,True,0.9702794
/content/drive/MyDrive/DeepWeeds/dataset/20180322-115015-2.jpg,8,DW_NEG,8,DW_NEG,True,0.99936455
/content/drive/MyDrive/DeepWeeds/dataset/20180322-115108-1.jpg,8,DW_NEG,8,DW_NEG,True,0.9999995
/content/drive/MyDrive/DeepWeeds/dataset/20180322-115157-2.jpg,8,DW_NEG,8,DW_NEG,True,0.9707875
/content/drive/MyDrive/DeepWeeds/dataset/20180322-115328-1.jpg,8,DW_NEG,8,DW_NEG,True,0.9999995
/content/drive/MyDrive/DeepWeeds/dataset/20180322-115414-2.jpg,8,DW_NEG,8,DW_NEG,True,0.99999464
/content/drive/MyDrive/DeepWeeds/dataset/20180322-115511-1.jpg,8,DW_NEG,8,DW_NEG,True,0.99999976
/content/drive/MyDrive/DeepWeeds/dataset/20180322-115926-2.jpg,8,DW_NEG,8,DW_NEG,True,0.99378246
/content/drive/MyDrive/DeepWeeds/dataset/20180322-115939-2.jpg,8,DW_NEG,8,DW_NEG,True,0.9464587
/content/drive/MyDrive/DeepWeeds/dataset/20180322-120003-2.jpg,8,DW_NEG,8,DW_NEG,True,0.99974054
/content/drive/MyDrive/DeepWeeds/dataset/20180322-120236-2.jpg,8,DW_NEG,8,DW_NEG,True,0.9999995
/content/drive/MyDrive/DeepWeeds/dataset/20180322-120353-2.jpg,8,DW_NEG,8,DW_NEG,True,1.0
/content/drive/MyDrive/DeepWeeds/dataset/20180322-120622-2.jpg,8,DW_NEG,8,DW_NEG,True,0.9929557
/content/drive/MyDrive/DeepWeeds/dataset/20180322-120644-2.jpg,8,DW_NEG,8,DW_NEG,True,0.99999416
/content/drive/MyDrive/DeepWeeds/dataset/20180322-120945-2.jpg,8,DW_NEG,8,DW_NEG,True,0.9999999
/content/drive/MyDrive/DeepWeeds/dataset/20180322-121018-2.jpg,8,DW_NEG,8,DW_NEG,True,0.9999995
/content/drive/MyDrive/DeepWeeds/dataset/20180322-121057-2.jpg,8,DW_NEG,8,DW_NEG,True,0.99949193
/content/drive/MyDrive/DeepWeeds/dataset/20180322-121319-2.jpg,8,DW_NEG,8,DW_NEG,True,0.9972914
/content/drive/MyDrive/DeepWeeds/dataset/20180322-121420-2.jpg,8,DW_NEG,8,DW_NEG,True,0.874676
/content/drive/MyDrive/DeepWeeds/dataset/20180322-121456-2.jpg,8,DW_NEG,8,DW_NEG,True,0.9999124
/content/drive/MyDrive/DeepWeeds/dataset/20180322-121645-2.jpg,8,DW_NEG,8,DW_NEG,True,0.99999523
/content/drive/MyDrive/DeepWeeds/dataset/20180322-121846-2.jpg,8,DW_NEG,8,DW_NEG,True,0.99411315
/content/drive/MyDrive/DeepWeeds/dataset/20180322-124446-1.jpg,8,DW_NEG,8,DW_NEG,True,0.9999789
/content/drive/MyDrive/DeepWeeds/dataset/20180322-124617-1.jpg,8,DW_NEG,8,DW_NEG,True,0.9997279
/content/drive/MyDrive/DeepWeeds/dataset/20180322-124804-1.jpg,8,DW_NEG,8,DW_NEG,True,0.9999174
/content/drive/MyDrive/DeepWeeds/dataset/20180322-124916-1.jpg,8,DW_NEG,8,DW_NEG,True,0.6224541
/content/drive/MyDrive/DeepWeeds/dataset/20180322-124950-1.jpg,8,DW_NEG,8,DW_NEG,True,0.9998098
/content/drive/MyDrive/DeepWeeds/dataset/20180322-125050-1.jpg,8,DW_NEG,8,DW_NEG,True,0.97227186
/content/drive/MyDrive/DeepWeeds/dataset/20180322-125152-1.jpg,8,DW_NEG,8,DW_NEG,True,0.9993056
/content/drive/MyDrive/DeepWeeds/dataset/20180322-125303-1.jpg,8,DW_NEG,8,DW_NEG,True,0.99803287
/content/drive/MyDrive/DeepWeeds/dataset/20180322-125414-1.jpg,8,DW_NEG,8,DW_NEG,True,0.99995303
/content/drive/MyDrive/DeepWeeds/dataset/20180322-125512-1.jpg,8,DW_NEG,8,DW_NEG,True,0.99920124
/content/drive/MyDrive/DeepWeeds/dataset/20180322-125534-1.jpg,8,DW_NEG,8,DW_NEG,True,0.9995616
/content/drive/MyDrive/DeepWeeds/dataset/20180322-125637-1.jpg,8,DW_NEG,8,DW_NEG,True,0.99227095
/content/drive/MyDrive/DeepWeeds/dataset/20180322-125743-1.jpg,8,DW_NEG,8,DW_NEG,True,0.9784118
/content/drive/MyDrive/DeepWeeds/dataset/20180322-125752-1.jpg,8,DW_NEG,8,DW_NEG,True,0.99999523
/content/drive/MyDrive/DeepWeeds/dataset/20180322-125907-1.jpg,8,DW_NEG,8,DW_NEG,True,0.9947318
/content/drive/MyDrive/DeepWeeds/dataset/20180322-125923-1.jpg,8,DW_NEG,8,DW_NEG,True,0.99977547
/content/drive/MyDrive/DeepWeeds/dataset/20180322-130050-1.jpg,8,DW_NEG,8,DW_NEG,True,0.9971167
/content/drive/MyDrive/DeepWeeds/dataset/20180322-130118-1.jpg,8,DW_NEG,7,DW_SNWE,False,0.9598579
/content/drive/MyDrive/DeepWeeds/dataset/20180322-130234-1.jpg,8,DW_NEG,8,DW_NEG,True,0.9993488
/content/drive/MyDrive/DeepWeeds/dataset/20180322-130253-1.jpg,8,DW_NEG,8,DW_NEG,True,0.9999802
/content/drive/MyDrive/DeepWeeds/dataset/20180322-130353-1.jpg,8,DW_NEG,8,DW_NEG,True,0.99999404
/content/drive/MyDrive/DeepWeeds/dataset/20180322-130402-1.jpg,8,DW_NEG,8,DW_NEG,True,0.9998104
/content/drive/MyDrive/DeepWeeds/dataset/20180322-130534-1.jpg,8,DW_NEG,8,DW_NEG,True,0.9999994
/content/drive/MyDrive/DeepWeeds/dataset/20180322-130558-1.jpg,8,DW_NEG,8,DW_NEG,True,0.99994504
/content/drive/MyDrive/DeepWeeds/dataset/20180322-130649-1.jpg,8,DW_NEG,8,DW_NEG,True,0.9988423
/content/drive/MyDrive/DeepWeeds/dataset/20180322-130751-1.jpg,8,DW_NEG,8,DW_NEG,True,0.988987
/content/drive/MyDrive/DeepWeeds/dataset/20180322-130842-1.jpg,8,DW_NEG,8,DW_NEG,True,0.9999815
/content/drive/MyDrive/DeepWeeds/dataset/20180322-130936-1.jpg,8,DW_NEG,8,DW_NEG,True,0.99968636
/content/drive/MyDrive/DeepWeeds/dataset/20180322-131324-1.jpg,8,DW_NEG,8,DW_NEG,True,0.9981797
/content/drive/MyDrive/DeepWeeds/dataset/20180322-131400-1.jpg,8,DW_NEG,8,DW_NEG,True,0.99975103
/content/drive/MyDrive/DeepWeeds/dataset/20180322-131707-1.jpg,8,DW_NEG,8,DW_NEG,True,0.9998678
/content/drive/MyDrive/DeepWeeds/dataset/20180322-131811-1.jpg,8,DW_NEG,8,DW_NEG,True,0.99985456
/content/drive/MyDrive/DeepWeeds/dataset/20180322-131850-1.jpg,8,DW_NEG,8,DW_NEG,True,0.9999876
/content/drive/MyDrive/DeepWeeds/dataset/20180322-131858-1.jpg,8,DW_NEG,8,DW_NEG,True,0.9998186
/content/drive/MyDrive/DeepWeeds/dataset/20180322-132135-1.jpg,8,DW_NEG,8,DW_NEG,True,0.9999995
/content/drive/MyDrive/DeepWeeds/dataset/20180322-132215-1.jpg,8,DW_NEG,8,DW_NEG,True,0.99999845
/content/drive/MyDrive/DeepWeeds/dataset/20180322-132304-1.jpg,8,DW_NEG,8,DW_NEG,True,0.96518207
/content/drive/MyDrive/DeepWeeds/dataset/20180322-132313-1.jpg,8,DW_NEG,8,DW_NEG,True,0.99912304
/content/drive/MyDrive/DeepWeeds/dataset/20180322-132447-1.jpg,8,DW_NEG,8,DW_NEG,True,0.9999366
/content/drive/MyDrive/DeepWeeds/dataset/20180322-132617-1.jpg,8,DW_NEG,8,DW_NEG,True,0.9999863
/content/drive/MyDrive/DeepWeeds/dataset/20180322-132802-1.jpg,8,DW_NEG,8,DW_NEG,True,0.99868244
/content/drive/MyDrive/DeepWeeds/dataset/20180322-132854-1.jpg,8,DW_NEG,8,DW_NEG,True,0.99858665
/content/drive/MyDrive/DeepWeeds/dataset/20180322-133038-1.jpg,8,DW_NEG,8,DW_NEG,True,0.9963374
/content/drive/MyDrive/DeepWeeds/dataset/20180322-133223-1.jpg,8,DW_NEG,8,DW_NEG,True,0.999127
/content/drive/MyDrive/DeepWeeds/dataset/20180322-133359-1.jpg,8,DW_NEG,8,DW_NEG,True,0.94915444
/content/drive/MyDrive/DeepWeeds/dataset/20180322-133525-1.jpg,8,DW_NEG,8,DW_NEG,True,0.9998574
/content/drive/MyDrive/DeepWeeds/dataset/20180322-133604-1.jpg,8,DW_NEG,8,DW_NEG,True,0.9952673
/content/drive/MyDrive/DeepWeeds/dataset/20180322-133802-1.jpg,8,DW_NEG,8,DW_NEG,True,0.98374474
/content/drive/MyDrive/DeepWeeds/dataset/20180322-133901-1.jpg,8,DW_NEG,8,DW_NEG,True,0.9958085
