path,ground_truth_index,ground_truth_eppo,predicted_index,predicted_eppo,correct,predicted_probability
/content/drive/MyDrive/DeepWeeds/dataset/20160928-141355-0.jpg,0,DW_CHAP,0,DW_CHAP,True,0.7752782
/content/drive/MyDrive/DeepWeeds/dataset/20160928-142110-0.jpg,0,DW_CHAP,0,DW_CHAP,True,0.6910158
/content/drive/MyDrive/DeepWeeds/dataset/20161207-110850-0.jpg,0,DW_CHAP,5,DW_RUBV,False,0.63443375
/content/drive/MyDrive/DeepWeeds/dataset/20161207-111112-0.jpg,0,DW_CHAP,0,DW_CHAP,True,0.97712153
/content/drive/MyDrive/DeepWeeds/dataset/20161207-111317-0.jpg,0,DW_CHAP,0,DW_CHAP,True,0.99518365
/content/drive/MyDrive/DeepWeeds/dataset/20161207-111440-0.jpg,0,DW_CHAP,0,DW_CHAP,True,0.8846991
/content/drive/MyDrive/DeepWeeds/dataset/20161207-111620-0.jpg,0,DW_CHAP,0,DW_CHAP,True,0.96533006
/content/drive/MyDrive/DeepWeeds/dataset/20161207-111903-0.jpg,0,DW_CHAP,0,DW_CHAP,True,0.86426777
/content/drive/MyDrive/DeepWeeds/dataset/20161207-112158-0.jpg,0,DW_CHAP,0,DW_CHAP,True,0.992388
/content/drive/MyDrive/DeepWeeds/dataset/20161207-112417-0.jpg,8,DW_NEG,8,DW_NEG,True,0.8718087
/content/drive/MyDrive/DeepWeeds/dataset/20161207-142354-0.jpg,1,DW_LANT,0,DW_CHAP,False,0.5960842
/content/drive/MyDrive/DeepWeeds/dataset/20161207-143344-0.jpg,7,DW_SNWE,6,DW_SIWE,False,0.27429226
/content/drive/MyDrive/DeepWeeds/dataset/20161207-144807-0.jpg,7,DW_SNWE,1,DW_LANT,False,0.51634216
/content/drive/MyDrive/DeepWeeds/dataset/20161207-145017-0.jpg,0,DW_CHAP,0,DW_CHAP,True,0.9520401
/content/drive/MyDrive/DeepWeeds/dataset/20170126-095203-0.jpg,1,DW_LANT,1,DW_LANT,True,0.97832644
/content/drive/MyDrive/DeepWeeds/dataset/20170126-095322-0.jpg,1,DW_LANT,1,DW_LANT,True,0.9975878
/content/drive/MyDrive/DeepWeeds/dataset/20170126-095456-0.jpg,1,DW_LANT,1,DW_LANT,True,0.98524994
/content/drive/MyDrive/DeepWeeds/dataset/20170126-095726-0.jpg,1,DW_LANT,1,DW_LANT,True,0.9999839
/content/drive/MyDrive/DeepWeeds/dataset/20170126-095745-0.jpg,1,DW_LANT,1,DW_LANT,True,0.9994753
/content/drive/MyDrive/DeepWeeds/dataset/20170126-095821-0.jpg,1,DW_LANT,6,DW_SIWE,False,0.5277945
/content/drive/MyDrive/DeepWeeds/dataset/20170126-095942-0.jpg,1,DW_LANT,1,DW_LANT,True,0.99993396
/content/drive/MyDrive/DeepWeeds/dataset/20170126-100045-0.jpg,1,DW_LANT,1,DW_LANT,True,0.999736
/content/drive/MyDrive/DeepWeeds/dataset/20170126-100150-0.jpg,1,DW_LANT,1,DW_LANT,True,0.98635453
/content/drive/MyDrive/DeepWeeds/dataset/20170126-100212-0.jpg,1,DW_LANT,1,DW_LANT,True,0.98939705
/content/drive/MyDrive/DeepWeeds/dataset/20170126-100257-0.jpg,1,DW_LANT,1,DW_LANT,True,0.89302826
/content/drive/MyDrive/DeepWeeds/dataset/20170126-100518-0.jpg,1,DW_LANT,1,DW_LANT,True,0.8396971
/content/drive/MyDrive/DeepWeeds/dataset/20170127-100724-0.jpg,1,DW_LANT,1,DW_LANT,True,0.85165125
/content/drive/MyDrive/DeepWeeds/dataset/20170127-101000-0.jpg,1,DW_LANT,1,DW_LANT,True,0.9944565
/content/drive/MyDrive/DeepWeeds/dataset/20170127-101008-0.jpg,1,DW_LANT,1,DW_LANT,True,0.99989605
/content/drive/MyDrive/DeepWeeds/dataset/20170127-101304-0.jpg,1,DW_LANT,1,DW_LANT,True,0.5640916
/content/drive/MyDrive/DeepWeeds/dataset/20170127-101438-0.jpg,1,DW_LANT,1,DW_LANT,True,0.99871206
/content/drive/MyDrive/DeepWeeds/dataset/20170127-101528-0.jpg,1,DW_LANT,1,DW_LANT,True,0.9990445
/content/drive/MyDrive/DeepWeeds/dataset/20170127-101628-0.jpg,1,DW_LANT,1,DW_LANT,True,0.6277105
/content/drive/MyDrive/DeepWeeds/dataset/20170127-101737-0.jpg,1,DW_LANT,1,DW_LANT,True,0.97124016
/content/drive/MyDrive/DeepWeeds/dataset/20170127-101830-0.jpg,1,DW_LANT,1,DW_LANT,True,0.9663704
/content/drive/MyDrive/DeepWeeds/dataset/20170127-101918-0.jpg,1,DW_LANT,1,DW_LANT,True,0.9990589
/content/drive/MyDrive/DeepWeeds/dataset/20170127-101959-0.jpg,1,DW_LANT,1,DW_LANT,True,0.9931995
/content/drive/MyDrive/DeepWeeds/dataset/20170127-102051-0.jpg,1,DW_LANT,1,DW_LANT,True,0.98341346
/content/drive/MyDrive/DeepWeeds/dataset/20170127-102132-0.jpg,1,DW_LANT,1,DW_LANT,True,0.9999417
/content/drive/MyDrive/DeepWeeds/dataset/20170127-102151-0.jpg,1,DW_LANT,1,DW_LANT,True,0.9584802
/content/drive/MyDrive/DeepWeeds/dataset/20170127-102251-0.jpg,1,DW_LANT,6,DW_SIWE,False,0.5494393
/content/drive/MyDrive/DeepWeeds/dataset/20170127-102426-0.jpg,1,DW_LANT,1,DW_LANT,True,0.5636086
/content/drive/MyDrive/DeepWeeds/dataset/20170127-102604-0.jpg,1,DW_LANT,1,DW_LANT,True,0.99938154
/content/drive/MyDrive/DeepWeeds/dataset/20170127-102812-0.jpg,1,DW_LANT,1,DW_LANT,True,0.9953799
/content/drive/MyDrive/DeepWeeds/dataset/20170127-102850-0.jpg,1,DW_LANT,6,DW_SIWE,False,0.4882067
/content/drive/MyDrive/DeepWeeds/dataset/20170127-102912-0.jpg,1,DW_LANT,1,DW_LANT,True,0.96220994
/content/drive/MyDrive/DeepWeeds/dataset/20170127-103025-0.jpg,1,DW_LANT,1,DW_LANT,True,0.57794946
/content/drive/MyDrive/DeepWeeds/dataset/20170127-103214-0.jpg,1,DW_LANT,1,DW_LANT,True,0.9917176
/content/drive/MyDrive/DeepWeeds/dataset/20170127-103337-0.jpg,1,DW_LANT,1,DW_LANT,True,0.9974154
/content/drive/MyDrive/DeepWeeds/dataset/20170128-102043-0.jpg,8,DW_NEG,3,DW_PART,False,0.9907363
/content/drive/MyDrive/DeepWeeds/dataset/20170128-102150-0.jpg,8,DW_NEG,3,DW_PART,False,0.6289785
/content/drive/MyDrive/DeepWeeds/dataset/20170128-102233-0.jpg,8,DW_NEG,8,DW_NEG,True,0.9700693
/content/drive/MyDrive/DeepWeeds/dataset/20170128-102415-0.jpg,8,DW_NEG,8,DW_NEG,True,0.7903377
/content/drive/MyDrive/DeepWeeds/dataset/20170128-102526-0.jpg,8,DW_NEG,8,DW_NEG,True,0.76012343
/content/drive/MyDrive/DeepWeeds/dataset/20170128-102622-0.jpg,8,DW_NEG,1,DW_LANT,False,0.6746365
/content/drive/MyDrive/DeepWeeds/dataset/20170128-102740-0.jpg,8,DW_NEG,8,DW_NEG,True,0.56226456
/content/drive/MyDrive/DeepWeeds/dataset/20170128-103034-0.jpg,8,DW_NEG,8,DW_NEG,True,0.7855195
/content/drive/MyDrive/DeepWeeds/dataset/20170128-103121-0.jpg,8,DW_NEG,1,DW_LANT,False,0.67270154
/content/drive/MyDrive/DeepWeeds/dataset/20170128-103131-0.jpg,8,DW_NEG,8,DW_NEG,True,0.4229554
/content/drive/MyDrive/DeepWeeds/dataset/20170128-103224-0.jpg,8,DW_NEG,8,DW_NEG,True,0.60372055
/content/drive/MyDrive/DeepWeeds/dataset/20170128-103255-0.jpg,8,DW_NEG,1,DW_LANT,False,0.79686105
/content/drive/MyDrive/DeepWeeds/dataset/20170128-103416-0.jpg,8,DW_NEG,8,DW_NEG,True,0.5751204
/content/drive/MyDrive/DeepWeeds/dataset/20170128-103458-0.jpg,8,DW_NEG,8,DW_NEG,True,0.792447
/content/drive/MyDrive/DeepWeeds/dataset/20170128-103649-0.jpg,8,DW_NEG,3,DW_PART,False,0.45604652
/content/drive/MyDrive/DeepWeeds/dataset/20170128-103723-0.jpg,8,DW_NEG,1,DW_LANT,False,0.64666396
/content/drive/MyDrive/DeepWeeds/dataset/20170128-103830-0.jpg,8,DW_NEG,8,DW_NEG,True,0.73981935
/content/drive/MyDrive/DeepWeeds/dataset/20170128-103904-0.jpg,8,DW_NEG,8,DW_NEG,True,0.80347174
/content/drive/MyDrive/DeepWeeds/dataset/20170128-104021-0.jpg,8,DW_NEG,8,DW_NEG,True,0.8879253
/content/drive/MyDrive/DeepWeeds/dataset/20170129-102050-0.jpg,8,DW_NEG,1,DW_LANT,False,0.54761684
/content/drive/MyDrive/DeepWeeds/dataset/20170129-102105-0.jpg,8,DW_NEG,8,DW_NEG,True,0.6096354
/content/drive/MyDrive/DeepWeeds/dataset/20170129-102230-0.jpg,8,DW_NEG,1,DW_LANT,False,0.8584683
/content/drive/MyDrive/DeepWeeds/dataset/20170129-102354-0.jpg,8,DW_NEG,1,DW_LANT,False,0.4430777
/content/drive/MyDrive/DeepWeeds/dataset/20170129-102505-0.jpg,8,DW_NEG,1,DW_LANT,False,0.40334767
/content/drive/MyDrive/DeepWeeds/dataset/20170129-102537-0.jpg,8,DW_NEG,1,DW_LANT,False,0.9034414
/content/drive/MyDrive/DeepWeeds/dataset/20170129-102736-0.jpg,8,DW_NEG,8,DW_NEG,True,0.7479704
/content/drive/MyDrive/DeepWeeds/dataset/20170129-102814-0.jpg,8,DW_NEG,1,DW_LANT,False,0.8684322
/content/drive/MyDrive/DeepWeeds/dataset/20170129-102930-0.jpg,8,DW_NEG,8,DW_NEG,True,0.9015588
/content/drive/MyDrive/DeepWeeds/dataset/20170129-103005-0.jpg,8,DW_NEG,8,DW_NEG,True,0.7837393
/content/drive/MyDrive/DeepWeeds/dataset/20170129-103106-0.jpg,8,DW_NEG,8,DW_NEG,True,0.7691145
/content/drive/MyDrive/DeepWeeds/dataset/20170129-103137-0.jpg,8,DW_NEG,1,DW_LANT,False,0.40815365
/content/drive/MyDrive/DeepWeeds/dataset/20170129-103249-0.jpg,8,DW_NEG,8,DW_NEG,True,0.406543
/content/drive/MyDrive/DeepWeeds/dataset/20170129-103330-0.jpg,8,DW_NEG,8,DW_NEG,True,0.7507818
/content/drive/MyDrive/DeepWeeds/dataset/20170129-103517-0.jpg,8,DW_NEG,1,DW_LANT,False,0.7509134
/content/drive/MyDrive/DeepWeeds/dataset/20170129-103735-0.jpg,8,DW_NEG,5,DW_RUBV,False,0.49971488
/content/drive/MyDrive/DeepWeeds/dataset/20170129-103903-0.jpg,8,DW_NEG,8,DW_NEG,True,0.8303901
/content/drive/MyDrive/DeepWeeds/dataset/20170129-103957-0.jpg,8,DW_NEG,0,DW_CHAP,False,0.38882887
/content/drive/MyDrive/DeepWeeds/dataset/20170129-104113-0.jpg,8,DW_NEG,8,DW_NEG,True,0.4698849
/content/drive/MyDrive/DeepWeeds/dataset/20170130-102032-0.jpg,1,DW_LANT,1,DW_LANT,True,0.9525311
/content/drive/MyDrive/DeepWeeds/dataset/20170130-102111-0.jpg,1,DW_LANT,1,DW_LANT,True,0.9996309
/content/drive/MyDrive/DeepWeeds/dataset/20170130-102215-0.jpg,1,DW_LANT,1,DW_LANT,True,0.958626
/content/drive/MyDrive/DeepWeeds/dataset/20170130-102305-0.jpg,1,DW_LANT,1,DW_LANT,True,0.9916539
/content/drive/MyDrive/DeepWeeds/dataset/20170130-102342-0.jpg,1,DW_LANT,1,DW_LANT,True,0.99263614
/content/drive/MyDrive/DeepWeeds/dataset/20170130-102438-0.jpg,1,DW_LANT,1,DW_LANT,True,0.9861748
/content/drive/MyDrive/DeepWeeds/dataset/20170130-102516-0.jpg,1,DW_LANT,1,DW_LANT,True,0.9962993
/content/drive/MyDrive/DeepWeeds/dataset/20170130-102546-0.jpg,1,DW_LANT,1,DW_LANT,True,0.8837459
/content/drive/MyDrive/DeepWeeds/dataset/20170130-102601-0.jpg,1,DW_LANT,1,DW_LANT,True,0.5385698
/content/drive/MyDrive/DeepWeeds/dataset/20170130-102858-0.jpg,1,DW_LANT,1,DW_LANT,True,0.7859841
/content/drive/MyDrive/DeepWeeds/dataset/20170207-141531-0.jpg,7,DW_SNWE,7,DW_SNWE,True,0.96365684
/content/drive/MyDrive/DeepWeeds/dataset/20170207-141634-0.jpg,7,DW_SNWE,7,DW_SNWE,True,0.9957937
/content/drive/MyDrive/DeepWeeds/dataset/20170207-141814-0.jpg,7,DW_SNWE,7,DW_SNWE,True,0.9998324
/content/drive/MyDrive/DeepWeeds/dataset/20170207-141852-0.jpg,7,DW_SNWE,7,DW_SNWE,True,0.9993073
/content/drive/MyDrive/DeepWeeds/dataset/20170207-142157-0.jpg,7,DW_SNWE,7,DW_SNWE,True,0.88879764
/content/drive/MyDrive/DeepWeeds/dataset/20170207-142255-0.jpg,7,DW_SNWE,7,DW_SNWE,True,0.9187819
/content/drive/MyDrive/DeepWeeds/dataset/20170207-142420-0.jpg,7,DW_SNWE,7,DW_SNWE,True,0.99940825
/content/drive/MyDrive/DeepWeeds/dataset/20170207-142601-0.jpg,7,DW_SNWE,7,DW_SNWE,True,0.98776907
/content/drive/MyDrive/DeepWeeds/dataset/20170207-142713-0.jpg,7,DW_SNWE,7,DW_SNWE,True,0.8260872
/content/drive/MyDrive/DeepWeeds/dataset/20170207-142840-0.jpg,7,DW_SNWE,7,DW_SNWE,True,0.9993787
/content/drive/MyDrive/DeepWeeds/dataset/20170207-153656-0.jpg,0,DW_CHAP,7,DW_SNWE,False,0.4850987
/content/drive/MyDrive/DeepWeeds/dataset/20170207-153815-0.jpg,0,DW_CHAP,0,DW_CHAP,True,0.7423214
/content/drive/MyDrive/DeepWeeds/dataset/20170207-153903-0.jpg,0,DW_CHAP,0,DW_CHAP,True,0.94076693
/content/drive/MyDrive/DeepWeeds/dataset/20170207-154845-0.jpg,0,DW_CHAP,0,DW_CHAP,True,0.95151246
/content/drive/MyDrive/DeepWeeds/dataset/20170210-130133-0.jpg,7,DW_SNWE,7,DW_SNWE,True,0.8639717
/content/drive/MyDrive/DeepWeeds/dataset/20170210-130229-0.jpg,7,DW_SNWE,7,DW_SNWE,True,0.98693347
/content/drive/MyDrive/DeepWeeds/dataset/20170210-130441-0.jpg,7,DW_SNWE,7,DW_SNWE,True,0.9999764
/content/drive/MyDrive/DeepWeeds/dataset/20170210-130638-0.jpg,7,DW_SNWE,7,DW_SNWE,True,0.9891683
/content/drive/MyDrive/DeepWeeds/dataset/20170210-130746-0.jpg,7,DW_SNWE,7,DW_SNWE,True,0.998988
/content/drive/MyDrive/DeepWeeds/dataset/20170210-130852-0.jpg,7,DW_SNWE,7,DW_SNWE,True,0.9945147
/content/drive/MyDrive/DeepWeeds/dataset/20170210-130921-0.jpg,7,DW_SNWE,7,DW_SNWE,True,0.9996991
/content/drive/MyDrive/DeepWeeds/dataset/20170210-130944-0.jpg,7,DW_SNWE,7,DW_SNWE,True,0.99994206
/content/drive/MyDrive/DeepWeeds/dataset/20170210-131031-0.jpg,7,DW_SNWE,7,DW_SNWE,True,0.88105303
/content/drive/MyDrive/DeepWeeds/dataset/20170210-131107-0.jpg,7,DW_SNWE,7,DW_SNWE,True,0.50930244
/content/drive/MyDrive/DeepWeeds/dataset/20170210-131145-0.jpg,7,DW_SNWE,7,DW_SNWE,True,0.9999064
/content/drive/MyDrive/DeepWeeds/dataset/20170210-131209-0.jpg,7,DW_SNWE,7,DW_SNWE,True,0.9982973
/content/drive/MyDrive/DeepWeeds/dataset/20170210-131325-0.jpg,7,DW_SNWE,7,DW_SNWE,True,0.9893791
/content/drive/MyDrive/DeepWeeds/dataset/20170210-131413-0.jpg,7,DW_SNWE,0,DW_CHAP,False,0.890186
/content/drive/MyDrive/DeepWeeds/dataset/20170210-131505-0.jpg,7,DW_SNWE,7,DW_SNWE,True,0.9995528
/content/drive/MyDrive/DeepWeeds/dataset/20170210-131513-0.jpg,7,DW_SNWE,7,DW_SNWE,True,0.99424523
/content/drive/MyDrive/DeepWeeds/dataset/20170210-131628-0.jpg,7,DW_SNWE,7,DW_SNWE,True,0.66470945
/content/drive/MyDrive/DeepWeeds/dataset/20170210-131730-0.jpg,7,DW_SNWE,7,DW_SNWE,True,0.99940133
/content/drive/MyDrive/DeepWeeds/dataset/20170210-131822-0.jpg,0,DW_CHAP,7,DW_SNWE,False,0.6917793
/content/drive/MyDrive/DeepWeeds/dataset/20170210-131852-0.jpg,7,DW_SNWE,7,DW_SNWE,True,0.9995223
/content/drive/MyDrive/DeepWeeds/dataset/20170210-131954-0.jpg,7,DW_SNWE,7,DW_SNWE,True,0.998628
/content/drive/MyDrive/DeepWeeds/dataset/20170210-132021-0.jpg,7,DW_SNWE,7,DW_SNWE,True,0.9746234
/content/drive/MyDrive/DeepWeeds/dataset/20170210-132204-0.jpg,0,DW_CHAP,0,DW_CHAP,True,0.95170426
/content/drive/MyDrive/DeepWeeds/dataset/20170210-132217-0.jpg,7,DW_SNWE,6,DW_SIWE,False,0.92891246
/content/drive/MyDrive/DeepWeeds/dataset/20170210-132249-0.jpg,0,DW_CHAP,0,DW_CHAP,True,0.62820375
/content/drive/MyDrive/DeepWeeds/dataset/20170210-132327-0.jpg,0,DW_CHAP,0,DW_CHAP,True,0.95104545
/content/drive/MyDrive/DeepWeeds/dataset/20170210-132421-0.jpg,0,DW_CHAP,0,DW_CHAP,True,0.7715498
/content/drive/MyDrive/DeepWeeds/dataset/20170210-132528-0.jpg,0,DW_CHAP,0,DW_CHAP,True,0.8727124
/content/drive/MyDrive/DeepWeeds/dataset/20170210-132651-0.jpg,0,DW_CHAP,8,DW_NEG,False,0.46115807
/content/drive/MyDrive/DeepWeeds/dataset/20170210-132741-0.jpg,0,DW_CHAP,3,DW_PART,False,0.36687323
/content/drive/MyDrive/DeepWeeds/dataset/20170210-132755-0.jpg,0,DW_CHAP,7,DW_SNWE,False,0.73199594
/content/drive/MyDrive/DeepWeeds/dataset/20170210-133043-0.jpg,0,DW_CHAP,0,DW_CHAP,True,0.99803096
/content/drive/MyDrive/DeepWeeds/dataset/20170210-133140-0.jpg,0,DW_CHAP,7,DW_SNWE,False,0.9403343
/content/drive/MyDrive/DeepWeeds/dataset/20170210-133205-0.jpg,0,DW_CHAP,7,DW_SNWE,False,0.48963705
/content/drive/MyDrive/DeepWeeds/dataset/20170210-133424-0.jpg,0,DW_CHAP,0,DW_CHAP,True,0.5353822
/content/drive/MyDrive/DeepWeeds/dataset/20170210-133632-0.jpg,0,DW_CHAP,0,DW_CHAP,True,0.4633127
/content/drive/MyDrive/DeepWeeds/dataset/20170210-133726-0.jpg,0,DW_CHAP,1,DW_LANT,False,0.66924006
/content/drive/MyDrive/DeepWeeds/dataset/20170210-133806-0.jpg,0,DW_CHAP,0,DW_CHAP,True,0.9911885
/content/drive/MyDrive/DeepWeeds/dataset/20170210-133852-0.jpg,0,DW_CHAP,0,DW_CHAP,True,0.6075407
/content/drive/MyDrive/DeepWeeds/dataset/20170210-134029-0.jpg,0,DW_CHAP,0,DW_CHAP,True,0.948167
/content/drive/MyDrive/DeepWeeds/dataset/20170210-134133-0.jpg,0,DW_CHAP,0,DW_CHAP,True,0.55920047
/content/drive/MyDrive/DeepWeeds/dataset/20170210-134316-0.jpg,0,DW_CHAP,7,DW_SNWE,False,0.99387425
/content/drive/MyDrive/DeepWeeds/dataset/20170210-141439-0.jpg,7,DW_SNWE,7,DW_SNWE,True,0.98380566
/content/drive/MyDrive/DeepWeeds/dataset/20170210-141621-0.jpg,7,DW_SNWE,7,DW_SNWE,True,0.9986386
/content/drive/MyDrive/DeepWeeds/dataset/20170210-141645-0.jpg,7,DW_SNWE,7,DW_SNWE,True,0.995643
/content/drive/MyDrive/DeepWeeds/dataset/20170210-141917-0.jpg,7,DW_SNWE,7,DW_SNWE,True,0.9986601
/content/drive/MyDrive/DeepWeeds/dataset/20170210-142001-0.jpg,7,DW_SNWE,7,DW_SNWE,True,0.97652656
/content/drive/MyDrive/DeepWeeds/dataset/20170210-142158-0.jpg,7,DW_SNWE,7,DW_SNWE,True,0.99651504
/content/drive/MyDrive/DeepWeeds/dataset/20170210-142309-0.jpg,7,DW_SNWE,7,DW_SNWE,True,0.9985505
/content/drive/MyDrive/DeepWeeds/dataset/20170210-142409-0.jpg,7,DW_SNWE,7,DW_SNWE,True,0.9987816
/content/drive/MyDrive/DeepWeeds/dataset/20170210-142523-0.jpg,7,DW_SNWE,7,DW_SNWE,True,0.99615127
/content/drive/MyDrive/DeepWeeds/dataset/20170210-142607-0.jpg,7,DW_SNWE,7,DW_SNWE,True,0.99918765
/content/drive/MyDrive/DeepWeeds/dataset/20170210-142658-0.jpg,7,DW_SNWE,7,DW_SNWE,True,0.9928848
/content/drive/MyDrive/DeepWeeds/dataset/20170210-144917-0.jpg,7,DW_SNWE,0,DW_CHAP,False,0.6498574
/content/drive/MyDrive/DeepWeeds/dataset/20170210-145503-0.jpg,0,DW_CHAP,0,DW_CHAP,True,0.952716
/content/drive/MyDrive/DeepWeeds/dataset/20170210-145509-0.jpg,0,DW_CHAP,0,DW_CHAP,True,0.99987876
/content/drive/MyDrive/DeepWeeds/dataset/20170210-145719-0.jpg,0,DW_CHAP,0,DW_CHAP,True,0.9997553
/content/drive/MyDrive/DeepWeeds/dataset/20170210-150136-0.jpg,0,DW_CHAP,0,DW_CHAP,True,0.99996436
/content/drive/MyDrive/DeepWeeds/dataset/20170210-150542-0.jpg,7,DW_SNWE,0,DW_CHAP,False,0.9999331
/content/drive/MyDrive/DeepWeeds/dataset/20170210-150642-0.jpg,0,DW_CHAP,0,DW_CHAP,True,0.99482006
/content/drive/MyDrive/DeepWeeds/dataset/20170217-095245-0.jpg,7,DW_SNWE,7,DW_SNWE,True,0.97993475
/content/drive/MyDrive/DeepWeeds/dataset/20170217-095357-0.jpg,7,DW_SNWE,7,DW_SNWE,True,0.9838755
/content/drive/MyDrive/DeepWeeds/dataset/20170217-095604-0.jpg,7,DW_SNWE,7,DW_SNWE,True,0.99991095
/content/drive/MyDrive/DeepWeeds/dataset/20170217-095642-0.jpg,7,DW_SNWE,7,DW_SNWE,True,0.99991834
/content/drive/MyDrive/DeepWeeds/dataset/20170217-095926-0.jpg,7,DW_SNWE,7,DW_SNWE,True,0.99997246
/content/drive/MyDrive/DeepWeeds/dataset/20170217-100111-0.jpg,7,DW_SNWE,7,DW_SNWE,True,0.98137534
/content/drive/MyDrive/DeepWeeds/dataset/20170217-100235-0.jpg,7,DW_SNWE,7,DW_SNWE,True,0.9881705
/content/drive/MyDrive/DeepWeeds/dataset/20170217-100450-0.jpg,7,DW_SNWE,7,DW_SNWE,True,0.99999154
/content/drive/MyDrive/DeepWeeds/dataset/20170217-100740-0.jpg,7,DW_SNWE,7,DW_SNWE,True,0.9966529
/content/drive/MyDrive/DeepWeeds/dataset/20170217-100851-0.jpg,7,DW_SNWE,7,DW_SNWE,True,0.9981509
/content/drive/MyDrive/DeepWeeds/dataset/20170217-101133-0.jpg,0,DW_CHAP,0,DW_CHAP,True,0.98087686
/content/drive/MyDrive/DeepWeeds/dataset/20170217-101348-0.jpg,0,DW_CHAP,0,DW_CHAP,True,0.9157431
/content/drive/MyDrive/DeepWeeds/dataset/20170217-102019-0.jpg,0,DW_CHAP,0,DW_CHAP,True,0.9999459
/content/drive/MyDrive/DeepWeeds/dataset/20170217-102232-0.jpg,0,DW_CHAP,0,DW_CHAP,True,0.9645636
/content/drive/MyDrive/DeepWeeds/dataset/20170217-102546-0.jpg,0,DW_CHAP,0,DW_CHAP,True,0.9997645
/content/drive/MyDrive/DeepWeeds/dataset/20170217-103018-0.jpg,0,DW_CHAP,0,DW_CHAP,True,0.99967885
/content/drive/MyDrive/DeepWeeds/dataset/20170217-103444-0.jpg,0,DW_CHAP,0,DW_CHAP,True,0.99179137
/content/drive/MyDrive/DeepWeeds/dataset/20170217-103810-0.jpg,0,DW_CHAP,0,DW_CHAP,True,0.9930056
/content/drive/MyDrive/DeepWeeds/dataset/20170217-103906-0.jpg,0,DW_CHAP,0,DW_CHAP,True,0.9999893
/content/drive/MyDrive/DeepWeeds/dataset/20170217-103940-0.jpg,0,DW_CHAP,0,DW_CHAP,True,0.9947404
/content/drive/MyDrive/DeepWeeds/dataset/20170217-110631-0.jpg,0,DW_CHAP,0,DW_CHAP,True,0.9675799
/content/drive/MyDrive/DeepWeeds/dataset/20170217-111104-0.jpg,0,DW_CHAP,0,DW_CHAP,True,0.9999932
/content/drive/MyDrive/DeepWeeds/dataset/20170217-111130-0.jpg,0,DW_CHAP,0,DW_CHAP,True,0.9980344
/content/drive/MyDrive/DeepWeeds/dataset/20170217-111616-0.jpg,0,DW_CHAP,0,DW_CHAP,True,0.9998342
/content/drive/MyDrive/DeepWeeds/dataset/20170217-111841-0.jpg,0,DW_CHAP,0,DW_CHAP,True,0.9914636
/content/drive/MyDrive/DeepWeeds/dataset/20170217-112348-0.jpg,0,DW_CHAP,0,DW_CHAP,True,0.99922633
/content/drive/MyDrive/DeepWeeds/dataset/20170217-112531-0.jpg,0,DW_CHAP,0,DW_CHAP,True,0.99993086
/content/drive/MyDrive/DeepWeeds/dataset/20170217-112936-0.jpg,7,DW_SNWE,7,DW_SNWE,True,0.8234219
/content/drive/MyDrive/DeepWeeds/dataset/20170217-113132-0.jpg,7,DW_SNWE,7,DW_SNWE,True,0.9999881
/content/drive/MyDrive/DeepWeeds/dataset/20170217-113424-0.jpg,7,DW_SNWE,7,DW_SNWE,True,0.99671066
/content/drive/MyDrive/DeepWeeds/dataset/20170217-113546-0.jpg,0,DW_CHAP,0,DW_CHAP,True,0.9854935
/content/drive/MyDrive/DeepWeeds/dataset/20170217-113831-0.jpg,0,DW_CHAP,0,DW_CHAP,True,0.99999917
/content/drive/MyDrive/DeepWeeds/dataset/20170217-114051-0.jpg,0,DW_CHAP,0,DW_CHAP,True,0.5103213
/content/drive/MyDrive/DeepWeeds/dataset/20170217-114455-0.jpg,0,DW_CHAP,7,DW_SNWE,False,0.7995476
/content/drive/MyDrive/DeepWeeds/dataset/20170217-114604-0.jpg,7,DW_SNWE,7,DW_SNWE,True,0.993912
/content/drive/MyDrive/DeepWeeds/dataset/20170217-114614-0.jpg,7,DW_SNWE,7,DW_SNWE,True,0.9998596
/content/drive/MyDrive/DeepWeeds/dataset/20170217-114728-0.jpg,0,DW_CHAP,0,DW_CHAP,True,0.99927086
/content/drive/MyDrive/DeepWeeds/dataset/20170217-114849-0.jpg,7,DW_SNWE,7,DW_SNWE,True,0.9952603
/content/drive/MyDrive/DeepWeeds/dataset/20170217-115125-0.jpg,7,DW_SNWE,7,DW_SNWE,True,0.9981013
/content/drive/MyDrive/DeepWeeds/dataset/20170217-115351-0.jpg,7,DW_SNWE,1,DW_LANT,False,0.5152008
/content/drive/MyDrive/DeepWeeds/dataset/20170217-115427-0.jpg,7,DW_SNWE,7,DW_SNWE,True,0.96858025
/content/drive/MyDrive/DeepWeeds/dataset/20170217-115708-0.jpg,0,DW_CHAP,7,DW_SNWE,False,0.5597842
/content/drive/MyDrive/DeepWeeds/dataset/20170217-115828-0.jpg,0,DW_CHAP,7,DW_SNWE,False,0.96191925
/content/drive/MyDrive/DeepWeeds/dataset/20170217-120132-0.jpg,0,DW_CHAP,0,DW_CHAP,True,0.9979966
/content/drive/MyDrive/DeepWeeds/dataset/20170217-120325-0.jpg,7,DW_SNWE,7,DW_SNWE,True,0.9979488
/content/drive/MyDrive/DeepWeeds/dataset/20170217-120401-0.jpg,7,DW_SNWE,7,DW_SNWE,True,0.645075
/content/drive/MyDrive/DeepWeeds/dataset/20170217-120512-0.jpg,7,DW_SNWE,7,DW_SNWE,True,0.86567366
/content/drive/MyDrive/DeepWeeds/dataset/20170217-121139-0.jpg,0,DW_CHAP,0,DW_CHAP,True,0.99991786
/content/drive/MyDrive/DeepWeeds/dataset/20170217-121703-0.jpg,0,DW_CHAP,0,DW_CHAP,True,0.9980363
/content/drive/MyDrive/DeepWeeds/dataset/20170217-121730-0.jpg,0,DW_CHAP,0,DW_CHAP,True,0.99996865
/content/drive/MyDrive/DeepWeeds/dataset/20170217-122057-0.jpg,0,DW_CHAP,0,DW_CHAP,True,0.9974935
/content/drive/MyDrive/DeepWeeds/dataset/20170217-122330-0.jpg,0,DW_CHAP,0,DW_CHAP,True,0.9359089
/content/drive/MyDrive/DeepWeeds/dataset/20170217-143640-0.jpg,7,DW_SNWE,7,DW_SNWE,True,0.9743026
/content/drive/MyDrive/DeepWeeds/dataset/20170217-143741-0.jpg,7,DW_SNWE,7,DW_SNWE,True,0.99928683
/content/drive/MyDrive/DeepWeeds/dataset/20170217-143939-0.jpg,7,DW_SNWE,7,DW_SNWE,True,0.9949563
/content/drive/MyDrive/DeepWeeds/dataset/20170217-144419-0.jpg,7,DW_SNWE,7,DW_SNWE,True,0.999238
/content/drive/MyDrive/DeepWeeds/dataset/20170217-144601-0.jpg,7,DW_SNWE,7,DW_SNWE,True,0.99997425
/content/drive/MyDrive/DeepWeeds/dataset/20170217-144905-0.jpg,7,DW_SNWE,0,DW_CHAP,False,0.33018753
/content/drive/MyDrive/DeepWeeds/dataset/20170217-145102-0.jpg,7,DW_SNWE,7,DW_SNWE,True,0.999933
/content/drive/MyDrive/DeepWeeds/dataset/20170217-145358-0.jpg,7,DW_SNWE,7,DW_SNWE,True,0.9979747
/content/drive/MyDrive/DeepWeeds/dataset/20170217-150253-0.jpg,0,DW_CHAP,0,DW_CHAP,True,0.9999857
/content/drive/MyDrive/DeepWeeds/dataset/20170217-150733-0.jpg,0,DW_CHAP,0,DW_CHAP,True,0.9987979
/content/drive/MyDrive/DeepWeeds/dataset/20170217-151206-0.jpg,0,DW_CHAP,7,DW_SNWE,False,0.4263616
/content/drive/MyDrive/DeepWeeds/dataset/20170217-151542-0.jpg,0,DW_CHAP,0,DW_CHAP,True,0.9470392
/content/drive/MyDrive/DeepWeeds/dataset/20170217-151857-0.jpg,0,DW_CHAP,0,DW_CHAP,True,0.98706704
/content/drive/MyDrive/DeepWeeds/dataset/20170217-152211-0.jpg,0,DW_CHAP,0,DW_CHAP,True,0.9998
/content/drive/MyDrive/DeepWeeds/dataset/20170304-123600-0.jpg,7,DW_SNWE,7,DW_SNWE,True,0.47480893
/content/drive/MyDrive/DeepWeeds/dataset/20170304-123711-0.jpg,0,DW_CHAP,7,DW_SNWE,False,0.90722454
/content/drive/MyDrive/DeepWeeds/dataset/20170304-124121-0.jpg,0,DW_CHAP,0,DW_CHAP,True,0.61225283
/content/drive/MyDrive/DeepWeeds/dataset/20170304-124441-0.jpg,0,DW_CHAP,0,DW_CHAP,True,0.90706915
/content/drive/MyDrive/DeepWeeds/dataset/20170304-124521-0.jpg,0,DW_CHAP,0,DW_CHAP,True,0.77513134
/content/drive/MyDrive/DeepWeeds/dataset/20170304-124535-0.jpg,0,DW_CHAP,0,DW_CHAP,True,0.8778767
/content/drive/MyDrive/DeepWeeds/dataset/20170304-124656-0.jpg,0,DW_CHAP,7,DW_SNWE,False,0.5735388
/content/drive/MyDrive/DeepWeeds/dataset/20170304-124907-0.jpg,0,DW_CHAP,7,DW_SNWE,False,0.43429992
/content/drive/MyDrive/DeepWeeds/dataset/20170304-125101-0.jpg,0,DW_CHAP,7,DW_SNWE,False,0.5163682
/content/drive/MyDrive/DeepWeeds/dataset/20170304-125226-0.jpg,0,DW_CHAP,0,DW_CHAP,True,0.9864179
/content/drive/MyDrive/DeepWeeds/dataset/20170304-125427-0.jpg,0,DW_CHAP,0,DW_CHAP,True,0.9910796
/content/drive/MyDrive/DeepWeeds/dataset/20170304-130115-0.jpg,7,DW_SNWE,7,DW_SNWE,True,0.9241421
/content/drive/MyDrive/DeepWeeds/dataset/20170304-130551-0.jpg,7,DW_SNWE,7,DW_SNWE,True,0.96939296
/content/drive/MyDrive/DeepWeeds/dataset/20170304-130721-0.jpg,7,DW_SNWE,7,DW_SNWE,True,0.73612714
/content/drive/MyDrive/DeepWeeds/dataset/20170304-130929-0.jpg,7,DW_SNWE,7,DW_SNWE,True,0.99698216
/content/drive/MyDrive/DeepWeeds/dataset/20170304-131410-0.jpg,7,DW_SNWE,7,DW_SNWE,True,0.99214315
/content/drive/MyDrive/DeepWeeds/dataset/20170304-131504-0.jpg,7,DW_SNWE,7,DW_SNWE,True,0.9447529
/content/drive/MyDrive/DeepWeeds/dataset/20170304-131624-0.jpg,7,DW_SNWE,7,DW_SNWE,True,0.99997294
/content/drive/MyDrive/DeepWeeds/dataset/20170304-131712-0.jpg,7,DW_SNWE,7,DW_SNWE,True,0.9089303
/content/drive/MyDrive/DeepWeeds/dataset/20170304-131822-0.jpg,7,DW_SNWE,7,DW_SNWE,True,0.985911
/content/drive/MyDrive/DeepWeeds/dataset/20170304-131932-0.jpg,7,DW_SNWE,7,DW_SNWE,True,0.9998287
/content/drive/MyDrive/DeepWeeds/dataset/20170304-132134-0.jpg,7,DW_SNWE,7,DW_SNWE,True,0.9829791
/content/drive/MyDrive/DeepWeeds/dataset/20170304-132246-0.jpg,7,DW_SNWE,7,DW_SNWE,True,0.9991061
/content/drive/MyDrive/DeepWeeds/dataset/20170304-132429-0.jpg,7,DW_SNWE,7,DW_SNWE,True,0.99915934
/content/drive/MyDrive/DeepWeeds/dataset/20170304-132450-0.jpg,7,DW_SNWE,7,DW_SNWE,True,0.9887483
/content/drive/MyDrive/DeepWeeds/dataset/20170304-132701-0.jpg,7,DW_SNWE,7,DW_SNWE,True,0.9940806
/content/drive/MyDrive/DeepWeeds/dataset/20170315-084914-0.jpg,8,DW_NEG,8,DW_NEG,True,0.79554486
/content/drive/MyDrive/DeepWeeds/dataset/20170315-085103-0.jpg,8,DW_NEG,8,DW_NEG,True,0.80409
/content/drive/MyDrive/DeepWeeds/dataset/20170315-085159-0.jpg,8,DW_NEG,1,DW_LANT,False,0.9072587
/content/drive/MyDrive/DeepWeeds/dataset/20170315-085441-0.jpg,8,DW_NEG,0,DW_CHAP,False,0.5033238
/content/drive/MyDrive/DeepWeeds/dataset/20170315-085531-0.jpg,8,DW_NEG,8,DW_NEG,True,0.9977629
/content/drive/MyDrive/DeepWeeds/dataset/20170315-085616-0.jpg,8,DW_NEG,1,DW_LANT,False,0.4550448
/content/drive/MyDrive/DeepWeeds/dataset/20170315-085825-0.jpg,8,DW_NEG,8,DW_NEG,True,0.35303938
/content/drive/MyDrive/DeepWeeds/dataset/20170315-085923-0.jpg,8,DW_NEG,0,DW_CHAP,False,0.3858724
/content/drive/MyDrive/DeepWeeds/dataset/20170315-090024-0.jpg,8,DW_NEG,8,DW_NEG,True,0.40945312
/content/drive/MyDrive/DeepWeeds/dataset/20170315-090124-0.jpg,8,DW_NEG,8,DW_NEG,True,0.7163734
/content/drive/MyDrive/DeepWeeds/dataset/20170315-090434-0.jpg,8,DW_NEG,7,DW_SNWE,False,0.8965058
/content/drive/MyDrive/DeepWeeds/dataset/20170315-090514-0.jpg,8,DW_NEG,8,DW_NEG,True,0.87360597
/content/drive/MyDrive/DeepWeeds/dataset/20170315-090650-0.jpg,8,DW_NEG,0,DW_CHAP,False,0.5007363
/content/drive/MyDrive/DeepWeeds/dataset/20170315-090831-0.jpg,8,DW_NEG,8,DW_NEG,True,0.91828
/content/drive/MyDrive/DeepWeeds/dataset/20170404-153544-0.jpg,7,DW_SNWE,7,DW_SNWE,True,0.9942585
/content/drive/MyDrive/DeepWeeds/dataset/20170404-153628-0.jpg,7,DW_SNWE,7,DW_SNWE,True,0.9981451
/content/drive/MyDrive/DeepWeeds/dataset/20170404-153744-0.jpg,7,DW_SNWE,7,DW_SNWE,True,0.9930466
/content/drive/MyDrive/DeepWeeds/dataset/20170404-153837-0.jpg,7,DW_SNWE,7,DW_SNWE,True,0.9994469
/content/drive/MyDrive/DeepWeeds/dataset/20170404-153902-0.jpg,7,DW_SNWE,7,DW_SNWE,True,0.9948803
/content/drive/MyDrive/DeepWeeds/dataset/20170404-154025-0.jpg,7,DW_SNWE,7,DW_SNWE,True,0.9918609
/content/drive/MyDrive/DeepWeeds/dataset/20170404-154130-0.jpg,7,DW_SNWE,7,DW_SNWE,True,0.99805367
/content/drive/MyDrive/DeepWeeds/dataset/20170404-154230-0.jpg,7,DW_SNWE,7,DW_SNWE,True,0.9987301
/content/drive/MyDrive/DeepWeeds/dataset/20170404-154333-0.jpg,7,DW_SNWE,7,DW_SNWE,True,0.99999166
/content/drive/MyDrive/DeepWeeds/dataset/20170405-154901-0.jpg,0,DW_CHAP,0,DW_CHAP,True,0.85192484
/content/drive/MyDrive/DeepWeeds/dataset/20170405-155046-0.jpg,0,DW_CHAP,0,DW_CHAP,True,0.48171246
/content/drive/MyDrive/DeepWeeds/dataset/20170405-155215-0.jpg,0,DW_CHAP,0,DW_CHAP,True,0.9585452
/content/drive/MyDrive/DeepWeeds/dataset/20170405-155232-0.jpg,0,DW_CHAP,0,DW_CHAP,True,0.87035143
/content/drive/MyDrive/DeepWeeds/dataset/20170405-155438-0.jpg,0,DW_CHAP,0,DW_CHAP,True,0.7264688
/content/drive/MyDrive/DeepWeeds/dataset/20170405-155554-0.jpg,0,DW_CHAP,0,DW_CHAP,True,0.52900296
/content/drive/MyDrive/DeepWeeds/dataset/20170405-155732-0.jpg,0,DW_CHAP,0,DW_CHAP,True,0.60622215
/content/drive/MyDrive/DeepWeeds/dataset/20170405-160024-0.jpg,0,DW_CHAP,0,DW_CHAP,True,0.5983485
/content/drive/MyDrive/DeepWeeds/dataset/20170405-160226-0.jpg,0,DW_CHAP,7,DW_SNWE,False,0.963558
/content/drive/MyDrive/DeepWeeds/dataset/20170405-160251-0.jpg,0,DW_CHAP,7,DW_SNWE,False,0.69414777
/content/drive/MyDrive/DeepWeeds/dataset/20170410-124109-0.jpg,8,DW_NEG,0,DW_CHAP,False,0.497683
/content/drive/MyDrive/DeepWeeds/dataset/20170410-124218-0.jpg,0,DW_CHAP,7,DW_SNWE,False,0.5868464
/content/drive/MyDrive/DeepWeeds/dataset/20170410-124328-0.jpg,0,DW_CHAP,7,DW_SNWE,False,0.5202328
/content/drive/MyDrive/DeepWeeds/dataset/20170410-124438-0.jpg,0,DW_CHAP,0,DW_CHAP,True,0.8518245
/content/drive/MyDrive/DeepWeeds/dataset/20170410-124625-0.jpg,0,DW_CHAP,0,DW_CHAP,True,0.5773945
/content/drive/MyDrive/DeepWeeds/dataset/20170410-124729-0.jpg,0,DW_CHAP,7,DW_SNWE,False,0.35436022
/content/drive/MyDrive/DeepWeeds/dataset/20170410-153429-0.jpg,7,DW_SNWE,7,DW_SNWE,True,0.992695
/content/drive/MyDrive/DeepWeeds/dataset/20170410-153511-0.jpg,0,DW_CHAP,3,DW_PART,False,0.50701183
/content/drive/MyDrive/DeepWeeds/dataset/20170410-153913-0.jpg,0,DW_CHAP,0,DW_CHAP,True,0.98417616
/content/drive/MyDrive/DeepWeeds/dataset/20170410-154101-0.jpg,0,DW_CHAP,0,DW_CHAP,True,0.85132384
/content/drive/MyDrive/DeepWeeds/dataset/20170410-154132-0.jpg,0,DW_CHAP,7,DW_SNWE,False,0.62422746
/content/drive/MyDrive/DeepWeeds/dataset/20170410-154255-0.jpg,0,DW_CHAP,7,DW_SNWE,False,0.92014754
/content/drive/MyDrive/DeepWeeds/dataset/20170410-154734-0.jpg,0,DW_CHAP,7,DW_SNWE,False,0.74311024
/content/drive/MyDrive/DeepWeeds/dataset/20170410-155936-0.jpg,7,DW_SNWE,7,DW_SNWE,True,0.93861187
/content/drive/MyDrive/DeepWeeds/dataset/20170410-160223-0.jpg,7,DW_SNWE,7,DW_SNWE,True,0.8706365
/content/drive/MyDrive/DeepWeeds/dataset/20170501-142305-0.jpg,1,DW_LANT,1,DW_LANT,True,0.8135761
/content/drive/MyDrive/DeepWeeds/dataset/20170501-142418-0.jpg,1,DW_LANT,1,DW_LANT,True,0.9973199
/content/drive/MyDrive/DeepWeeds/dataset/20170501-142646-0.jpg,1,DW_LANT,1,DW_LANT,True,0.9994816
/content/drive/MyDrive/DeepWeeds/dataset/20170501-142713-0.jpg,1,DW_LANT,1,DW_LANT,True,0.31767985
/content/drive/MyDrive/DeepWeeds/dataset/20170501-142900-0.jpg,1,DW_LANT,6,DW_SIWE,False,0.49821597
/content/drive/MyDrive/DeepWeeds/dataset/20170501-143127-0.jpg,1,DW_LANT,1,DW_LANT,True,0.614455
/content/drive/MyDrive/DeepWeeds/dataset/20170501-143226-0.jpg,1,DW_LANT,1,DW_LANT,True,0.67828
/content/drive/MyDrive/DeepWeeds/dataset/20170501-143248-0.jpg,1,DW_LANT,1,DW_LANT,True,0.5638794
/content/drive/MyDrive/DeepWeeds/dataset/20170501-143529-0.jpg,1,DW_LANT,1,DW_LANT,True,0.9952428
/content/drive/MyDrive/DeepWeeds/dataset/20170501-143630-0.jpg,1,DW_LANT,1,DW_LANT,True,0.98111224
/content/drive/MyDrive/DeepWeeds/dataset/20170501-143714-0.jpg,1,DW_LANT,1,DW_LANT,True,0.99888176
/content/drive/MyDrive/DeepWeeds/dataset/20170501-143847-0.jpg,1,DW_LANT,1,DW_LANT,True,0.81797194
/content/drive/MyDrive/DeepWeeds/dataset/20170501-144221-0.jpg,1,DW_LANT,1,DW_LANT,True,0.9508413
/content/drive/MyDrive/DeepWeeds/dataset/20170501-144305-0.jpg,1,DW_LANT,1,DW_LANT,True,0.99834406
/content/drive/MyDrive/DeepWeeds/dataset/20170501-144408-0.jpg,1,DW_LANT,1,DW_LANT,True,0.44396544
/content/drive/MyDrive/DeepWeeds/dataset/20170501-144448-0.jpg,1,DW_LANT,1,DW_LANT,True,0.997558
/content/drive/MyDrive/DeepWeeds/dataset/20170501-144633-0.jpg,8,DW_NEG,6,DW_SIWE,False,0.388609
/content/drive/MyDrive/DeepWeeds/dataset/20170501-144820-0.jpg,8,DW_NEG,8,DW_NEG,True,0.62383825
/content/drive/MyDrive/DeepWeeds/dataset/20170501-144912-0.jpg,8,DW_NEG,8,DW_NEG,True,0.55686945
/content/drive/MyDrive/DeepWeeds/dataset/20170501-145007-0.jpg,8,DW_NEG,8,DW_NEG,True,0.7889146
/content/drive/MyDrive/DeepWeeds/dataset/20170501-145112-0.jpg,8,DW_NEG,7,DW_SNWE,False,0.7057402
/content/drive/MyDrive/DeepWeeds/dataset/20170501-145245-0.jpg,8,DW_NEG,1,DW_LANT,False,0.44413346
/content/drive/MyDrive/DeepWeeds/dataset/20170501-145336-0.jpg,8,DW_NEG,8,DW_NEG,True,0.9678155
/content/drive/MyDrive/DeepWeeds/dataset/20170501-145358-0.jpg,8,DW_NEG,7,DW_SNWE,False,0.92027235
/content/drive/MyDrive/DeepWeeds/dataset/20170501-145550-0.jpg,8,DW_NEG,7,DW_SNWE,False,0.4951361
/content/drive/MyDrive/DeepWeeds/dataset/20170501-145625-0.jpg,8,DW_NEG,7,DW_SNWE,False,0.47721744
/content/drive/MyDrive/DeepWeeds/dataset/20170501-145700-0.jpg,8,DW_NEG,0,DW_CHAP,False,0.47912902
/content/drive/MyDrive/DeepWeeds/dataset/20170501-145751-0.jpg,8,DW_NEG,6,DW_SIWE,False,0.6849313
/content/drive/MyDrive/DeepWeeds/dataset/20170501-145819-0.jpg,8,DW_NEG,8,DW_NEG,True,0.45635578
/content/drive/MyDrive/DeepWeeds/dataset/20170501-145921-0.jpg,8,DW_NEG,8,DW_NEG,True,0.5758426
/content/drive/MyDrive/DeepWeeds/dataset/20170521-153515-0.jpg,1,DW_LANT,7,DW_SNWE,False,0.85219806
/content/drive/MyDrive/DeepWeeds/dataset/20170522-093530-0.jpg,1,DW_LANT,1,DW_LANT,True,0.7613853
/content/drive/MyDrive/DeepWeeds/dataset/20170522-093642-0.jpg,1,DW_LANT,1,DW_LANT,True,0.8992803
/content/drive/MyDrive/DeepWeeds/dataset/20170610-120826-0.jpg,1,DW_LANT,1,DW_LANT,True,0.6433685
/content/drive/MyDrive/DeepWeeds/dataset/20170610-121741-0.jpg,1,DW_LANT,1,DW_LANT,True,0.99342513
/content/drive/MyDrive/DeepWeeds/dataset/20170610-122024-0.jpg,1,DW_LANT,7,DW_SNWE,False,0.52264327
/content/drive/MyDrive/DeepWeeds/dataset/20170610-122050-0.jpg,1,DW_LANT,1,DW_LANT,True,0.9060749
/content/drive/MyDrive/DeepWeeds/dataset/20170610-122404-0.jpg,1,DW_LANT,1,DW_LANT,True,0.9881661
/content/drive/MyDrive/DeepWeeds/dataset/20170610-122533-0.jpg,1,DW_LANT,1,DW_LANT,True,0.9975902
/content/drive/MyDrive/DeepWeeds/dataset/20170610-122723-0.jpg,1,DW_LANT,1,DW_LANT,True,0.4426559
/content/drive/MyDrive/DeepWeeds/dataset/20170610-122807-0.jpg,1,DW_LANT,1,DW_LANT,True,0.6547276
/content/drive/MyDrive/DeepWeeds/dataset/20170610-123017-0.jpg,1,DW_LANT,1,DW_LANT,True,0.84842896
/content/drive/MyDrive/DeepWeeds/dataset/20170610-123110-0.jpg,1,DW_LANT,1,DW_LANT,True,0.61452854
/content/drive/MyDrive/DeepWeeds/dataset/20170610-123326-0.jpg,1,DW_LANT,1,DW_LANT,True,0.9033473
/content/drive/MyDrive/DeepWeeds/dataset/20170610-123408-0.jpg,1,DW_LANT,1,DW_LANT,True,0.83371586
/content/drive/MyDrive/DeepWeeds/dataset/20170610-123740-0.jpg,1,DW_LANT,1,DW_LANT,True,0.9462047
/content/drive/MyDrive/DeepWeeds/dataset/20170610-123756-0.jpg,1,DW_LANT,7,DW_SNWE,False,0.32424626
/content/drive/MyDrive/DeepWeeds/dataset/20170610-123952-0.jpg,1,DW_LANT,1,DW_LANT,True,0.78002626
/content/drive/MyDrive/DeepWeeds/dataset/20170610-124033-0.jpg,1,DW_LANT,7,DW_SNWE,False,0.55910194
/content/drive/MyDrive/DeepWeeds/dataset/20170627-103419-0.jpg,0,DW_CHAP,7,DW_SNWE,False,0.4441241
/content/drive/MyDrive/DeepWeeds/dataset/20170627-103624-0.jpg,0,DW_CHAP,0,DW_CHAP,True,0.70812076
/content/drive/MyDrive/DeepWeeds/dataset/20170627-103832-0.jpg,0,DW_CHAP,0,DW_CHAP,True,0.9885337
/content/drive/MyDrive/DeepWeeds/dataset/20170627-104050-0.jpg,8,DW_NEG,0,DW_CHAP,False,0.62114096
/content/drive/MyDrive/DeepWeeds/dataset/20170627-104522-0.jpg,7,DW_SNWE,7,DW_SNWE,True,0.91829515
/content/drive/MyDrive/DeepWeeds/dataset/20170627-104853-0.jpg,7,DW_SNWE,7,DW_SNWE,True,0.9999684
/content/drive/MyDrive/DeepWeeds/dataset/20170627-105033-0.jpg,8,DW_NEG,1,DW_LANT,False,0.33744708
/content/drive/MyDrive/DeepWeeds/dataset/20170627-105314-0.jpg,0,DW_CHAP,2,DW_PARK,False,0.6293425
/content/drive/MyDrive/DeepWeeds/dataset/20170630-150716-0.jpg,7,DW_SNWE,7,DW_SNWE,True,0.7586846
/content/drive/MyDrive/DeepWeeds/dataset/20170630-151310-0.jpg,7,DW_SNWE,7,DW_SNWE,True,0.2498389
/content/drive/MyDrive/DeepWeeds/dataset/20170630-151347-0.jpg,7,DW_SNWE,6,DW_SIWE,False,0.6552139
/content/drive/MyDrive/DeepWeeds/dataset/20170630-151804-0.jpg,7,DW_SNWE,7,DW_SNWE,True,0.91896886
/content/drive/MyDrive/DeepWeeds/dataset/20170630-152017-0.jpg,7,DW_SNWE,7,DW_SNWE,True,0.9020135
/content/drive/MyDrive/DeepWeeds/dataset/20170630-152238-0.jpg,7,DW_SNWE,7,DW_SNWE,True,0.79324466
/content/drive/MyDrive/DeepWeeds/dataset/20170630-152500-0.jpg,7,DW_SNWE,7,DW_SNWE,True,0.6484282
/content/drive/MyDrive/DeepWeeds/dataset/20170630-153511-0.jpg,8,DW_NEG,7,DW_SNWE,False,0.46043402
/content/drive/MyDrive/DeepWeeds/dataset/20170630-153907-0.jpg,8,DW_NEG,8,DW_NEG,True,0.47892565
/content/drive/MyDrive/DeepWeeds/dataset/20170630-154345-0.jpg,7,DW_SNWE,6,DW_SIWE,False,0.706961
/content/drive/MyDrive/DeepWeeds/dataset/20170630-154510-0.jpg,7,DW_SNWE,7,DW_SNWE,True,0.9129874
/content/drive/MyDrive/DeepWeeds/dataset/20170630-154706-0.jpg,7,DW_SNWE,7,DW_SNWE,True,0.60191345
/content/drive/MyDrive/DeepWeeds/dataset/20170630-154749-0.jpg,8,DW_NEG,1,DW_LANT,False,0.7649829
/content/drive/MyDrive/DeepWeeds/dataset/20170630-155251-0.jpg,7,DW_SNWE,7,DW_SNWE,True,0.942093
/content/drive/MyDrive/DeepWeeds/dataset/20170630-155427-0.jpg,7,DW_SNWE,7,DW_SNWE,True,0.9943868
/content/drive/MyDrive/DeepWeeds/dataset/20170630-155907-0.jpg,7,DW_SNWE,7,DW_SNWE,True,0.9995122
/content/drive/MyDrive/DeepWeeds/dataset/20170630-155936-0.jpg,7,DW_SNWE,7,DW_SNWE,True,0.994568
/content/drive/MyDrive/DeepWeeds/dataset/20170630-160037-0.jpg,7,DW_SNWE,7,DW_SNWE,True,0.9934936
/content/drive/MyDrive/DeepWeeds/dataset/20170630-160438-0.jpg,0,DW_CHAP,8,DW_NEG,False,0.7814915
/content/drive/MyDrive/DeepWeeds/dataset/20170704-150722-0.jpg,7,DW_SNWE,0,DW_CHAP,False,0.58163327
/content/drive/MyDrive/DeepWeeds/dataset/20170704-151121-0.jpg,7,DW_SNWE,1,DW_LANT,False,0.8559137
/content/drive/MyDrive/DeepWeeds/dataset/20170704-151344-0.jpg,7,DW_SNWE,7,DW_SNWE,True,0.9099752
/content/drive/MyDrive/DeepWeeds/dataset/20170704-152003-0.jpg,0,DW_CHAP,1,DW_LANT,False,0.9250274
/content/drive/MyDrive/DeepWeeds/dataset/20170704-152155-0.jpg,7,DW_SNWE,7,DW_SNWE,True,0.3243779
/content/drive/MyDrive/DeepWeeds/dataset/20170704-152523-0.jpg,0,DW_CHAP,0,DW_CHAP,True,0.96617657
/content/drive/MyDrive/DeepWeeds/dataset/20170704-153529-0.jpg,8,DW_NEG,7,DW_SNWE,False,0.9876837
/content/drive/MyDrive/DeepWeeds/dataset/20170704-154014-0.jpg,0,DW_CHAP,6,DW_SIWE,False,0.69553286
/content/drive/MyDrive/DeepWeeds/dataset/20170704-154139-0.jpg,0,DW_CHAP,7,DW_SNWE,False,0.79133487
/content/drive/MyDrive/DeepWeeds/dataset/20170704-154518-0.jpg,0,DW_CHAP,0,DW_CHAP,True,0.99626225
/content/drive/MyDrive/DeepWeeds/dataset/20170704-155122-0.jpg,7,DW_SNWE,7,DW_SNWE,True,0.45885202
/content/drive/MyDrive/DeepWeeds/dataset/20170704-155206-0.jpg,7,DW_SNWE,0,DW_CHAP,False,0.39761117
/content/drive/MyDrive/DeepWeeds/dataset/20170704-155422-0.jpg,7,DW_SNWE,7,DW_SNWE,True,0.983844
/content/drive/MyDrive/DeepWeeds/dataset/20170705-160734-0.jpg,7,DW_SNWE,0,DW_CHAP,False,0.49800953
/content/drive/MyDrive/DeepWeeds/dataset/20170705-161037-0.jpg,7,DW_SNWE,0,DW_CHAP,False,0.31955993
/content/drive/MyDrive/DeepWeeds/dataset/20170705-161223-0.jpg,7,DW_SNWE,7,DW_SNWE,True,0.69759375
/content/drive/MyDrive/DeepWeeds/dataset/20170705-161341-0.jpg,7,DW_SNWE,7,DW_SNWE,True,0.9111978
/content/drive/MyDrive/DeepWeeds/dataset/20170705-161748-0.jpg,7,DW_SNWE,7,DW_SNWE,True,0.8931654
/content/drive/MyDrive/DeepWeeds/dataset/20170705-161916-0.jpg,7,DW_SNWE,7,DW_SNWE,True,0.84617794
/content/drive/MyDrive/DeepWeeds/dataset/20170705-162217-0.jpg,7,DW_SNWE,7,DW_SNWE,True,0.9853137
/content/drive/MyDrive/DeepWeeds/dataset/20170705-162351-0.jpg,7,DW_SNWE,7,DW_SNWE,True,0.99887925
/content/drive/MyDrive/DeepWeeds/dataset/20170705-162715-0.jpg,7,DW_SNWE,7,DW_SNWE,True,0.87785983
/content/drive/MyDrive/DeepWeeds/dataset/20170705-163125-0.jpg,8,DW_NEG,0,DW_CHAP,False,0.5870134
/content/drive/MyDrive/DeepWeeds/dataset/20170705-163349-0.jpg,7,DW_SNWE,7,DW_SNWE,True,0.959108
/content/drive/MyDrive/DeepWeeds/dataset/20170705-163531-0.jpg,7,DW_SNWE,7,DW_SNWE,True,0.69548726
/content/drive/MyDrive/DeepWeeds/dataset/20170705-163848-0.jpg,7,DW_SNWE,7,DW_SNWE,True,0.82897085
/content/drive/MyDrive/DeepWeeds/dataset/20170705-163946-0.jpg,7,DW_SNWE,7,DW_SNWE,True,0.96606755
/content/drive/MyDrive/DeepWeeds/dataset/20170705-164308-0.jpg,7,DW_SNWE,7,DW_SNWE,True,0.9962513
/content/drive/MyDrive/DeepWeeds/dataset/20170705-164347-0.jpg,7,DW_SNWE,8,DW_NEG,False,0.45477813
/content/drive/MyDrive/DeepWeeds/dataset/20170705-164812-0.jpg,7,DW_SNWE,7,DW_SNWE,True,0.9722634
/content/drive/MyDrive/DeepWeeds/dataset/20170705-165000-0.jpg,7,DW_SNWE,7,DW_SNWE,True,0.9900731
/content/drive/MyDrive/DeepWeeds/dataset/20170705-165029-0.jpg,7,DW_SNWE,7,DW_SNWE,True,0.99253297
/content/drive/MyDrive/DeepWeeds/dataset/20170705-165136-0.jpg,7,DW_SNWE,8,DW_NEG,False,0.9752278
/content/drive/MyDrive/DeepWeeds/dataset/20170705-165342-0.jpg,0,DW_CHAP,7,DW_SNWE,False,0.73766667
/content/drive/MyDrive/DeepWeeds/dataset/20170705-165551-0.jpg,7,DW_SNWE,7,DW_SNWE,True,0.9134168
/content/drive/MyDrive/DeepWeeds/dataset/20170705-165723-0.jpg,7,DW_SNWE,7,DW_SNWE,True,0.6092149
/content/drive/MyDrive/DeepWeeds/dataset/20170705-170108-0.jpg,7,DW_SNWE,7,DW_SNWE,True,0.9270261
/content/drive/MyDrive/DeepWeeds/dataset/20170705-170314-0.jpg,0,DW_CHAP,3,DW_PART,False,0.38964054
/content/drive/MyDrive/DeepWeeds/dataset/20170706-105306-0.jpg,7,DW_SNWE,1,DW_LANT,False,0.45789686
/content/drive/MyDrive/DeepWeeds/dataset/20170706-105539-0.jpg,7,DW_SNWE,7,DW_SNWE,True,0.98668957
/content/drive/MyDrive/DeepWeeds/dataset/20170706-110150-0.jpg,7,DW_SNWE,5,DW_RUBV,False,0.4706992
/content/drive/MyDrive/DeepWeeds/dataset/20170706-110326-0.jpg,7,DW_SNWE,7,DW_SNWE,True,0.9879078
/content/drive/MyDrive/DeepWeeds/dataset/20170706-110738-0.jpg,0,DW_CHAP,7,DW_SNWE,False,0.8743153
/content/drive/MyDrive/DeepWeeds/dataset/20170706-111609-0.jpg,7,DW_SNWE,7,DW_SNWE,True,0.63876915
/content/drive/MyDrive/DeepWeeds/dataset/20170706-112624-0.jpg,7,DW_SNWE,7,DW_SNWE,True,0.84942305
/content/drive/MyDrive/DeepWeeds/dataset/20170706-113027-0.jpg,7,DW_SNWE,7,DW_SNWE,True,0.9449059
/content/drive/MyDrive/DeepWeeds/dataset/20170706-113419-0.jpg,7,DW_SNWE,7,DW_SNWE,True,0.9905004
/content/drive/MyDrive/DeepWeeds/dataset/20170706-113522-0.jpg,7,DW_SNWE,1,DW_LANT,False,0.29756162
/content/drive/MyDrive/DeepWeeds/dataset/20170706-130127-3.jpg,1,DW_LANT,1,DW_LANT,True,0.9999995
/content/drive/MyDrive/DeepWeeds/dataset/20170706-130316-3.jpg,1,DW_LANT,1,DW_LANT,True,0.99999523
/content/drive/MyDrive/DeepWeeds/dataset/20170707-110140-0.jpg,0,DW_CHAP,3,DW_PART,False,0.80375403
/content/drive/MyDrive/DeepWeeds/dataset/20170707-110305-0.jpg,7,DW_SNWE,7,DW_SNWE,True,0.6338763
/content/drive/MyDrive/DeepWeeds/dataset/20170707-111046-0.jpg,0,DW_CHAP,3,DW_PART,False,0.50338316
/content/drive/MyDrive/DeepWeeds/dataset/20170707-111748-0.jpg,0,DW_CHAP,0,DW_CHAP,True,0.92245597
/content/drive/MyDrive/DeepWeeds/dataset/20170707-112301-0.jpg,0,DW_CHAP,0,DW_CHAP,True,0.35632676
/content/drive/MyDrive/DeepWeeds/dataset/20170707-112442-0.jpg,0,DW_CHAP,0,DW_CHAP,True,0.42382145
/content/drive/MyDrive/DeepWeeds/dataset/20170707-112953-0.jpg,7,DW_SNWE,7,DW_SNWE,True,0.99661714
/content/drive/MyDrive/DeepWeeds/dataset/20170707-113402-0.jpg,0,DW_CHAP,0,DW_CHAP,True,0.8509305
/content/drive/MyDrive/DeepWeeds/dataset/20170707-113650-0.jpg,0,DW_CHAP,0,DW_CHAP,True,0.6973661
/content/drive/MyDrive/DeepWeeds/dataset/20170707-114844-0.jpg,0,DW_CHAP,0,DW_CHAP,True,0.8078771
/content/drive/MyDrive/DeepWeeds/dataset/20170711-113028-0.jpg,0,DW_CHAP,0,DW_CHAP,True,0.725566
/content/drive/MyDrive/DeepWeeds/dataset/20170711-113055-0.jpg,0,DW_CHAP,0,DW_CHAP,True,0.47894922
/content/drive/MyDrive/DeepWeeds/dataset/20170711-114223-0.jpg,0,DW_CHAP,0,DW_CHAP,True,0.700677
/content/drive/MyDrive/DeepWeeds/dataset/20170711-114826-0.jpg,7,DW_SNWE,7,DW_SNWE,True,0.92198825
/content/drive/MyDrive/DeepWeeds/dataset/20170711-115315-0.jpg,0,DW_CHAP,8,DW_NEG,False,0.45305815
/content/drive/MyDrive/DeepWeeds/dataset/20170711-115537-0.jpg,0,DW_CHAP,0,DW_CHAP,True,0.5907858
/content/drive/MyDrive/DeepWeeds/dataset/20170711-120239-0.jpg,7,DW_SNWE,6,DW_SIWE,False,0.6370192
/content/drive/MyDrive/DeepWeeds/dataset/20170711-120700-0.jpg,0,DW_CHAP,7,DW_SNWE,False,0.46209097
/content/drive/MyDrive/DeepWeeds/dataset/20170711-121008-0.jpg,0,DW_CHAP,0,DW_CHAP,True,0.9219219
/content/drive/MyDrive/DeepWeeds/dataset/20170711-121335-0.jpg,0,DW_CHAP,0,DW_CHAP,True,0.90460604
/content/drive/MyDrive/DeepWeeds/dataset/20170711-121448-0.jpg,0,DW_CHAP,0,DW_CHAP,True,0.80399483
/content/drive/MyDrive/DeepWeeds/dataset/20170714-110439-3.jpg,1,DW_LANT,1,DW_LANT,True,0.98631346
/content/drive/MyDrive/DeepWeeds/dataset/20170714-110618-3.jpg,1,DW_LANT,1,DW_LANT,True,0.9545134
/content/drive/MyDrive/DeepWeeds/dataset/20170714-110651-3.jpg,1,DW_LANT,1,DW_LANT,True,0.9897904
/content/drive/MyDrive/DeepWeeds/dataset/20170714-110747-2.jpg,1,DW_LANT,1,DW_LANT,True,0.9949826
/content/drive/MyDrive/DeepWeeds/dataset/20170714-110825-1.jpg,1,DW_LANT,8,DW_NEG,False,0.36424163
/content/drive/MyDrive/DeepWeeds/dataset/20170714-111038-2.jpg,1,DW_LANT,6,DW_SIWE,False,0.5467533
/content/drive/MyDrive/DeepWeeds/dataset/20170714-111045-1.jpg,1,DW_LANT,1,DW_LANT,True,0.9942281
/content/drive/MyDrive/DeepWeeds/dataset/20170714-111235-1.jpg,1,DW_LANT,1,DW_LANT,True,0.99482083
/content/drive/MyDrive/DeepWeeds/dataset/20170714-111315-1.jpg,1,DW_LANT,1,DW_LANT,True,0.9996499
/content/drive/MyDrive/DeepWeeds/dataset/20170714-111501-2.jpg,1,DW_LANT,1,DW_LANT,True,0.99990475
/content/drive/MyDrive/DeepWeeds/dataset/20170714-111610-1.jpg,1,DW_LANT,1,DW_LANT,True,0.99919516
/content/drive/MyDrive/DeepWeeds/dataset/20170714-111926-2.jpg,1,DW_LANT,1,DW_LANT,True,0.9987557
/content/drive/MyDrive/DeepWeeds/dataset/20170714-112144-3.jpg,1,DW_LANT,1,DW_LANT,True,0.9999999
/content/drive/MyDrive/DeepWeeds/dataset/20170714-112512-2.jpg,1,DW_LANT,1,DW_LANT,True,0.9999987
/content/drive/MyDrive/DeepWeeds/dataset/20170714-112604-2.jpg,1,DW_LANT,1,DW_LANT,True,0.9725627
/content/drive/MyDrive/DeepWeeds/dataset/20170714-112649-2.jpg,1,DW_LANT,1,DW_LANT,True,0.9843098
/content/drive/MyDrive/DeepWeeds/dataset/20170714-113240-2.jpg,1,DW_LANT,1,DW_LANT,True,0.9654304
/content/drive/MyDrive/DeepWeeds/dataset/20170714-113520-2.jpg,1,DW_LANT,1,DW_LANT,True,0.7403041
/content/drive/MyDrive/DeepWeeds/dataset/20170714-113838-2.jpg,1,DW_LANT,1,DW_LANT,True,0.99628687
/content/drive/MyDrive/DeepWeeds/dataset/20170714-114042-2.jpg,1,DW_LANT,1,DW_LANT,True,0.98914343
/content/drive/MyDrive/DeepWeeds/dataset/20170714-114444-2.jpg,1,DW_LANT,1,DW_LANT,True,0.5705163
/content/drive/MyDrive/DeepWeeds/dataset/20170714-114719-3.jpg,1,DW_LANT,1,DW_LANT,True,0.99997103
/content/drive/MyDrive/DeepWeeds/dataset/20170714-114911-3.jpg,1,DW_LANT,1,DW_LANT,True,0.999292
/content/drive/MyDrive/DeepWeeds/dataset/20170714-115344-2.jpg,1,DW_LANT,1,DW_LANT,True,0.99949586
/content/drive/MyDrive/DeepWeeds/dataset/20170714-115409-3.jpg,1,DW_LANT,1,DW_LANT,True,0.9999969
/content/drive/MyDrive/DeepWeeds/dataset/20170714-115505-2.jpg,1,DW_LANT,1,DW_LANT,True,0.99989104
/content/drive/MyDrive/DeepWeeds/dataset/20170714-115620-3.jpg,1,DW_LANT,1,DW_LANT,True,0.99938655
/content/drive/MyDrive/DeepWeeds/dataset/20170714-115730-2.jpg,1,DW_LANT,1,DW_LANT,True,0.9992525
/content/drive/MyDrive/DeepWeeds/dataset/20170714-115847-3.jpg,1,DW_LANT,1,DW_LANT,True,0.999524
/content/drive/MyDrive/DeepWeeds/dataset/20170714-115933-1.jpg,1,DW_LANT,1,DW_LANT,True,0.9999794
/content/drive/MyDrive/DeepWeeds/dataset/20170714-115933-3.jpg,1,DW_LANT,1,DW_LANT,True,0.9999939
/content/drive/MyDrive/DeepWeeds/dataset/20170714-120046-3.jpg,1,DW_LANT,1,DW_LANT,True,0.9999999
/content/drive/MyDrive/DeepWeeds/dataset/20170714-120203-3.jpg,1,DW_LANT,1,DW_LANT,True,0.9930862
/content/drive/MyDrive/DeepWeeds/dataset/20170714-120304-3.jpg,1,DW_LANT,1,DW_LANT,True,0.9998336
/content/drive/MyDrive/DeepWeeds/dataset/20170714-120502-3.jpg,1,DW_LANT,1,DW_LANT,True,0.99999845
/content/drive/MyDrive/DeepWeeds/dataset/20170714-120613-2.jpg,1,DW_LANT,1,DW_LANT,True,0.88189757
/content/drive/MyDrive/DeepWeeds/dataset/20170714-120723-3.jpg,1,DW_LANT,1,DW_LANT,True,0.98532134
/content/drive/MyDrive/DeepWeeds/dataset/20170714-121008-3.jpg,1,DW_LANT,1,DW_LANT,True,0.9980134
/content/drive/MyDrive/DeepWeeds/dataset/20170714-121517-3.jpg,1,DW_LANT,6,DW_SIWE,False,0.6867056
/content/drive/MyDrive/DeepWeeds/dataset/20170714-121735-3.jpg,1,DW_LANT,1,DW_LANT,True,0.99959606
/content/drive/MyDrive/DeepWeeds/dataset/20170714-121905-2.jpg,1,DW_LANT,1,DW_LANT,True,0.9677952
/content/drive/MyDrive/DeepWeeds/dataset/20170714-122007-2.jpg,1,DW_LANT,1,DW_LANT,True,0.99999666
/content/drive/MyDrive/DeepWeeds/dataset/20170714-122210-2.jpg,1,DW_LANT,1,DW_LANT,True,0.7193855
/content/drive/MyDrive/DeepWeeds/dataset/20170714-122344-3.jpg,1,DW_LANT,1,DW_LANT,True,0.90545666
/content/drive/MyDrive/DeepWeeds/dataset/20170714-122506-3.jpg,1,DW_LANT,1,DW_LANT,True,0.99994576
/content/drive/MyDrive/DeepWeeds/dataset/20170714-122801-3.jpg,1,DW_LANT,1,DW_LANT,True,0.9807402
/content/drive/MyDrive/DeepWeeds/dataset/20170714-122855-3.jpg,1,DW_LANT,1,DW_LANT,True,0.9906942
/content/drive/MyDrive/DeepWeeds/dataset/20170714-130040-1.jpg,1,DW_LANT,1,DW_LANT,True,0.997948
/content/drive/MyDrive/DeepWeeds/dataset/20170714-131005-1.jpg,1,DW_LANT,1,DW_LANT,True,0.97624785
/content/drive/MyDrive/DeepWeeds/dataset/20170714-132633-1.jpg,1,DW_LANT,1,DW_LANT,True,0.9999701
/content/drive/MyDrive/DeepWeeds/dataset/20170714-133342-1.jpg,1,DW_LANT,1,DW_LANT,True,0.9680092
/content/drive/MyDrive/DeepWeeds/dataset/20170714-133445-1.jpg,1,DW_LANT,1,DW_LANT,True,0.999819
/content/drive/MyDrive/DeepWeeds/dataset/20170714-133830-1.jpg,1,DW_LANT,1,DW_LANT,True,0.9999473
/content/drive/MyDrive/DeepWeeds/dataset/20170714-134129-1.jpg,1,DW_LANT,1,DW_LANT,True,0.99999726
/content/drive/MyDrive/DeepWeeds/dataset/20170714-134152-1.jpg,1,DW_LANT,1,DW_LANT,True,0.9998523
/content/drive/MyDrive/DeepWeeds/dataset/20170714-135050-2.jpg,1,DW_LANT,1,DW_LANT,True,0.999995
/content/drive/MyDrive/DeepWeeds/dataset/20170714-135158-2.jpg,1,DW_LANT,1,DW_LANT,True,0.96126944
/content/drive/MyDrive/DeepWeeds/dataset/20170714-135328-3.jpg,1,DW_LANT,1,DW_LANT,True,0.99965847
/content/drive/MyDrive/DeepWeeds/dataset/20170714-135431-3.jpg,1,DW_LANT,1,DW_LANT,True,0.99992585
/content/drive/MyDrive/DeepWeeds/dataset/20170714-135916-1.jpg,1,DW_LANT,1,DW_LANT,True,0.99957377
/content/drive/MyDrive/DeepWeeds/dataset/20170714-135946-2.jpg,1,DW_LANT,1,DW_LANT,True,0.9932899
/content/drive/MyDrive/DeepWeeds/dataset/20170714-140142-3.jpg,1,DW_LANT,1,DW_LANT,True,0.9998634
/content/drive/MyDrive/DeepWeeds/dataset/20170714-140238-3.jpg,1,DW_LANT,1,DW_LANT,True,0.99995387
/content/drive/MyDrive/DeepWeeds/dataset/20170714-140436-1.jpg,1,DW_LANT,1,DW_LANT,True,0.99990976
/content/drive/MyDrive/DeepWeeds/dataset/20170714-140539-2.jpg,1,DW_LANT,1,DW_LANT,True,0.90515286
/content/drive/MyDrive/DeepWeeds/dataset/20170714-140607-2.jpg,1,DW_LANT,1,DW_LANT,True,0.9955194
/content/drive/MyDrive/DeepWeeds/dataset/20170714-140634-2.jpg,1,DW_LANT,1,DW_LANT,True,0.7230699
/content/drive/MyDrive/DeepWeeds/dataset/20170714-141340-3.jpg,1,DW_LANT,1,DW_LANT,True,0.99979526
/content/drive/MyDrive/DeepWeeds/dataset/20170714-141443-3.jpg,1,DW_LANT,1,DW_LANT,True,0.97216743
/content/drive/MyDrive/DeepWeeds/dataset/20170714-141732-2.jpg,1,DW_LANT,1,DW_LANT,True,0.96753025
/content/drive/MyDrive/DeepWeeds/dataset/20170714-141843-3.jpg,1,DW_LANT,1,DW_LANT,True,0.9316068
/content/drive/MyDrive/DeepWeeds/dataset/20170714-142019-3.jpg,1,DW_LANT,1,DW_LANT,True,0.99998593
/content/drive/MyDrive/DeepWeeds/dataset/20170714-142112-2.jpg,1,DW_LANT,1,DW_LANT,True,0.9940948
/content/drive/MyDrive/DeepWeeds/dataset/20170714-142207-2.jpg,1,DW_LANT,1,DW_LANT,True,0.9971065
/content/drive/MyDrive/DeepWeeds/dataset/20170714-142329-2.jpg,1,DW_LANT,1,DW_LANT,True,0.59067374
/content/drive/MyDrive/DeepWeeds/dataset/20170714-142512-3.jpg,1,DW_LANT,1,DW_LANT,True,0.99998665
/content/drive/MyDrive/DeepWeeds/dataset/20170714-142559-2.jpg,1,DW_LANT,1,DW_LANT,True,0.9999987
/content/drive/MyDrive/DeepWeeds/dataset/20170714-142743-3.jpg,1,DW_LANT,1,DW_LANT,True,0.99999964
/content/drive/MyDrive/DeepWeeds/dataset/20170714-142931-2.jpg,1,DW_LANT,1,DW_LANT,True,0.5725602
/content/drive/MyDrive/DeepWeeds/dataset/20170714-143003-2.jpg,1,DW_LANT,1,DW_LANT,True,0.8279525
/content/drive/MyDrive/DeepWeeds/dataset/20170714-143102-3.jpg,1,DW_LANT,1,DW_LANT,True,0.9865133
/content/drive/MyDrive/DeepWeeds/dataset/20170714-143138-1.jpg,1,DW_LANT,1,DW_LANT,True,0.6624088
/content/drive/MyDrive/DeepWeeds/dataset/20170714-143253-1.jpg,1,DW_LANT,1,DW_LANT,True,0.999236
/content/drive/MyDrive/DeepWeeds/dataset/20170714-143425-1.jpg,1,DW_LANT,1,DW_LANT,True,0.5910286
/content/drive/MyDrive/DeepWeeds/dataset/20170714-143523-1.jpg,1,DW_LANT,1,DW_LANT,True,0.9889026
/content/drive/MyDrive/DeepWeeds/dataset/20170714-143702-2.jpg,1,DW_LANT,1,DW_LANT,True,0.9978801
/content/drive/MyDrive/DeepWeeds/dataset/20170714-143745-2.jpg,1,DW_LANT,1,DW_LANT,True,0.9982002
/content/drive/MyDrive/DeepWeeds/dataset/20170714-144230-3.jpg,1,DW_LANT,1,DW_LANT,True,0.9999764
/content/drive/MyDrive/DeepWeeds/dataset/20170714-144338-2.jpg,1,DW_LANT,1,DW_LANT,True,0.9559154
/content/drive/MyDrive/DeepWeeds/dataset/20170714-150115-1.jpg,1,DW_LANT,1,DW_LANT,True,0.9987973
/content/drive/MyDrive/DeepWeeds/dataset/20170714-150201-1.jpg,1,DW_LANT,1,DW_LANT,True,0.98230344
/content/drive/MyDrive/DeepWeeds/dataset/20170714-150314-1.jpg,1,DW_LANT,1,DW_LANT,True,0.9608507
/content/drive/MyDrive/DeepWeeds/dataset/20170714-150539-1.jpg,1,DW_LANT,1,DW_LANT,True,0.9780025
/content/drive/MyDrive/DeepWeeds/dataset/20170714-165832-1.jpg,1,DW_LANT,1,DW_LANT,True,0.99999976
/content/drive/MyDrive/DeepWeeds/dataset/20170714-165934-1.jpg,1,DW_LANT,1,DW_LANT,True,0.77021915
/content/drive/MyDrive/DeepWeeds/dataset/20170714-170127-1.jpg,1,DW_LANT,1,DW_LANT,True,0.9999982
/content/drive/MyDrive/DeepWeeds/dataset/20170714-170203-1.jpg,1,DW_LANT,1,DW_LANT,True,0.99999833
/content/drive/MyDrive/DeepWeeds/dataset/20170714-170321-1.jpg,1,DW_LANT,1,DW_LANT,True,0.9999988
/content/drive/MyDrive/DeepWeeds/dataset/20170714-170622-1.jpg,1,DW_LANT,1,DW_LANT,True,0.9951498
/content/drive/MyDrive/DeepWeeds/dataset/20170714-170749-1.jpg,1,DW_LANT,1,DW_LANT,True,0.9457067
/content/drive/MyDrive/DeepWeeds/dataset/20170714-185914-1.jpg,1,DW_LANT,1,DW_LANT,True,0.9713353
/content/drive/MyDrive/DeepWeeds/dataset/20170714-190139-1.jpg,1,DW_LANT,1,DW_LANT,True,0.9999988
/content/drive/MyDrive/DeepWeeds/dataset/20170714-190227-1.jpg,1,DW_LANT,1,DW_LANT,True,0.99999213
/content/drive/MyDrive/DeepWeeds/dataset/20170715-100156-1.jpg,1,DW_LANT,1,DW_LANT,True,0.88001746
/content/drive/MyDrive/DeepWeeds/dataset/20170715-102205-1.jpg,1,DW_LANT,1,DW_LANT,True,0.99993503
/content/drive/MyDrive/DeepWeeds/dataset/20170715-102940-1.jpg,1,DW_LANT,1,DW_LANT,True,0.99995494
/content/drive/MyDrive/DeepWeeds/dataset/20170715-105922-1.jpg,1,DW_LANT,1,DW_LANT,True,0.9976683
/content/drive/MyDrive/DeepWeeds/dataset/20170715-113813-1.jpg,1,DW_LANT,1,DW_LANT,True,0.9999993
/content/drive/MyDrive/DeepWeeds/dataset/20170715-114315-1.jpg,1,DW_LANT,1,DW_LANT,True,0.99905294
/content/drive/MyDrive/DeepWeeds/dataset/20170715-120055-1.jpg,1,DW_LANT,1,DW_LANT,True,0.99922
/content/drive/MyDrive/DeepWeeds/dataset/20170715-120421-1.jpg,1,DW_LANT,1,DW_LANT,True,0.9999982
/content/drive/MyDrive/DeepWeeds/dataset/20170715-124544-1.jpg,1,DW_LANT,1,DW_LANT,True,0.99991965
/content/drive/MyDrive/DeepWeeds/dataset/20170715-130024-1.jpg,1,DW_LANT,1,DW_LANT,True,0.99999154
/content/drive/MyDrive/DeepWeeds/dataset/20170715-133401-1.jpg,1,DW_LANT,1,DW_LANT,True,0.9999949
/content/drive/MyDrive/DeepWeeds/dataset/20170715-135754-1.jpg,1,DW_LANT,1,DW_LANT,True,0.9999715
/content/drive/MyDrive/DeepWeeds/dataset/20170715-141015-1.jpg,1,DW_LANT,1,DW_LANT,True,0.9986255
/content/drive/MyDrive/DeepWeeds/dataset/20170715-141629-1.jpg,1,DW_LANT,1,DW_LANT,True,0.9999994
/content/drive/MyDrive/DeepWeeds/dataset/20170715-144230-1.jpg,1,DW_LANT,1,DW_LANT,True,0.9998803
/content/drive/MyDrive/DeepWeeds/dataset/20170715-150502-1.jpg,1,DW_LANT,1,DW_LANT,True,0.9814311
/content/drive/MyDrive/DeepWeeds/dataset/20170715-152433-1.jpg,1,DW_LANT,1,DW_LANT,True,0.99982905
/content/drive/MyDrive/DeepWeeds/dataset/20170715-154122-1.jpg,1,DW_LANT,1,DW_LANT,True,0.99717915
/content/drive/MyDrive/DeepWeeds/dataset/20170715-154735-1.jpg,1,DW_LANT,1,DW_LANT,True,0.99066424
/content/drive/MyDrive/DeepWeeds/dataset/20170715-160802-1.jpg,1,DW_LANT,1,DW_LANT,True,0.9972613
/content/drive/MyDrive/DeepWeeds/dataset/20170715-162718-1.jpg,1,DW_LANT,1,DW_LANT,True,0.9998963
/content/drive/MyDrive/DeepWeeds/dataset/20170715-170353-1.jpg,1,DW_LANT,1,DW_LANT,True,0.99999833
/content/drive/MyDrive/DeepWeeds/dataset/20170715-170432-1.jpg,1,DW_LANT,1,DW_LANT,True,0.99987304
/content/drive/MyDrive/DeepWeeds/dataset/20170715-173134-1.jpg,1,DW_LANT,1,DW_LANT,True,0.59288764
/content/drive/MyDrive/DeepWeeds/dataset/20170715-174706-1.jpg,1,DW_LANT,1,DW_LANT,True,0.9916694
/content/drive/MyDrive/DeepWeeds/dataset/20170718-094353-2.jpg,0,DW_CHAP,0,DW_CHAP,True,0.8034428
/content/drive/MyDrive/DeepWeeds/dataset/20170718-094700-2.jpg,0,DW_CHAP,4,DW_PRAC,False,0.4298271
/content/drive/MyDrive/DeepWeeds/dataset/20170718-094738-2.jpg,0,DW_CHAP,0,DW_CHAP,True,0.55759895
/content/drive/MyDrive/DeepWeeds/dataset/20170718-095109-2.jpg,0,DW_CHAP,0,DW_CHAP,True,0.6331988
/content/drive/MyDrive/DeepWeeds/dataset/20170718-095159-2.jpg,0,DW_CHAP,0,DW_CHAP,True,0.988781
/content/drive/MyDrive/DeepWeeds/dataset/20170718-095215-2.jpg,0,DW_CHAP,0,DW_CHAP,True,0.5411654
/content/drive/MyDrive/DeepWeeds/dataset/20170718-100224-2.jpg,0,DW_CHAP,4,DW_PRAC,False,0.6194121
/content/drive/MyDrive/DeepWeeds/dataset/20170718-100427-2.jpg,0,DW_CHAP,0,DW_CHAP,True,0.9393251
/content/drive/MyDrive/DeepWeeds/dataset/20170718-100650-2.jpg,0,DW_CHAP,1,DW_LANT,False,0.5971171
/content/drive/MyDrive/DeepWeeds/dataset/20170718-101048-2.jpg,0,DW_CHAP,0,DW_CHAP,True,0.95495355
/content/drive/MyDrive/DeepWeeds/dataset/20170718-101208-2.jpg,0,DW_CHAP,0,DW_CHAP,True,0.50852376
/content/drive/MyDrive/DeepWeeds/dataset/20170718-101328-2.jpg,0,DW_CHAP,7,DW_SNWE,False,0.9594536
/content/drive/MyDrive/DeepWeeds/dataset/20170718-101509-2.jpg,0,DW_CHAP,0,DW_CHAP,True,0.8435857
/content/drive/MyDrive/DeepWeeds/dataset/20170718-101628-2.jpg,7,DW_SNWE,7,DW_SNWE,True,0.97343826
/content/drive/MyDrive/DeepWeeds/dataset/20170718-101808-2.jpg,0,DW_CHAP,7,DW_SNWE,False,0.4120813
/content/drive/MyDrive/DeepWeeds/dataset/20170718-101939-2.jpg,0,DW_CHAP,0,DW_CHAP,True,0.60562426
/content/drive/MyDrive/DeepWeeds/dataset/20170718-102057-2.jpg,7,DW_SNWE,7,DW_SNWE,True,0.8595546
/content/drive/MyDrive/DeepWeeds/dataset/20170718-102206-2.jpg,7,DW_SNWE,7,DW_SNWE,True,0.9961946
/content/drive/MyDrive/DeepWeeds/dataset/20170718-102545-2.jpg,7,DW_SNWE,7,DW_SNWE,True,0.9812521
/content/drive/MyDrive/DeepWeeds/dataset/20170718-131745-2.jpg,7,DW_SNWE,7,DW_SNWE,True,0.5295912
/content/drive/MyDrive/DeepWeeds/dataset/20170718-131812-2.jpg,7,DW_SNWE,3,DW_PART,False,0.4106718
/content/drive/MyDrive/DeepWeeds/dataset/20170718-131856-2.jpg,7,DW_SNWE,7,DW_SNWE,True,0.91367656
/content/drive/MyDrive/DeepWeeds/dataset/20170718-131944-2.jpg,7,DW_SNWE,7,DW_SNWE,True,0.9978271
/content/drive/MyDrive/DeepWeeds/dataset/20170718-132007-2.jpg,7,DW_SNWE,7,DW_SNWE,True,0.9675583
/content/drive/MyDrive/DeepWeeds/dataset/20170718-132036-2.jpg,7,DW_SNWE,1,DW_LANT,False,0.67339313
/content/drive/MyDrive/DeepWeeds/dataset/20170718-132112-2.jpg,7,DW_SNWE,7,DW_SNWE,True,0.8596861
/content/drive/MyDrive/DeepWeeds/dataset/20170718-132216-2.jpg,7,DW_SNWE,7,DW_SNWE,True,0.82852715
/content/drive/MyDrive/DeepWeeds/dataset/20170718-132225-2.jpg,7,DW_SNWE,7,DW_SNWE,True,0.998733
/content/drive/MyDrive/DeepWeeds/dataset/20170718-132334-2.jpg,7,DW_SNWE,7,DW_SNWE,True,0.9885731
/content/drive/MyDrive/DeepWeeds/dataset/20170718-132409-2.jpg,7,DW_SNWE,7,DW_SNWE,True,0.9521756
/content/drive/MyDrive/DeepWeeds/dataset/20170718-132445-2.jpg,7,DW_SNWE,7,DW_SNWE,True,0.9855254
/content/drive/MyDrive/DeepWeeds/dataset/20170718-132625-2.jpg,7,DW_SNWE,7,DW_SNWE,True,0.96485394
/content/drive/MyDrive/DeepWeeds/dataset/20170718-132704-2.jpg,7,DW_SNWE,7,DW_SNWE,True,0.8491627
/content/drive/MyDrive/DeepWeeds/dataset/20170718-132810-2.jpg,7,DW_SNWE,7,DW_SNWE,True,0.935398
/content/drive/MyDrive/DeepWeeds/dataset/20170718-133003-2.jpg,7,DW_SNWE,7,DW_SNWE,True,0.8977438
/content/drive/MyDrive/DeepWeeds/dataset/20170718-133118-2.jpg,7,DW_SNWE,7,DW_SNWE,True,0.9981232
/content/drive/MyDrive/DeepWeeds/dataset/20170718-133349-2.jpg,7,DW_SNWE,7,DW_SNWE,True,0.9973387
/content/drive/MyDrive/DeepWeeds/dataset/20170718-133537-2.jpg,0,DW_CHAP,8,DW_NEG,False,0.36367372
/content/drive/MyDrive/DeepWeeds/dataset/20170718-133726-2.jpg,7,DW_SNWE,7,DW_SNWE,True,0.9932447
/content/drive/MyDrive/DeepWeeds/dataset/20170721-114858-1.jpg,0,DW_CHAP,0,DW_CHAP,True,0.81612295
/content/drive/MyDrive/DeepWeeds/dataset/20170727-094012-1.jpg,8,DW_NEG,4,DW_PRAC,False,0.7200306
/content/drive/MyDrive/DeepWeeds/dataset/20170727-111856-1.jpg,4,DW_PRAC,4,DW_PRAC,True,0.9990308
/content/drive/MyDrive/DeepWeeds/dataset/20170727-111940-1.jpg,4,DW_PRAC,4,DW_PRAC,True,0.9354269
/content/drive/MyDrive/DeepWeeds/dataset/20170727-112625-3.jpg,4,DW_PRAC,4,DW_PRAC,True,0.9698378
/content/drive/MyDrive/DeepWeeds/dataset/20170727-112933-3.jpg,4,DW_PRAC,4,DW_PRAC,True,0.988434
/content/drive/MyDrive/DeepWeeds/dataset/20170727-113140-1.jpg,4,DW_PRAC,4,DW_PRAC,True,0.8635295
/content/drive/MyDrive/DeepWeeds/dataset/20170727-113251-3.jpg,4,DW_PRAC,4,DW_PRAC,True,0.9954715
/content/drive/MyDrive/DeepWeeds/dataset/20170727-113316-3.jpg,4,DW_PRAC,4,DW_PRAC,True,0.7677697
/content/drive/MyDrive/DeepWeeds/dataset/20170727-113505-1.jpg,4,DW_PRAC,4,DW_PRAC,True,0.99747914
/content/drive/MyDrive/DeepWeeds/dataset/20170727-113637-3.jpg,4,DW_PRAC,4,DW_PRAC,True,0.8645958
/content/drive/MyDrive/DeepWeeds/dataset/20170727-113753-1.jpg,4,DW_PRAC,4,DW_PRAC,True,0.9668775
/content/drive/MyDrive/DeepWeeds/dataset/20170727-113909-1.jpg,4,DW_PRAC,5,DW_RUBV,False,0.6070209
/content/drive/MyDrive/DeepWeeds/dataset/20170727-114516-3.jpg,4,DW_PRAC,4,DW_PRAC,True,0.7647629
/content/drive/MyDrive/DeepWeeds/dataset/20170727-114537-3.jpg,4,DW_PRAC,3,DW_PART,False,0.56460476
/content/drive/MyDrive/DeepWeeds/dataset/20170727-114626-3.jpg,4,DW_PRAC,4,DW_PRAC,True,0.7566024
/content/drive/MyDrive/DeepWeeds/dataset/20170727-115147-1.jpg,4,DW_PRAC,4,DW_PRAC,True,0.9789589
/content/drive/MyDrive/DeepWeeds/dataset/20170727-115706-3.jpg,4,DW_PRAC,4,DW_PRAC,True,0.9852953
/content/drive/MyDrive/DeepWeeds/dataset/20170727-120128-3.jpg,4,DW_PRAC,4,DW_PRAC,True,0.9898212
/content/drive/MyDrive/DeepWeeds/dataset/20170727-120657-3.jpg,4,DW_PRAC,4,DW_PRAC,True,0.99862313
/content/drive/MyDrive/DeepWeeds/dataset/20170727-121108-3.jpg,4,DW_PRAC,4,DW_PRAC,True,0.6262225
/content/drive/MyDrive/DeepWeeds/dataset/20170727-121830-3.jpg,4,DW_PRAC,4,DW_PRAC,True,0.99962044
/content/drive/MyDrive/DeepWeeds/dataset/20170727-124429-3.jpg,4,DW_PRAC,4,DW_PRAC,True,0.67811173
/content/drive/MyDrive/DeepWeeds/dataset/20170727-124737-1.jpg,4,DW_PRAC,4,DW_PRAC,True,0.9755644
/content/drive/MyDrive/DeepWeeds/dataset/20170727-124737-3.jpg,4,DW_PRAC,4,DW_PRAC,True,0.9968485
/content/drive/MyDrive/DeepWeeds/dataset/20170727-124937-3.jpg,4,DW_PRAC,4,DW_PRAC,True,0.9989355
/content/drive/MyDrive/DeepWeeds/dataset/20170727-125008-1.jpg,4,DW_PRAC,4,DW_PRAC,True,0.94226515
/content/drive/MyDrive/DeepWeeds/dataset/20170727-125315-1.jpg,4,DW_PRAC,4,DW_PRAC,True,0.46764535
/content/drive/MyDrive/DeepWeeds/dataset/20170727-125540-3.jpg,4,DW_PRAC,4,DW_PRAC,True,0.9887714
/content/drive/MyDrive/DeepWeeds/dataset/20170727-125722-3.jpg,4,DW_PRAC,4,DW_PRAC,True,0.9664953
/content/drive/MyDrive/DeepWeeds/dataset/20170727-125859-3.jpg,4,DW_PRAC,4,DW_PRAC,True,0.9999281
/content/drive/MyDrive/DeepWeeds/dataset/20170727-130103-1.jpg,4,DW_PRAC,4,DW_PRAC,True,0.9998159
/content/drive/MyDrive/DeepWeeds/dataset/20170727-130230-1.jpg,4,DW_PRAC,4,DW_PRAC,True,0.92837673
/content/drive/MyDrive/DeepWeeds/dataset/20170727-130315-1.jpg,4,DW_PRAC,4,DW_PRAC,True,0.9133317
/content/drive/MyDrive/DeepWeeds/dataset/20170727-130601-1.jpg,4,DW_PRAC,4,DW_PRAC,True,0.90397775
/content/drive/MyDrive/DeepWeeds/dataset/20170727-134916-1.jpg,4,DW_PRAC,4,DW_PRAC,True,0.9980102
/content/drive/MyDrive/DeepWeeds/dataset/20170727-135150-1.jpg,4,DW_PRAC,4,DW_PRAC,True,0.9942656
/content/drive/MyDrive/DeepWeeds/dataset/20170727-135548-1.jpg,4,DW_PRAC,4,DW_PRAC,True,0.99888486
/content/drive/MyDrive/DeepWeeds/dataset/20170727-135945-1.jpg,4,DW_PRAC,4,DW_PRAC,True,0.87454104
/content/drive/MyDrive/DeepWeeds/dataset/20170727-140142-1.jpg,4,DW_PRAC,4,DW_PRAC,True,0.99948657
/content/drive/MyDrive/DeepWeeds/dataset/20170727-140315-1.jpg,4,DW_PRAC,4,DW_PRAC,True,0.99648213
/content/drive/MyDrive/DeepWeeds/dataset/20170727-140504-1.jpg,4,DW_PRAC,4,DW_PRAC,True,0.9873275
/content/drive/MyDrive/DeepWeeds/dataset/20170727-142959-1.jpg,4,DW_PRAC,4,DW_PRAC,True,0.9639315
/content/drive/MyDrive/DeepWeeds/dataset/20170727-143117-1.jpg,4,DW_PRAC,4,DW_PRAC,True,0.9989648
/content/drive/MyDrive/DeepWeeds/dataset/20170727-143545-1.jpg,4,DW_PRAC,4,DW_PRAC,True,0.5435568
/content/drive/MyDrive/DeepWeeds/dataset/20170727-143716-1.jpg,4,DW_PRAC,0,DW_CHAP,False,0.50088906
/content/drive/MyDrive/DeepWeeds/dataset/20170727-143758-1.jpg,4,DW_PRAC,4,DW_PRAC,True,0.91252583
/content/drive/MyDrive/DeepWeeds/dataset/20170727-143918-3.jpg,4,DW_PRAC,4,DW_PRAC,True,0.9910966
/content/drive/MyDrive/DeepWeeds/dataset/20170727-144045-3.jpg,4,DW_PRAC,4,DW_PRAC,True,0.99850404
/content/drive/MyDrive/DeepWeeds/dataset/20170727-144243-1.jpg,4,DW_PRAC,4,DW_PRAC,True,0.9098984
/content/drive/MyDrive/DeepWeeds/dataset/20170727-144352-1.jpg,4,DW_PRAC,4,DW_PRAC,True,0.4912105
/content/drive/MyDrive/DeepWeeds/dataset/20170727-144559-1.jpg,4,DW_PRAC,5,DW_RUBV,False,0.5440553
/content/drive/MyDrive/DeepWeeds/dataset/20170727-144725-1.jpg,8,DW_NEG,4,DW_PRAC,False,0.9994691
/content/drive/MyDrive/DeepWeeds/dataset/20170727-144821-1.jpg,4,DW_PRAC,4,DW_PRAC,True,0.9628787
/content/drive/MyDrive/DeepWeeds/dataset/20170727-144930-1.jpg,4,DW_PRAC,4,DW_PRAC,True,0.9987828
/content/drive/MyDrive/DeepWeeds/dataset/20170727-145457-3.jpg,4,DW_PRAC,4,DW_PRAC,True,0.94304717
/content/drive/MyDrive/DeepWeeds/dataset/20170727-145756-3.jpg,4,DW_PRAC,4,DW_PRAC,True,0.99312097
/content/drive/MyDrive/DeepWeeds/dataset/20170727-150018-3.jpg,4,DW_PRAC,4,DW_PRAC,True,0.9996482
/content/drive/MyDrive/DeepWeeds/dataset/20170727-150211-3.jpg,4,DW_PRAC,4,DW_PRAC,True,0.99933076
/content/drive/MyDrive/DeepWeeds/dataset/20170727-150645-3.jpg,4,DW_PRAC,4,DW_PRAC,True,0.9927079
/content/drive/MyDrive/DeepWeeds/dataset/20170727-151447-1.jpg,4,DW_PRAC,4,DW_PRAC,True,0.9892236
/content/drive/MyDrive/DeepWeeds/dataset/20170727-151613-1.jpg,4,DW_PRAC,4,DW_PRAC,True,0.99570435
/content/drive/MyDrive/DeepWeeds/dataset/20170727-151953-3.jpg,4,DW_PRAC,4,DW_PRAC,True,0.9979037
/content/drive/MyDrive/DeepWeeds/dataset/20170727-152403-3.jpg,4,DW_PRAC,4,DW_PRAC,True,0.9604096
/content/drive/MyDrive/DeepWeeds/dataset/20170727-152802-1.jpg,4,DW_PRAC,4,DW_PRAC,True,0.99680746
/content/drive/MyDrive/DeepWeeds/dataset/20170727-152845-1.jpg,4,DW_PRAC,4,DW_PRAC,True,0.92704034
/content/drive/MyDrive/DeepWeeds/dataset/20170727-152953-1.jpg,4,DW_PRAC,4,DW_PRAC,True,0.99638355
/content/drive/MyDrive/DeepWeeds/dataset/20170727-153017-3.jpg,4,DW_PRAC,4,DW_PRAC,True,0.99998915
/content/drive/MyDrive/DeepWeeds/dataset/20170727-154134-1.jpg,4,DW_PRAC,4,DW_PRAC,True,0.9886402
/content/drive/MyDrive/DeepWeeds/dataset/20170727-154439-1.jpg,4,DW_PRAC,4,DW_PRAC,True,0.9863993
/content/drive/MyDrive/DeepWeeds/dataset/20170727-154716-1.jpg,4,DW_PRAC,4,DW_PRAC,True,0.8888224
/content/drive/MyDrive/DeepWeeds/dataset/20170727-155224-1.jpg,8,DW_NEG,4,DW_PRAC,False,0.95675504
/content/drive/MyDrive/DeepWeeds/dataset/20170727-155330-1.jpg,4,DW_PRAC,4,DW_PRAC,True,0.93456346
/content/drive/MyDrive/DeepWeeds/dataset/20170727-155556-1.jpg,4,DW_PRAC,4,DW_PRAC,True,0.996739
/content/drive/MyDrive/DeepWeeds/dataset/20170727-155712-1.jpg,4,DW_PRAC,4,DW_PRAC,True,0.99859315
/content/drive/MyDrive/DeepWeeds/dataset/20170727-162343-1.jpg,4,DW_PRAC,4,DW_PRAC,True,0.99820006
/content/drive/MyDrive/DeepWeeds/dataset/20170727-162546-1.jpg,4,DW_PRAC,4,DW_PRAC,True,0.9996965
/content/drive/MyDrive/DeepWeeds/dataset/20170727-162713-3.jpg,4,DW_PRAC,4,DW_PRAC,True,0.9988965
/content/drive/MyDrive/DeepWeeds/dataset/20170727-162837-1.jpg,4,DW_PRAC,4,DW_PRAC,True,0.9981981
/content/drive/MyDrive/DeepWeeds/dataset/20170727-163001-1.jpg,4,DW_PRAC,4,DW_PRAC,True,0.9621293
/content/drive/MyDrive/DeepWeeds/dataset/20170727-163200-1.jpg,4,DW_PRAC,4,DW_PRAC,True,0.9990361
/content/drive/MyDrive/DeepWeeds/dataset/20170727-163756-3.jpg,4,DW_PRAC,4,DW_PRAC,True,0.91347617
/content/drive/MyDrive/DeepWeeds/dataset/20170727-164023-1.jpg,4,DW_PRAC,4,DW_PRAC,True,0.9611598
/content/drive/MyDrive/DeepWeeds/dataset/20170727-164126-1.jpg,4,DW_PRAC,4,DW_PRAC,True,0.8929254
/content/drive/MyDrive/DeepWeeds/dataset/20170727-164248-3.jpg,4,DW_PRAC,4,DW_PRAC,True,0.65530294
/content/drive/MyDrive/DeepWeeds/dataset/20170727-164539-1.jpg,4,DW_PRAC,4,DW_PRAC,True,0.97812486
/content/drive/MyDrive/DeepWeeds/dataset/20170727-164636-1.jpg,4,DW_PRAC,4,DW_PRAC,True,0.98177046
/content/drive/MyDrive/DeepWeeds/dataset/20170727-165148-1.jpg,4,DW_PRAC,4,DW_PRAC,True,0.999062
/content/drive/MyDrive/DeepWeeds/dataset/20170727-165320-1.jpg,4,DW_PRAC,4,DW_PRAC,True,0.97132564
/content/drive/MyDrive/DeepWeeds/dataset/20170727-165433-3.jpg,4,DW_PRAC,4,DW_PRAC,True,0.9999254
/content/drive/MyDrive/DeepWeeds/dataset/20170727-165544-1.jpg,4,DW_PRAC,4,DW_PRAC,True,0.99834275
/content/drive/MyDrive/DeepWeeds/dataset/20170727-165715-1.jpg,4,DW_PRAC,4,DW_PRAC,True,0.9998517
/content/drive/MyDrive/DeepWeeds/dataset/20170727-170007-1.jpg,4,DW_PRAC,4,DW_PRAC,True,0.995138
/content/drive/MyDrive/DeepWeeds/dataset/20170727-170217-1.jpg,4,DW_PRAC,4,DW_PRAC,True,0.99832267
/content/drive/MyDrive/DeepWeeds/dataset/20170727-170437-1.jpg,8,DW_NEG,4,DW_PRAC,False,0.610361
/content/drive/MyDrive/DeepWeeds/dataset/20170727-170649-1.jpg,4,DW_PRAC,4,DW_PRAC,True,0.9992015
/content/drive/MyDrive/DeepWeeds/dataset/20170727-170810-3.jpg,4,DW_PRAC,4,DW_PRAC,True,0.83227056
/content/drive/MyDrive/DeepWeeds/dataset/20170727-170947-1.jpg,4,DW_PRAC,4,DW_PRAC,True,0.8862195
/content/drive/MyDrive/DeepWeeds/dataset/20170727-171052-3.jpg,4,DW_PRAC,4,DW_PRAC,True,0.99788564
/content/drive/MyDrive/DeepWeeds/dataset/20170727-171203-1.jpg,4,DW_PRAC,4,DW_PRAC,True,0.9998228
/content/drive/MyDrive/DeepWeeds/dataset/20170727-171518-1.jpg,4,DW_PRAC,4,DW_PRAC,True,0.98980194
/content/drive/MyDrive/DeepWeeds/dataset/20170727-171618-3.jpg,4,DW_PRAC,4,DW_PRAC,True,0.9771398
/content/drive/MyDrive/DeepWeeds/dataset/20170727-171709-3.jpg,4,DW_PRAC,4,DW_PRAC,True,0.8933716
/content/drive/MyDrive/DeepWeeds/dataset/20170727-171755-2.jpg,4,DW_PRAC,4,DW_PRAC,True,0.9985967
/content/drive/MyDrive/DeepWeeds/dataset/20170727-171755-3.jpg,4,DW_PRAC,4,DW_PRAC,True,0.8179234
/content/drive/MyDrive/DeepWeeds/dataset/20170727-171839-1.jpg,4,DW_PRAC,4,DW_PRAC,True,0.97689545
/content/drive/MyDrive/DeepWeeds/dataset/20170727-171942-1.jpg,4,DW_PRAC,4,DW_PRAC,True,0.9620961
/content/drive/MyDrive/DeepWeeds/dataset/20170728-115256-1.jpg,4,DW_PRAC,4,DW_PRAC,True,0.8368972
/content/drive/MyDrive/DeepWeeds/dataset/20170728-120134-2.jpg,4,DW_PRAC,4,DW_PRAC,True,0.99978274
/content/drive/MyDrive/DeepWeeds/dataset/20170728-120207-2.jpg,4,DW_PRAC,4,DW_PRAC,True,0.9936813
/content/drive/MyDrive/DeepWeeds/dataset/20170728-120435-2.jpg,4,DW_PRAC,4,DW_PRAC,True,0.9944924
/content/drive/MyDrive/DeepWeeds/dataset/20170728-120534-2.jpg,4,DW_PRAC,4,DW_PRAC,True,0.9923602
/content/drive/MyDrive/DeepWeeds/dataset/20170728-120900-2.jpg,4,DW_PRAC,4,DW_PRAC,True,0.97802484
/content/drive/MyDrive/DeepWeeds/dataset/20170728-121232-2.jpg,4,DW_PRAC,4,DW_PRAC,True,0.8895472
/content/drive/MyDrive/DeepWeeds/dataset/20170728-121353-2.jpg,4,DW_PRAC,4,DW_PRAC,True,0.9494333
/content/drive/MyDrive/DeepWeeds/dataset/20170728-121519-2.jpg,4,DW_PRAC,4,DW_PRAC,True,0.99982846
/content/drive/MyDrive/DeepWeeds/dataset/20170728-121823-2.jpg,4,DW_PRAC,4,DW_PRAC,True,0.9781672
/content/drive/MyDrive/DeepWeeds/dataset/20170728-122008-2.jpg,4,DW_PRAC,4,DW_PRAC,True,0.999295
/content/drive/MyDrive/DeepWeeds/dataset/20170728-122106-2.jpg,4,DW_PRAC,4,DW_PRAC,True,0.99043334
/content/drive/MyDrive/DeepWeeds/dataset/20170728-122306-3.jpg,4,DW_PRAC,4,DW_PRAC,True,0.9784808
/content/drive/MyDrive/DeepWeeds/dataset/20170728-122338-2.jpg,4,DW_PRAC,4,DW_PRAC,True,0.9811288
/content/drive/MyDrive/DeepWeeds/dataset/20170728-122435-2.jpg,4,DW_PRAC,4,DW_PRAC,True,0.9587456
/content/drive/MyDrive/DeepWeeds/dataset/20170728-122456-2.jpg,4,DW_PRAC,4,DW_PRAC,True,0.9963806
/content/drive/MyDrive/DeepWeeds/dataset/20170728-122620-3.jpg,4,DW_PRAC,4,DW_PRAC,True,0.9718037
/content/drive/MyDrive/DeepWeeds/dataset/20170728-122736-2.jpg,4,DW_PRAC,4,DW_PRAC,True,0.9701315
/content/drive/MyDrive/DeepWeeds/dataset/20170728-123000-2.jpg,4,DW_PRAC,4,DW_PRAC,True,0.87689734
/content/drive/MyDrive/DeepWeeds/dataset/20170728-123035-2.jpg,4,DW_PRAC,4,DW_PRAC,True,0.9987305
/content/drive/MyDrive/DeepWeeds/dataset/20170728-123815-3.jpg,4,DW_PRAC,4,DW_PRAC,True,0.99977404
/content/drive/MyDrive/DeepWeeds/dataset/20170728-124106-2.jpg,4,DW_PRAC,4,DW_PRAC,True,0.9065801
/content/drive/MyDrive/DeepWeeds/dataset/20170728-124313-3.jpg,4,DW_PRAC,4,DW_PRAC,True,0.70768493
/content/drive/MyDrive/DeepWeeds/dataset/20170728-124451-2.jpg,4,DW_PRAC,4,DW_PRAC,True,0.91098446
/content/drive/MyDrive/DeepWeeds/dataset/20170728-124642-2.jpg,4,DW_PRAC,4,DW_PRAC,True,0.99943703
/content/drive/MyDrive/DeepWeeds/dataset/20170728-124749-2.jpg,4,DW_PRAC,4,DW_PRAC,True,0.99819714
/content/drive/MyDrive/DeepWeeds/dataset/20170728-124827-2.jpg,4,DW_PRAC,4,DW_PRAC,True,0.99920803
/content/drive/MyDrive/DeepWeeds/dataset/20170728-125031-2.jpg,4,DW_PRAC,4,DW_PRAC,True,0.9883887
/content/drive/MyDrive/DeepWeeds/dataset/20170728-125054-3.jpg,4,DW_PRAC,4,DW_PRAC,True,0.99101907
/content/drive/MyDrive/DeepWeeds/dataset/20170728-125317-2.jpg,4,DW_PRAC,4,DW_PRAC,True,0.99699783
/content/drive/MyDrive/DeepWeeds/dataset/20170728-125433-3.jpg,4,DW_PRAC,4,DW_PRAC,True,0.8626096
/content/drive/MyDrive/DeepWeeds/dataset/20170728-125810-3.jpg,4,DW_PRAC,4,DW_PRAC,True,0.9423234
/content/drive/MyDrive/DeepWeeds/dataset/20170728-145909-1.jpg,8,DW_NEG,2,DW_PARK,False,0.61617404
/content/drive/MyDrive/DeepWeeds/dataset/20170728-150105-1.jpg,4,DW_PRAC,8,DW_NEG,False,0.56192935
/content/drive/MyDrive/DeepWeeds/dataset/20170728-150215-1.jpg,4,DW_PRAC,4,DW_PRAC,True,0.9033285
/content/drive/MyDrive/DeepWeeds/dataset/20170728-150426-3.jpg,8,DW_NEG,4,DW_PRAC,False,0.55619395
/content/drive/MyDrive/DeepWeeds/dataset/20170728-150511-3.jpg,8,DW_NEG,4,DW_PRAC,False,0.74836236
/content/drive/MyDrive/DeepWeeds/dataset/20170728-150813-1.jpg,8,DW_NEG,4,DW_PRAC,False,0.7004702
/content/drive/MyDrive/DeepWeeds/dataset/20170728-150847-1.jpg,4,DW_PRAC,4,DW_PRAC,True,0.99662834
/content/drive/MyDrive/DeepWeeds/dataset/20170728-150952-1.jpg,4,DW_PRAC,4,DW_PRAC,True,0.97772616
/content/drive/MyDrive/DeepWeeds/dataset/20170728-151413-1.jpg,8,DW_NEG,4,DW_PRAC,False,0.89526016
/content/drive/MyDrive/DeepWeeds/dataset/20170728-151548-2.jpg,4,DW_PRAC,4,DW_PRAC,True,0.9891424
/content/drive/MyDrive/DeepWeeds/dataset/20170728-151846-1.jpg,8,DW_NEG,4,DW_PRAC,False,0.7952748
/content/drive/MyDrive/DeepWeeds/dataset/20170728-151858-2.jpg,4,DW_PRAC,4,DW_PRAC,True,0.502698
/content/drive/MyDrive/DeepWeeds/dataset/20170728-152054-1.jpg,8,DW_NEG,4,DW_PRAC,False,0.9870718
/content/drive/MyDrive/DeepWeeds/dataset/20170728-152216-1.jpg,4,DW_PRAC,4,DW_PRAC,True,0.98792994
/content/drive/MyDrive/DeepWeeds/dataset/20170728-152245-3.jpg,8,DW_NEG,4,DW_PRAC,False,0.9686263
/content/drive/MyDrive/DeepWeeds/dataset/20170728-152532-1.jpg,4,DW_PRAC,4,DW_PRAC,True,0.9009354
/content/drive/MyDrive/DeepWeeds/dataset/20170728-152722-2.jpg,4,DW_PRAC,4,DW_PRAC,True,0.9989667
/content/drive/MyDrive/DeepWeeds/dataset/20170728-152827-3.jpg,8,DW_NEG,4,DW_PRAC,False,0.9977799
/content/drive/MyDrive/DeepWeeds/dataset/20170728-152836-2.jpg,4,DW_PRAC,4,DW_PRAC,True,0.9972493
/content/drive/MyDrive/DeepWeeds/dataset/20170728-153122-1.jpg,8,DW_NEG,4,DW_PRAC,False,0.8968592
/content/drive/MyDrive/DeepWeeds/dataset/20170728-153128-1.jpg,4,DW_PRAC,4,DW_PRAC,True,0.7535766
/content/drive/MyDrive/DeepWeeds/dataset/20170728-153152-2.jpg,4,DW_PRAC,4,DW_PRAC,True,0.99400556
/content/drive/MyDrive/DeepWeeds/dataset/20170728-153256-3.jpg,8,DW_NEG,4,DW_PRAC,False,0.99992406
/content/drive/MyDrive/DeepWeeds/dataset/20170728-153449-2.jpg,4,DW_PRAC,4,DW_PRAC,True,0.9803643
/content/drive/MyDrive/DeepWeeds/dataset/20170728-153536-3.jpg,8,DW_NEG,4,DW_PRAC,False,0.998808
/content/drive/MyDrive/DeepWeeds/dataset/20170728-153614-1.jpg,8,DW_NEG,4,DW_PRAC,False,0.9396522
/content/drive/MyDrive/DeepWeeds/dataset/20170728-154000-3.jpg,8,DW_NEG,4,DW_PRAC,False,0.9953068
/content/drive/MyDrive/DeepWeeds/dataset/20170728-154142-1.jpg,4,DW_PRAC,4,DW_PRAC,True,0.9994254
/content/drive/MyDrive/DeepWeeds/dataset/20170728-154302-3.jpg,8,DW_NEG,4,DW_PRAC,False,0.9751568
/content/drive/MyDrive/DeepWeeds/dataset/20170728-154705-1.jpg,4,DW_PRAC,4,DW_PRAC,True,0.9975293
/content/drive/MyDrive/DeepWeeds/dataset/20170728-155251-1.jpg,4,DW_PRAC,4,DW_PRAC,True,0.8061716
/content/drive/MyDrive/DeepWeeds/dataset/20170729-085836-3.jpg,4,DW_PRAC,4,DW_PRAC,True,0.81011057
/content/drive/MyDrive/DeepWeeds/dataset/20170729-085926-1.jpg,4,DW_PRAC,4,DW_PRAC,True,0.61691755
/content/drive/MyDrive/DeepWeeds/dataset/20170729-085955-3.jpg,4,DW_PRAC,4,DW_PRAC,True,0.99682945
/content/drive/MyDrive/DeepWeeds/dataset/20170729-090140-1.jpg,4,DW_PRAC,4,DW_PRAC,True,0.97127706
/content/drive/MyDrive/DeepWeeds/dataset/20170729-090346-1.jpg,4,DW_PRAC,4,DW_PRAC,True,0.9999578
/content/drive/MyDrive/DeepWeeds/dataset/20170729-090408-1.jpg,4,DW_PRAC,4,DW_PRAC,True,0.99931216
/content/drive/MyDrive/DeepWeeds/dataset/20170729-090602-1.jpg,4,DW_PRAC,4,DW_PRAC,True,0.89132017
/content/drive/MyDrive/DeepWeeds/dataset/20170729-090812-1.jpg,4,DW_PRAC,4,DW_PRAC,True,0.9945333
/content/drive/MyDrive/DeepWeeds/dataset/20170729-091011-1.jpg,4,DW_PRAC,4,DW_PRAC,True,0.9831064
/content/drive/MyDrive/DeepWeeds/dataset/20170729-091101-1.jpg,4,DW_PRAC,4,DW_PRAC,True,0.94121546
/content/drive/MyDrive/DeepWeeds/dataset/20170729-091105-2.jpg,4,DW_PRAC,4,DW_PRAC,True,0.99703884
/content/drive/MyDrive/DeepWeeds/dataset/20170729-091718-1.jpg,4,DW_PRAC,4,DW_PRAC,True,0.99535733
/content/drive/MyDrive/DeepWeeds/dataset/20170729-091749-2.jpg,4,DW_PRAC,4,DW_PRAC,True,0.985543
/content/drive/MyDrive/DeepWeeds/dataset/20170729-092018-1.jpg,4,DW_PRAC,7,DW_SNWE,False,0.90098983
/content/drive/MyDrive/DeepWeeds/dataset/20170729-092200-2.jpg,4,DW_PRAC,4,DW_PRAC,True,0.9942737
/content/drive/MyDrive/DeepWeeds/dataset/20170729-092240-1.jpg,4,DW_PRAC,4,DW_PRAC,True,0.99907136
/content/drive/MyDrive/DeepWeeds/dataset/20170729-092430-1.jpg,4,DW_PRAC,4,DW_PRAC,True,0.6679793
/content/drive/MyDrive/DeepWeeds/dataset/20170729-092523-1.jpg,4,DW_PRAC,4,DW_PRAC,True,0.9995908
/content/drive/MyDrive/DeepWeeds/dataset/20170729-092652-1.jpg,4,DW_PRAC,4,DW_PRAC,True,0.86251235
/content/drive/MyDrive/DeepWeeds/dataset/20170729-092752-1.jpg,4,DW_PRAC,4,DW_PRAC,True,0.9990484
/content/drive/MyDrive/DeepWeeds/dataset/20170729-092837-2.jpg,4,DW_PRAC,4,DW_PRAC,True,0.9272833
/content/drive/MyDrive/DeepWeeds/dataset/20170729-092929-2.jpg,4,DW_PRAC,4,DW_PRAC,True,0.97796154
/content/drive/MyDrive/DeepWeeds/dataset/20170729-093015-3.jpg,8,DW_NEG,4,DW_PRAC,False,0.90036327
/content/drive/MyDrive/DeepWeeds/dataset/20170729-093227-2.jpg,4,DW_PRAC,4,DW_PRAC,True,0.99990475
/content/drive/MyDrive/DeepWeeds/dataset/20170729-093431-2.jpg,4,DW_PRAC,4,DW_PRAC,True,0.9994215
/content/drive/MyDrive/DeepWeeds/dataset/20170729-093609-2.jpg,4,DW_PRAC,4,DW_PRAC,True,0.9988675
/content/drive/MyDrive/DeepWeeds/dataset/20170729-153313-3.jpg,4,DW_PRAC,4,DW_PRAC,True,0.996748
/content/drive/MyDrive/DeepWeeds/dataset/20170729-153504-3.jpg,4,DW_PRAC,4,DW_PRAC,True,0.9857333
/content/drive/MyDrive/DeepWeeds/dataset/20170729-153538-3.jpg,4,DW_PRAC,4,DW_PRAC,True,0.9911283
/content/drive/MyDrive/DeepWeeds/dataset/20170729-153742-3.jpg,4,DW_PRAC,4,DW_PRAC,True,0.99916923
/content/drive/MyDrive/DeepWeeds/dataset/20170729-154133-3.jpg,4,DW_PRAC,4,DW_PRAC,True,0.873904
/content/drive/MyDrive/DeepWeeds/dataset/20170729-154609-3.jpg,4,DW_PRAC,4,DW_PRAC,True,0.54879194
/content/drive/MyDrive/DeepWeeds/dataset/20170803-131501-1.jpg,0,DW_CHAP,7,DW_SNWE,False,0.42260033
/content/drive/MyDrive/DeepWeeds/dataset/20170803-132255-1.jpg,7,DW_SNWE,7,DW_SNWE,True,0.74385697
/content/drive/MyDrive/DeepWeeds/dataset/20170804-132430-1.jpg,1,DW_LANT,1,DW_LANT,True,0.5498765
/content/drive/MyDrive/DeepWeeds/dataset/20170804-133024-1.jpg,0,DW_CHAP,5,DW_RUBV,False,0.805265
/content/drive/MyDrive/DeepWeeds/dataset/20170811-100750-2.jpg,0,DW_CHAP,0,DW_CHAP,True,0.9696585
/content/drive/MyDrive/DeepWeeds/dataset/20170811-103503-2.jpg,0,DW_CHAP,7,DW_SNWE,False,0.787985
/content/drive/MyDrive/DeepWeeds/dataset/20170811-103645-2.jpg,0,DW_CHAP,0,DW_CHAP,True,0.99412835
/content/drive/MyDrive/DeepWeeds/dataset/20170811-103813-2.jpg,0,DW_CHAP,0,DW_CHAP,True,0.9437424
/content/drive/MyDrive/DeepWeeds/dataset/20170811-103929-2.jpg,0,DW_CHAP,7,DW_SNWE,False,0.5881314
/content/drive/MyDrive/DeepWeeds/dataset/20170811-104139-1.jpg,0,DW_CHAP,0,DW_CHAP,True,0.9993512
/content/drive/MyDrive/DeepWeeds/dataset/20170811-104353-2.jpg,0,DW_CHAP,0,DW_CHAP,True,0.54585147
/content/drive/MyDrive/DeepWeeds/dataset/20170811-104441-2.jpg,0,DW_CHAP,7,DW_SNWE,False,0.74331135
/content/drive/MyDrive/DeepWeeds/dataset/20170811-104623-2.jpg,0,DW_CHAP,0,DW_CHAP,True,0.9947661
/content/drive/MyDrive/DeepWeeds/dataset/20170811-104804-2.jpg,0,DW_CHAP,0,DW_CHAP,True,0.90643156
/content/drive/MyDrive/DeepWeeds/dataset/20170811-105123-2.jpg,0,DW_CHAP,8,DW_NEG,False,0.62551224
/content/drive/MyDrive/DeepWeeds/dataset/20170811-110245-2.jpg,0,DW_CHAP,0,DW_CHAP,True,0.9998971
/content/drive/MyDrive/DeepWeeds/dataset/20170811-110609-1.jpg,0,DW_CHAP,0,DW_CHAP,True,0.9885387
/content/drive/MyDrive/DeepWeeds/dataset/20170811-111114-2.jpg,0,DW_CHAP,0,DW_CHAP,True,0.99208236
/content/drive/MyDrive/DeepWeeds/dataset/20170811-111301-2.jpg,0,DW_CHAP,0,DW_CHAP,True,0.996036
/content/drive/MyDrive/DeepWeeds/dataset/20170811-111413-1.jpg,0,DW_CHAP,0,DW_CHAP,True,0.99993527
/content/drive/MyDrive/DeepWeeds/dataset/20170811-112522-2.jpg,0,DW_CHAP,0,DW_CHAP,True,0.7500139
/content/drive/MyDrive/DeepWeeds/dataset/20170811-112727-1.jpg,0,DW_CHAP,0,DW_CHAP,True,0.9902596
/content/drive/MyDrive/DeepWeeds/dataset/20170811-112959-2.jpg,0,DW_CHAP,0,DW_CHAP,True,0.5371558
/content/drive/MyDrive/DeepWeeds/dataset/20170811-113501-1.jpg,0,DW_CHAP,7,DW_SNWE,False,0.6717034
/content/drive/MyDrive/DeepWeeds/dataset/20170811-113755-1.jpg,0,DW_CHAP,8,DW_NEG,False,0.8990987
/content/drive/MyDrive/DeepWeeds/dataset/20170811-114019-1.jpg,0,DW_CHAP,0,DW_CHAP,True,0.9292192
/content/drive/MyDrive/DeepWeeds/dataset/20170811-114143-2.jpg,0,DW_CHAP,0,DW_CHAP,True,0.6113285
/content/drive/MyDrive/DeepWeeds/dataset/20170811-114743-2.jpg,0,DW_CHAP,0,DW_CHAP,True,0.94920266
/content/drive/MyDrive/DeepWeeds/dataset/20170811-114958-2.jpg,0,DW_CHAP,0,DW_CHAP,True,0.76270044
/content/drive/MyDrive/DeepWeeds/dataset/20170811-115130-2.jpg,0,DW_CHAP,0,DW_CHAP,True,0.6378629
/content/drive/MyDrive/DeepWeeds/dataset/20170811-122609-2.jpg,0,DW_CHAP,0,DW_CHAP,True,0.997675
/content/drive/MyDrive/DeepWeeds/dataset/20170811-122809-2.jpg,0,DW_CHAP,0,DW_CHAP,True,0.98026246
/content/drive/MyDrive/DeepWeeds/dataset/20170811-123016-2.jpg,0,DW_CHAP,0,DW_CHAP,True,0.99845517
/content/drive/MyDrive/DeepWeeds/dataset/20170811-123636-2.jpg,0,DW_CHAP,0,DW_CHAP,True,0.9922577
/content/drive/MyDrive/DeepWeeds/dataset/20170811-124710-1.jpg,0,DW_CHAP,0,DW_CHAP,True,0.5409896
/content/drive/MyDrive/DeepWeeds/dataset/20170811-124841-2.jpg,0,DW_CHAP,0,DW_CHAP,True,0.9617674
/content/drive/MyDrive/DeepWeeds/dataset/20170811-125030-1.jpg,0,DW_CHAP,0,DW_CHAP,True,0.75707513
/content/drive/MyDrive/DeepWeeds/dataset/20170811-125055-1.jpg,0,DW_CHAP,0,DW_CHAP,True,0.32864845
/content/drive/MyDrive/DeepWeeds/dataset/20170811-125323-1.jpg,0,DW_CHAP,7,DW_SNWE,False,0.532108
/content/drive/MyDrive/DeepWeeds/dataset/20170811-125323-2.jpg,0,DW_CHAP,0,DW_CHAP,True,0.9295493
/content/drive/MyDrive/DeepWeeds/dataset/20170811-125610-1.jpg,0,DW_CHAP,0,DW_CHAP,True,0.75404733
/content/drive/MyDrive/DeepWeeds/dataset/20170811-125920-1.jpg,0,DW_CHAP,0,DW_CHAP,True,0.56578755
/content/drive/MyDrive/DeepWeeds/dataset/20170811-130221-1.jpg,0,DW_CHAP,0,DW_CHAP,True,0.9991837
/content/drive/MyDrive/DeepWeeds/dataset/20170811-130352-2.jpg,0,DW_CHAP,0,DW_CHAP,True,0.9936894
/content/drive/MyDrive/DeepWeeds/dataset/20170811-130639-1.jpg,0,DW_CHAP,7,DW_SNWE,False,0.32418945
/content/drive/MyDrive/DeepWeeds/dataset/20170811-131045-1.jpg,0,DW_CHAP,0,DW_CHAP,True,0.72415876
/content/drive/MyDrive/DeepWeeds/dataset/20170811-131052-2.jpg,0,DW_CHAP,0,DW_CHAP,True,0.9948061
/content/drive/MyDrive/DeepWeeds/dataset/20170811-131255-1.jpg,0,DW_CHAP,7,DW_SNWE,False,0.69001466
/content/drive/MyDrive/DeepWeeds/dataset/20170811-131454-1.jpg,0,DW_CHAP,7,DW_SNWE,False,0.304787
/content/drive/MyDrive/DeepWeeds/dataset/20170811-131532-2.jpg,0,DW_CHAP,0,DW_CHAP,True,0.99861467
/content/drive/MyDrive/DeepWeeds/dataset/20170811-132405-2.jpg,0,DW_CHAP,0,DW_CHAP,True,0.63736486
/content/drive/MyDrive/DeepWeeds/dataset/20170811-132518-1.jpg,0,DW_CHAP,0,DW_CHAP,True,0.59745604
/content/drive/MyDrive/DeepWeeds/dataset/20170811-132606-1.jpg,0,DW_CHAP,0,DW_CHAP,True,0.99911946
/content/drive/MyDrive/DeepWeeds/dataset/20170811-132732-1.jpg,0,DW_CHAP,0,DW_CHAP,True,0.9966203
/content/drive/MyDrive/DeepWeeds/dataset/20170811-133033-1.jpg,0,DW_CHAP,0,DW_CHAP,True,0.9421397
/content/drive/MyDrive/DeepWeeds/dataset/20170811-133219-2.jpg,0,DW_CHAP,0,DW_CHAP,True,0.6802976
/content/drive/MyDrive/DeepWeeds/dataset/20170811-133320-1.jpg,0,DW_CHAP,0,DW_CHAP,True,0.97289354
/content/drive/MyDrive/DeepWeeds/dataset/20170811-133606-2.jpg,0,DW_CHAP,6,DW_SIWE,False,0.39464468
/content/drive/MyDrive/DeepWeeds/dataset/20170811-133631-2.jpg,0,DW_CHAP,7,DW_SNWE,False,0.48988658
/content/drive/MyDrive/DeepWeeds/dataset/20170811-133720-2.jpg,0,DW_CHAP,0,DW_CHAP,True,0.76603144
/content/drive/MyDrive/DeepWeeds/dataset/20170811-133943-2.jpg,0,DW_CHAP,7,DW_SNWE,False,0.7713804
/content/drive/MyDrive/DeepWeeds/dataset/20170811-134007-1.jpg,0,DW_CHAP,0,DW_CHAP,True,0.88481647
/content/drive/MyDrive/DeepWeeds/dataset/20170811-134128-1.jpg,0,DW_CHAP,0,DW_CHAP,True,0.9796657
/content/drive/MyDrive/DeepWeeds/dataset/20170811-134256-1.jpg,0,DW_CHAP,0,DW_CHAP,True,0.99246114
/content/drive/MyDrive/DeepWeeds/dataset/20170811-134409-1.jpg,0,DW_CHAP,0,DW_CHAP,True,0.9977531
/content/drive/MyDrive/DeepWeeds/dataset/20170811-134449-2.jpg,0,DW_CHAP,0,DW_CHAP,True,0.9576672
/content/drive/MyDrive/DeepWeeds/dataset/20170811-134636-2.jpg,0,DW_CHAP,0,DW_CHAP,True,0.43654832
/content/drive/MyDrive/DeepWeeds/dataset/20170811-154839-2.jpg,0,DW_CHAP,0,DW_CHAP,True,0.8163901
/content/drive/MyDrive/DeepWeeds/dataset/20170811-155004-2.jpg,0,DW_CHAP,0,DW_CHAP,True,0.5197643
/content/drive/MyDrive/DeepWeeds/dataset/20170811-155103-2.jpg,0,DW_CHAP,0,DW_CHAP,True,0.9907799
/content/drive/MyDrive/DeepWeeds/dataset/20170811-162102-1.jpg,0,DW_CHAP,0,DW_CHAP,True,0.9909797
/content/drive/MyDrive/DeepWeeds/dataset/20170811-162503-1.jpg,0,DW_CHAP,0,DW_CHAP,True,0.99970955
/content/drive/MyDrive/DeepWeeds/dataset/20170811-163650-1.jpg,0,DW_CHAP,0,DW_CHAP,True,0.9587431
/content/drive/MyDrive/DeepWeeds/dataset/20170906-091751-1.jpg,3,DW_PART,3,DW_PART,True,0.9693179
/content/drive/MyDrive/DeepWeeds/dataset/20170906-092311-1.jpg,3,DW_PART,3,DW_PART,True,0.9729654
/content/drive/MyDrive/DeepWeeds/dataset/20170906-093055-1.jpg,3,DW_PART,3,DW_PART,True,0.38737753
/content/drive/MyDrive/DeepWeeds/dataset/20170906-094133-4.jpg,3,DW_PART,3,DW_PART,True,0.49266204
/content/drive/MyDrive/DeepWeeds/dataset/20170906-094622-1.jpg,3,DW_PART,3,DW_PART,True,0.98577917
/content/drive/MyDrive/DeepWeeds/dataset/20170906-094844-2.jpg,3,DW_PART,3,DW_PART,True,0.5389798
/content/drive/MyDrive/DeepWeeds/dataset/20170906-095922-1.jpg,3,DW_PART,3,DW_PART,True,0.9979843
/content/drive/MyDrive/DeepWeeds/dataset/20170906-100132-1.jpg,3,DW_PART,3,DW_PART,True,0.96260196
/content/drive/MyDrive/DeepWeeds/dataset/20170906-100809-1.jpg,3,DW_PART,6,DW_SIWE,False,0.40533683
/content/drive/MyDrive/DeepWeeds/dataset/20170906-101344-1.jpg,3,DW_PART,3,DW_PART,True,0.9953367
/content/drive/MyDrive/DeepWeeds/dataset/20170906-103622-1.jpg,3,DW_PART,3,DW_PART,True,0.9193758
/content/drive/MyDrive/DeepWeeds/dataset/20170906-103848-1.jpg,3,DW_PART,3,DW_PART,True,0.9992637
/content/drive/MyDrive/DeepWeeds/dataset/20170906-104758-1.jpg,3,DW_PART,3,DW_PART,True,0.9482319
/content/drive/MyDrive/DeepWeeds/dataset/20170906-105128-1.jpg,3,DW_PART,4,DW_PRAC,False,0.7818319
/content/drive/MyDrive/DeepWeeds/dataset/20170906-105324-1.jpg,3,DW_PART,4,DW_PRAC,False,0.5452645
/content/drive/MyDrive/DeepWeeds/dataset/20170906-105821-1.jpg,3,DW_PART,3,DW_PART,True,0.9572165
/content/drive/MyDrive/DeepWeeds/dataset/20170906-110222-1.jpg,3,DW_PART,3,DW_PART,True,0.97874224
/content/drive/MyDrive/DeepWeeds/dataset/20170906-110330-1.jpg,3,DW_PART,0,DW_CHAP,False,0.61110294
/content/drive/MyDrive/DeepWeeds/dataset/20170906-110557-1.jpg,3,DW_PART,3,DW_PART,True,0.99932647
/content/drive/MyDrive/DeepWeeds/dataset/20170906-110802-4.jpg,3,DW_PART,3,DW_PART,True,0.7273426
/content/drive/MyDrive/DeepWeeds/dataset/20170906-111722-1.jpg,3,DW_PART,3,DW_PART,True,0.99713826
/content/drive/MyDrive/DeepWeeds/dataset/20170906-111745-1.jpg,3,DW_PART,3,DW_PART,True,0.9240569
/content/drive/MyDrive/DeepWeeds/dataset/20170906-111956-1.jpg,3,DW_PART,3,DW_PART,True,0.97164863
/content/drive/MyDrive/DeepWeeds/dataset/20170906-112511-2.jpg,3,DW_PART,3,DW_PART,True,0.95882815
/content/drive/MyDrive/DeepWeeds/dataset/20170906-112604-2.jpg,3,DW_PART,3,DW_PART,True,0.9216157
/content/drive/MyDrive/DeepWeeds/dataset/20170906-112821-2.jpg,3,DW_PART,3,DW_PART,True,0.9934869
/content/drive/MyDrive/DeepWeeds/dataset/20170906-113112-4.jpg,3,DW_PART,3,DW_PART,True,0.9745617
/content/drive/MyDrive/DeepWeeds/dataset/20170906-113219-4.jpg,3,DW_PART,3,DW_PART,True,0.968075
/content/drive/MyDrive/DeepWeeds/dataset/20170906-113426-1.jpg,3,DW_PART,3,DW_PART,True,0.9788496
/content/drive/MyDrive/DeepWeeds/dataset/20170906-113558-1.jpg,3,DW_PART,3,DW_PART,True,0.9490726
/content/drive/MyDrive/DeepWeeds/dataset/20170906-113859-1.jpg,3,DW_PART,3,DW_PART,True,0.5808479
/content/drive/MyDrive/DeepWeeds/dataset/20170906-114011-2.jpg,3,DW_PART,3,DW_PART,True,0.98686385
/content/drive/MyDrive/DeepWeeds/dataset/20170906-114254-2.jpg,3,DW_PART,8,DW_NEG,False,0.6005583
/content/drive/MyDrive/DeepWeeds/dataset/20170906-114332-1.jpg,3,DW_PART,3,DW_PART,True,0.95595366
/content/drive/MyDrive/DeepWeeds/dataset/20170906-114810-1.jpg,3,DW_PART,3,DW_PART,True,0.932119
/content/drive/MyDrive/DeepWeeds/dataset/20170906-115056-1.jpg,3,DW_PART,3,DW_PART,True,0.86629516
/content/drive/MyDrive/DeepWeeds/dataset/20170906-115342-1.jpg,3,DW_PART,3,DW_PART,True,0.9215823
/content/drive/MyDrive/DeepWeeds/dataset/20170906-130826-1.jpg,3,DW_PART,3,DW_PART,True,0.43110612
/content/drive/MyDrive/DeepWeeds/dataset/20170906-131829-2.jpg,3,DW_PART,3,DW_PART,True,0.99829286
/content/drive/MyDrive/DeepWeeds/dataset/20170906-132328-1.jpg,3,DW_PART,2,DW_PARK,False,0.45259726
/content/drive/MyDrive/DeepWeeds/dataset/20170906-133106-1.jpg,3,DW_PART,3,DW_PART,True,0.9937137
/content/drive/MyDrive/DeepWeeds/dataset/20170906-133247-1.jpg,3,DW_PART,3,DW_PART,True,0.9978738
/content/drive/MyDrive/DeepWeeds/dataset/20170906-134145-1.jpg,3,DW_PART,3,DW_PART,True,0.63347644
/content/drive/MyDrive/DeepWeeds/dataset/20170906-134516-2.jpg,3,DW_PART,3,DW_PART,True,0.48848408
/content/drive/MyDrive/DeepWeeds/dataset/20170906-135313-1.jpg,3,DW_PART,3,DW_PART,True,0.67175144
/content/drive/MyDrive/DeepWeeds/dataset/20170906-135435-1.jpg,3,DW_PART,3,DW_PART,True,0.6783671
/content/drive/MyDrive/DeepWeeds/dataset/20170906-135705-1.jpg,3,DW_PART,3,DW_PART,True,0.7586103
/content/drive/MyDrive/DeepWeeds/dataset/20170906-140251-1.jpg,3,DW_PART,3,DW_PART,True,0.9961952
/content/drive/MyDrive/DeepWeeds/dataset/20170906-140427-1.jpg,3,DW_PART,4,DW_PRAC,False,0.8502489
/content/drive/MyDrive/DeepWeeds/dataset/20170913-095507-2.jpg,3,DW_PART,5,DW_RUBV,False,0.62337345
/content/drive/MyDrive/DeepWeeds/dataset/20170913-095627-2.jpg,3,DW_PART,3,DW_PART,True,0.93975306
/content/drive/MyDrive/DeepWeeds/dataset/20170913-095721-1.jpg,3,DW_PART,3,DW_PART,True,0.9353718
/content/drive/MyDrive/DeepWeeds/dataset/20170913-100017-2.jpg,3,DW_PART,4,DW_PRAC,False,0.6160574
/content/drive/MyDrive/DeepWeeds/dataset/20170913-100044-1.jpg,3,DW_PART,3,DW_PART,True,0.99979204
/content/drive/MyDrive/DeepWeeds/dataset/20170913-100153-1.jpg,3,DW_PART,3,DW_PART,True,0.996384
/content/drive/MyDrive/DeepWeeds/dataset/20170913-100332-1.jpg,3,DW_PART,3,DW_PART,True,0.74341786
/content/drive/MyDrive/DeepWeeds/dataset/20170913-100339-2.jpg,3,DW_PART,3,DW_PART,True,0.99277765
/content/drive/MyDrive/DeepWeeds/dataset/20170913-100435-2.jpg,3,DW_PART,3,DW_PART,True,0.9864622
/content/drive/MyDrive/DeepWeeds/dataset/20170913-100631-2.jpg,3,DW_PART,3,DW_PART,True,0.8385782
/content/drive/MyDrive/DeepWeeds/dataset/20170913-100746-1.jpg,3,DW_PART,5,DW_RUBV,False,0.62029666
/content/drive/MyDrive/DeepWeeds/dataset/20170913-100817-1.jpg,3,DW_PART,5,DW_RUBV,False,0.9812216
/content/drive/MyDrive/DeepWeeds/dataset/20170913-100918-2.jpg,3,DW_PART,3,DW_PART,True,0.5594743
/content/drive/MyDrive/DeepWeeds/dataset/20170913-101044-2.jpg,3,DW_PART,3,DW_PART,True,0.99460584
/content/drive/MyDrive/DeepWeeds/dataset/20170913-101125-3.jpg,5,DW_RUBV,5,DW_RUBV,True,0.9993843
/content/drive/MyDrive/DeepWeeds/dataset/20170913-101208-2.jpg,3,DW_PART,2,DW_PARK,False,0.8454772
/content/drive/MyDrive/DeepWeeds/dataset/20170913-101243-2.jpg,3,DW_PART,3,DW_PART,True,0.99991
/content/drive/MyDrive/DeepWeeds/dataset/20170913-101430-2.jpg,3,DW_PART,5,DW_RUBV,False,0.4617406
/content/drive/MyDrive/DeepWeeds/dataset/20170913-101449-2.jpg,3,DW_PART,3,DW_PART,True,0.93481
/content/drive/MyDrive/DeepWeeds/dataset/20170913-101538-3.jpg,5,DW_RUBV,5,DW_RUBV,True,0.9862699
/content/drive/MyDrive/DeepWeeds/dataset/20170913-101930-2.jpg,3,DW_PART,3,DW_PART,True,0.986938
/content/drive/MyDrive/DeepWeeds/dataset/20170913-101959-2.jpg,3,DW_PART,3,DW_PART,True,0.9992673
/content/drive/MyDrive/DeepWeeds/dataset/20170913-102030-3.jpg,5,DW_RUBV,5,DW_RUBV,True,0.9999815
/content/drive/MyDrive/DeepWeeds/dataset/20170913-102241-3.jpg,5,DW_RUBV,5,DW_RUBV,True,0.99611914
/content/drive/MyDrive/DeepWeeds/dataset/20170913-102316-3.jpg,5,DW_RUBV,5,DW_RUBV,True,0.79493415
/content/drive/MyDrive/DeepWeeds/dataset/20170913-102531-3.jpg,5,DW_RUBV,5,DW_RUBV,True,0.912819
/content/drive/MyDrive/DeepWeeds/dataset/20170913-102554-2.jpg,3,DW_PART,3,DW_PART,True,0.9892865
/content/drive/MyDrive/DeepWeeds/dataset/20170913-102722-2.jpg,3,DW_PART,3,DW_PART,True,0.94085133
/content/drive/MyDrive/DeepWeeds/dataset/20170913-102830-2.jpg,3,DW_PART,2,DW_PARK,False,0.8145275
/content/drive/MyDrive/DeepWeeds/dataset/20170913-102846-2.jpg,3,DW_PART,3,DW_PART,True,0.99998426
/content/drive/MyDrive/DeepWeeds/dataset/20170913-103112-2.jpg,3,DW_PART,3,DW_PART,True,0.9999769
/content/drive/MyDrive/DeepWeeds/dataset/20170913-103205-1.jpg,3,DW_PART,3,DW_PART,True,0.9603436
/content/drive/MyDrive/DeepWeeds/dataset/20170913-103325-1.jpg,3,DW_PART,3,DW_PART,True,0.73612756
/content/drive/MyDrive/DeepWeeds/dataset/20170913-103455-2.jpg,3,DW_PART,3,DW_PART,True,0.67572933
/content/drive/MyDrive/DeepWeeds/dataset/20170913-103603-3.jpg,5,DW_RUBV,5,DW_RUBV,True,0.99108195
/content/drive/MyDrive/DeepWeeds/dataset/20170913-103603-2.jpg,3,DW_PART,5,DW_RUBV,False,0.90871507
/content/drive/MyDrive/DeepWeeds/dataset/20170913-103628-2.jpg,3,DW_PART,3,DW_PART,True,0.9954352
/content/drive/MyDrive/DeepWeeds/dataset/20170913-103816-1.jpg,3,DW_PART,3,DW_PART,True,0.98049265
/content/drive/MyDrive/DeepWeeds/dataset/20170913-103910-2.jpg,3,DW_PART,5,DW_RUBV,False,0.58989185
/content/drive/MyDrive/DeepWeeds/dataset/20170913-104009-2.jpg,3,DW_PART,3,DW_PART,True,0.8404016
/content/drive/MyDrive/DeepWeeds/dataset/20170913-104029-3.jpg,5,DW_RUBV,5,DW_RUBV,True,0.99979097
/content/drive/MyDrive/DeepWeeds/dataset/20170913-104151-2.jpg,3,DW_PART,3,DW_PART,True,0.9917802
/content/drive/MyDrive/DeepWeeds/dataset/20170913-104338-2.jpg,3,DW_PART,3,DW_PART,True,0.9147256
/content/drive/MyDrive/DeepWeeds/dataset/20170913-104513-2.jpg,3,DW_PART,3,DW_PART,True,0.8304483
/content/drive/MyDrive/DeepWeeds/dataset/20170913-104650-2.jpg,3,DW_PART,3,DW_PART,True,0.98226285
/content/drive/MyDrive/DeepWeeds/dataset/20170913-104753-2.jpg,3,DW_PART,3,DW_PART,True,0.98397774
/content/drive/MyDrive/DeepWeeds/dataset/20170913-104923-2.jpg,3,DW_PART,3,DW_PART,True,0.96808517
/content/drive/MyDrive/DeepWeeds/dataset/20170913-104934-3.jpg,5,DW_RUBV,8,DW_NEG,False,0.61376846
/content/drive/MyDrive/DeepWeeds/dataset/20170913-105137-1.jpg,3,DW_PART,3,DW_PART,True,0.8120934
/content/drive/MyDrive/DeepWeeds/dataset/20170913-105406-1.jpg,3,DW_PART,3,DW_PART,True,0.9816425
/content/drive/MyDrive/DeepWeeds/dataset/20170913-105513-1.jpg,3,DW_PART,3,DW_PART,True,0.9966306
/content/drive/MyDrive/DeepWeeds/dataset/20170913-105638-2.jpg,3,DW_PART,2,DW_PARK,False,0.6093442
/content/drive/MyDrive/DeepWeeds/dataset/20170913-105750-2.jpg,3,DW_PART,3,DW_PART,True,0.9991947
/content/drive/MyDrive/DeepWeeds/dataset/20170913-105801-2.jpg,3,DW_PART,5,DW_RUBV,False,0.66253126
/content/drive/MyDrive/DeepWeeds/dataset/20170913-105901-3.jpg,5,DW_RUBV,5,DW_RUBV,True,0.94501704
/content/drive/MyDrive/DeepWeeds/dataset/20170913-105923-2.jpg,3,DW_PART,3,DW_PART,True,0.98368037
/content/drive/MyDrive/DeepWeeds/dataset/20170913-110131-2.jpg,3,DW_PART,8,DW_NEG,False,0.51281905
/content/drive/MyDrive/DeepWeeds/dataset/20170913-110220-2.jpg,3,DW_PART,3,DW_PART,True,0.9773458
/content/drive/MyDrive/DeepWeeds/dataset/20170913-110433-3.jpg,5,DW_RUBV,5,DW_RUBV,True,0.99989486
/content/drive/MyDrive/DeepWeeds/dataset/20170913-110903-1.jpg,3,DW_PART,3,DW_PART,True,0.9286106
/content/drive/MyDrive/DeepWeeds/dataset/20170913-111002-1.jpg,3,DW_PART,3,DW_PART,True,0.9971871
/content/drive/MyDrive/DeepWeeds/dataset/20170913-115201-2.jpg,5,DW_RUBV,5,DW_RUBV,True,0.999818
/content/drive/MyDrive/DeepWeeds/dataset/20170913-115358-2.jpg,5,DW_RUBV,5,DW_RUBV,True,1.0
/content/drive/MyDrive/DeepWeeds/dataset/20170913-120255-1.jpg,5,DW_RUBV,0,DW_CHAP,False,0.53603846
/content/drive/MyDrive/DeepWeeds/dataset/20170913-120450-1.jpg,5,DW_RUBV,5,DW_RUBV,True,0.8623104
/content/drive/MyDrive/DeepWeeds/dataset/20170913-121131-3.jpg,3,DW_PART,3,DW_PART,True,0.87550735
/content/drive/MyDrive/DeepWeeds/dataset/20170913-121310-1.jpg,5,DW_RUBV,5,DW_RUBV,True,0.9996542
/content/drive/MyDrive/DeepWeeds/dataset/20170913-121403-1.jpg,5,DW_RUBV,5,DW_RUBV,True,0.9998385
/content/drive/MyDrive/DeepWeeds/dataset/20170913-121531-1.jpg,5,DW_RUBV,5,DW_RUBV,True,0.9999943
/content/drive/MyDrive/DeepWeeds/dataset/20170913-121858-1.jpg,5,DW_RUBV,5,DW_RUBV,True,0.9999726
/content/drive/MyDrive/DeepWeeds/dataset/20170913-122058-3.jpg,3,DW_PART,2,DW_PARK,False,0.686875
/content/drive/MyDrive/DeepWeeds/dataset/20170913-122153-3.jpg,3,DW_PART,3,DW_PART,True,0.98470163
/content/drive/MyDrive/DeepWeeds/dataset/20170913-122254-3.jpg,3,DW_PART,3,DW_PART,True,0.998978
/content/drive/MyDrive/DeepWeeds/dataset/20170913-122527-2.jpg,5,DW_RUBV,5,DW_RUBV,True,0.9999999
/content/drive/MyDrive/DeepWeeds/dataset/20170913-122745-2.jpg,5,DW_RUBV,5,DW_RUBV,True,0.9998043
/content/drive/MyDrive/DeepWeeds/dataset/20170913-123002-1.jpg,5,DW_RUBV,5,DW_RUBV,True,0.82927376
/content/drive/MyDrive/DeepWeeds/dataset/20170913-123129-3.jpg,3,DW_PART,3,DW_PART,True,0.5586025
/content/drive/MyDrive/DeepWeeds/dataset/20170913-123421-1.jpg,5,DW_RUBV,5,DW_RUBV,True,0.9997644
/content/drive/MyDrive/DeepWeeds/dataset/20170913-123421-2.jpg,5,DW_RUBV,5,DW_RUBV,True,0.99376005
/content/drive/MyDrive/DeepWeeds/dataset/20170913-123452-1.jpg,5,DW_RUBV,5,DW_RUBV,True,0.9994429
/content/drive/MyDrive/DeepWeeds/dataset/20170913-123917-1.jpg,5,DW_RUBV,5,DW_RUBV,True,0.9912176
/content/drive/MyDrive/DeepWeeds/dataset/20170913-123917-2.jpg,5,DW_RUBV,5,DW_RUBV,True,0.9999144
/content/drive/MyDrive/DeepWeeds/dataset/20170913-124037-2.jpg,5,DW_RUBV,5,DW_RUBV,True,0.999984
/content/drive/MyDrive/DeepWeeds/dataset/20170913-124224-1.jpg,5,DW_RUBV,5,DW_RUBV,True,0.9996942
/content/drive/MyDrive/DeepWeeds/dataset/20170913-124425-1.jpg,5,DW_RUBV,5,DW_RUBV,True,0.68679315
/content/drive/MyDrive/DeepWeeds/dataset/20170913-124549-3.jpg,5,DW_RUBV,5,DW_RUBV,True,0.9681714
/content/drive/MyDrive/DeepWeeds/dataset/20170913-125011-3.jpg,5,DW_RUBV,3,DW_PART,False,0.57630384
/content/drive/MyDrive/DeepWeeds/dataset/20170913-125115-3.jpg,5,DW_RUBV,5,DW_RUBV,True,0.99999785
/content/drive/MyDrive/DeepWeeds/dataset/20170913-130414-2.jpg,5,DW_RUBV,5,DW_RUBV,True,0.9754701
/content/drive/MyDrive/DeepWeeds/dataset/20170913-155252-3.jpg,3,DW_PART,5,DW_RUBV,False,0.7964515
/content/drive/MyDrive/DeepWeeds/dataset/20170920-093850-1.jpg,2,DW_PARK,2,DW_PARK,True,0.99934083
/content/drive/MyDrive/DeepWeeds/dataset/20170920-094016-1.jpg,4,DW_PRAC,2,DW_PARK,False,0.76019394
/content/drive/MyDrive/DeepWeeds/dataset/20170920-094203-1.jpg,4,DW_PRAC,4,DW_PRAC,True,0.8723654
/content/drive/MyDrive/DeepWeeds/dataset/20170920-094607-2.jpg,2,DW_PARK,2,DW_PARK,True,0.939692
/content/drive/MyDrive/DeepWeeds/dataset/20170920-094836-1.jpg,2,DW_PARK,2,DW_PARK,True,0.9303367
/content/drive/MyDrive/DeepWeeds/dataset/20170920-095021-2.jpg,2,DW_PARK,8,DW_NEG,False,0.50183916
/content/drive/MyDrive/DeepWeeds/dataset/20170920-095212-2.jpg,2,DW_PARK,2,DW_PARK,True,0.9995586
/content/drive/MyDrive/DeepWeeds/dataset/20170920-095313-3.jpg,2,DW_PARK,2,DW_PARK,True,0.99452907
/content/drive/MyDrive/DeepWeeds/dataset/20170920-095354-1.jpg,2,DW_PARK,2,DW_PARK,True,0.5562885
/content/drive/MyDrive/DeepWeeds/dataset/20170920-095433-3.jpg,2,DW_PARK,2,DW_PARK,True,0.7002828
/content/drive/MyDrive/DeepWeeds/dataset/20170920-095541-2.jpg,2,DW_PARK,2,DW_PARK,True,0.8320134
/content/drive/MyDrive/DeepWeeds/dataset/20170920-095621-2.jpg,2,DW_PARK,2,DW_PARK,True,0.98696333
/content/drive/MyDrive/DeepWeeds/dataset/20170920-095728-1.jpg,2,DW_PARK,2,DW_PARK,True,0.9999559
/content/drive/MyDrive/DeepWeeds/dataset/20170920-095837-2.jpg,2,DW_PARK,2,DW_PARK,True,0.7805459
/content/drive/MyDrive/DeepWeeds/dataset/20170920-095943-2.jpg,2,DW_PARK,2,DW_PARK,True,0.9995017
/content/drive/MyDrive/DeepWeeds/dataset/20170920-100021-1.jpg,2,DW_PARK,2,DW_PARK,True,0.9956573
/content/drive/MyDrive/DeepWeeds/dataset/20170920-100128-3.jpg,2,DW_PARK,2,DW_PARK,True,0.99906975
/content/drive/MyDrive/DeepWeeds/dataset/20170920-100316-2.jpg,5,DW_RUBV,5,DW_RUBV,True,0.97187245
/content/drive/MyDrive/DeepWeeds/dataset/20170920-100529-1.jpg,2,DW_PARK,2,DW_PARK,True,0.9837668
/content/drive/MyDrive/DeepWeeds/dataset/20170920-100719-1.jpg,2,DW_PARK,2,DW_PARK,True,0.99563533
/content/drive/MyDrive/DeepWeeds/dataset/20170920-100810-1.jpg,2,DW_PARK,2,DW_PARK,True,0.9453102
/content/drive/MyDrive/DeepWeeds/dataset/20170920-101025-1.jpg,2,DW_PARK,2,DW_PARK,True,0.89899415
/content/drive/MyDrive/DeepWeeds/dataset/20170920-101233-2.jpg,4,DW_PRAC,7,DW_SNWE,False,0.87168205
/content/drive/MyDrive/DeepWeeds/dataset/20170920-101734-3.jpg,4,DW_PRAC,4,DW_PRAC,True,0.99132735
/content/drive/MyDrive/DeepWeeds/dataset/20170920-101832-2.jpg,2,DW_PARK,2,DW_PARK,True,0.9969579
/content/drive/MyDrive/DeepWeeds/dataset/20170920-101929-1.jpg,2,DW_PARK,2,DW_PARK,True,0.9950093
/content/drive/MyDrive/DeepWeeds/dataset/20170920-110518-3.jpg,2,DW_PARK,5,DW_RUBV,False,0.7043967
/content/drive/MyDrive/DeepWeeds/dataset/20170920-110747-3.jpg,2,DW_PARK,2,DW_PARK,True,0.9995604
/content/drive/MyDrive/DeepWeeds/dataset/20170920-110952-2.jpg,2,DW_PARK,2,DW_PARK,True,0.9189022
/content/drive/MyDrive/DeepWeeds/dataset/20170920-111008-2.jpg,2,DW_PARK,2,DW_PARK,True,0.98835653
/content/drive/MyDrive/DeepWeeds/dataset/20170920-111044-2.jpg,2,DW_PARK,2,DW_PARK,True,0.8576103
/content/drive/MyDrive/DeepWeeds/dataset/20170920-111114-3.jpg,2,DW_PARK,2,DW_PARK,True,0.989911
/content/drive/MyDrive/DeepWeeds/dataset/20170920-111217-2.jpg,2,DW_PARK,2,DW_PARK,True,0.99900013
/content/drive/MyDrive/DeepWeeds/dataset/20170920-111615-2.jpg,2,DW_PARK,2,DW_PARK,True,0.9994486
/content/drive/MyDrive/DeepWeeds/dataset/20170920-111954-2.jpg,2,DW_PARK,2,DW_PARK,True,0.7874639
/content/drive/MyDrive/DeepWeeds/dataset/20170920-112135-2.jpg,2,DW_PARK,2,DW_PARK,True,0.866968
/content/drive/MyDrive/DeepWeeds/dataset/20170920-112234-2.jpg,2,DW_PARK,2,DW_PARK,True,0.99523854
/content/drive/MyDrive/DeepWeeds/dataset/20170920-112429-3.jpg,2,DW_PARK,2,DW_PARK,True,0.99744356
/content/drive/MyDrive/DeepWeeds/dataset/20170920-112429-2.jpg,2,DW_PARK,2,DW_PARK,True,0.9993519
/content/drive/MyDrive/DeepWeeds/dataset/20170920-112533-2.jpg,2,DW_PARK,2,DW_PARK,True,0.9916466
/content/drive/MyDrive/DeepWeeds/dataset/20170920-112624-2.jpg,2,DW_PARK,2,DW_PARK,True,0.9747062
/content/drive/MyDrive/DeepWeeds/dataset/20170920-112704-3.jpg,2,DW_PARK,2,DW_PARK,True,0.6788295
/content/drive/MyDrive/DeepWeeds/dataset/20170920-112823-3.jpg,2,DW_PARK,2,DW_PARK,True,0.97363746
/content/drive/MyDrive/DeepWeeds/dataset/20170920-112959-3.jpg,2,DW_PARK,2,DW_PARK,True,0.9990688
/content/drive/MyDrive/DeepWeeds/dataset/20170920-113041-3.jpg,2,DW_PARK,2,DW_PARK,True,0.92031604
/content/drive/MyDrive/DeepWeeds/dataset/20170920-113351-3.jpg,2,DW_PARK,2,DW_PARK,True,0.99943167
/content/drive/MyDrive/DeepWeeds/dataset/20170920-113437-3.jpg,2,DW_PARK,2,DW_PARK,True,0.9616218
/content/drive/MyDrive/DeepWeeds/dataset/20170920-113554-3.jpg,2,DW_PARK,2,DW_PARK,True,0.9998598
/content/drive/MyDrive/DeepWeeds/dataset/20170920-113554-2.jpg,2,DW_PARK,2,DW_PARK,True,0.9901399
/content/drive/MyDrive/DeepWeeds/dataset/20170920-113711-2.jpg,2,DW_PARK,2,DW_PARK,True,0.99883884
/content/drive/MyDrive/DeepWeeds/dataset/20170920-113748-2.jpg,2,DW_PARK,2,DW_PARK,True,0.9983531
/content/drive/MyDrive/DeepWeeds/dataset/20170920-113904-3.jpg,2,DW_PARK,2,DW_PARK,True,0.90882015
/content/drive/MyDrive/DeepWeeds/dataset/20170920-113935-3.jpg,2,DW_PARK,2,DW_PARK,True,0.89318657
/content/drive/MyDrive/DeepWeeds/dataset/20170920-114043-2.jpg,2,DW_PARK,2,DW_PARK,True,0.9978003
/content/drive/MyDrive/DeepWeeds/dataset/20170920-114126-3.jpg,2,DW_PARK,2,DW_PARK,True,0.9929468
/content/drive/MyDrive/DeepWeeds/dataset/20170920-114200-3.jpg,2,DW_PARK,2,DW_PARK,True,0.95762855
/content/drive/MyDrive/DeepWeeds/dataset/20170920-114321-2.jpg,2,DW_PARK,2,DW_PARK,True,0.9751126
/content/drive/MyDrive/DeepWeeds/dataset/20170920-114445-2.jpg,2,DW_PARK,2,DW_PARK,True,0.9771349
/content/drive/MyDrive/DeepWeeds/dataset/20170920-114740-3.jpg,2,DW_PARK,2,DW_PARK,True,0.84135777
/content/drive/MyDrive/DeepWeeds/dataset/20170920-114832-2.jpg,2,DW_PARK,2,DW_PARK,True,0.9839745
/content/drive/MyDrive/DeepWeeds/dataset/20170920-114935-2.jpg,2,DW_PARK,2,DW_PARK,True,0.73235536
/content/drive/MyDrive/DeepWeeds/dataset/20170920-115200-3.jpg,2,DW_PARK,2,DW_PARK,True,0.91795915
/content/drive/MyDrive/DeepWeeds/dataset/20170920-115235-3.jpg,2,DW_PARK,2,DW_PARK,True,0.7502909
/content/drive/MyDrive/DeepWeeds/dataset/20170920-115442-3.jpg,2,DW_PARK,2,DW_PARK,True,0.97815657
/content/drive/MyDrive/DeepWeeds/dataset/20170920-115556-2.jpg,2,DW_PARK,2,DW_PARK,True,0.99073935
/content/drive/MyDrive/DeepWeeds/dataset/20170920-115735-2.jpg,2,DW_PARK,2,DW_PARK,True,0.99991345
/content/drive/MyDrive/DeepWeeds/dataset/20170920-115939-2.jpg,2,DW_PARK,2,DW_PARK,True,0.99989045
/content/drive/MyDrive/DeepWeeds/dataset/20170920-120150-2.jpg,2,DW_PARK,2,DW_PARK,True,0.5346592
/content/drive/MyDrive/DeepWeeds/dataset/20170920-120333-2.jpg,2,DW_PARK,2,DW_PARK,True,0.8549075
/content/drive/MyDrive/DeepWeeds/dataset/20170920-121355-2.jpg,2,DW_PARK,2,DW_PARK,True,0.73540586
/content/drive/MyDrive/DeepWeeds/dataset/20170920-130439-2.jpg,2,DW_PARK,2,DW_PARK,True,0.9993338
/content/drive/MyDrive/DeepWeeds/dataset/20170920-130645-2.jpg,2,DW_PARK,2,DW_PARK,True,0.98802525
/content/drive/MyDrive/DeepWeeds/dataset/20170920-130842-2.jpg,2,DW_PARK,2,DW_PARK,True,0.81465447
/content/drive/MyDrive/DeepWeeds/dataset/20170920-131101-2.jpg,2,DW_PARK,4,DW_PRAC,False,0.66346526
/content/drive/MyDrive/DeepWeeds/dataset/20170920-132106-2.jpg,2,DW_PARK,2,DW_PARK,True,0.96966773
/content/drive/MyDrive/DeepWeeds/dataset/20170920-132131-2.jpg,2,DW_PARK,2,DW_PARK,True,0.9908228
/content/drive/MyDrive/DeepWeeds/dataset/20170920-132642-2.jpg,2,DW_PARK,2,DW_PARK,True,0.9931815
/content/drive/MyDrive/DeepWeeds/dataset/20170920-132804-2.jpg,2,DW_PARK,2,DW_PARK,True,0.9905633
/content/drive/MyDrive/DeepWeeds/dataset/20170920-133333-2.jpg,2,DW_PARK,2,DW_PARK,True,0.9978313
/content/drive/MyDrive/DeepWeeds/dataset/20170920-133602-2.jpg,2,DW_PARK,0,DW_CHAP,False,0.30417523
/content/drive/MyDrive/DeepWeeds/dataset/20170920-133910-2.jpg,2,DW_PARK,2,DW_PARK,True,0.9836052
/content/drive/MyDrive/DeepWeeds/dataset/20170920-134448-2.jpg,2,DW_PARK,2,DW_PARK,True,0.99982065
/content/drive/MyDrive/DeepWeeds/dataset/20170920-134648-2.jpg,2,DW_PARK,2,DW_PARK,True,0.7875841
/content/drive/MyDrive/DeepWeeds/dataset/20170920-135837-2.jpg,2,DW_PARK,2,DW_PARK,True,0.99302906
/content/drive/MyDrive/DeepWeeds/dataset/20170920-140003-2.jpg,2,DW_PARK,2,DW_PARK,True,0.9947425
/content/drive/MyDrive/DeepWeeds/dataset/20170920-140039-2.jpg,2,DW_PARK,2,DW_PARK,True,0.9993481
/content/drive/MyDrive/DeepWeeds/dataset/20170920-155806-3.jpg,2,DW_PARK,2,DW_PARK,True,0.56895435
/content/drive/MyDrive/DeepWeeds/dataset/20170920-160041-3.jpg,2,DW_PARK,4,DW_PRAC,False,0.485136
/content/drive/MyDrive/DeepWeeds/dataset/20170920-160318-3.jpg,2,DW_PARK,2,DW_PARK,True,0.99643195
/content/drive/MyDrive/DeepWeeds/dataset/20170920-160503-3.jpg,2,DW_PARK,2,DW_PARK,True,0.8110603
/content/drive/MyDrive/DeepWeeds/dataset/20170920-160607-3.jpg,2,DW_PARK,2,DW_PARK,True,0.99503326
/content/drive/MyDrive/DeepWeeds/dataset/20170920-160634-3.jpg,2,DW_PARK,2,DW_PARK,True,0.8770915
/content/drive/MyDrive/DeepWeeds/dataset/20170920-160641-3.jpg,2,DW_PARK,2,DW_PARK,True,0.9664882
/content/drive/MyDrive/DeepWeeds/dataset/20170920-162202-3.jpg,2,DW_PARK,2,DW_PARK,True,0.99970156
/content/drive/MyDrive/DeepWeeds/dataset/20170920-162231-3.jpg,2,DW_PARK,2,DW_PARK,True,0.9881126
/content/drive/MyDrive/DeepWeeds/dataset/20170920-162413-3.jpg,2,DW_PARK,2,DW_PARK,True,0.95245266
/content/drive/MyDrive/DeepWeeds/dataset/20170920-162530-3.jpg,2,DW_PARK,2,DW_PARK,True,0.9315436
/content/drive/MyDrive/DeepWeeds/dataset/20170920-162748-3.jpg,2,DW_PARK,2,DW_PARK,True,0.9760498
/content/drive/MyDrive/DeepWeeds/dataset/20170920-163000-3.jpg,2,DW_PARK,2,DW_PARK,True,0.99643815
/content/drive/MyDrive/DeepWeeds/dataset/20170920-163148-3.jpg,2,DW_PARK,2,DW_PARK,True,0.9597378
/content/drive/MyDrive/DeepWeeds/dataset/20170920-163339-3.jpg,2,DW_PARK,0,DW_CHAP,False,0.48631507
/content/drive/MyDrive/DeepWeeds/dataset/20170920-163639-3.jpg,2,DW_PARK,5,DW_RUBV,False,0.6038591
/content/drive/MyDrive/DeepWeeds/dataset/20170920-163751-3.jpg,2,DW_PARK,2,DW_PARK,True,0.9940904
/content/drive/MyDrive/DeepWeeds/dataset/20170920-163917-3.jpg,2,DW_PARK,2,DW_PARK,True,0.9897203
/content/drive/MyDrive/DeepWeeds/dataset/20170920-164059-3.jpg,2,DW_PARK,2,DW_PARK,True,0.99923706
/content/drive/MyDrive/DeepWeeds/dataset/20170920-164158-3.jpg,2,DW_PARK,2,DW_PARK,True,0.999713
/content/drive/MyDrive/DeepWeeds/dataset/20170920-164316-3.jpg,2,DW_PARK,2,DW_PARK,True,0.997618
/content/drive/MyDrive/DeepWeeds/dataset/20170920-164757-3.jpg,2,DW_PARK,2,DW_PARK,True,0.9988079
/content/drive/MyDrive/DeepWeeds/dataset/20170920-165451-1.jpg,2,DW_PARK,2,DW_PARK,True,0.9986854
/content/drive/MyDrive/DeepWeeds/dataset/20170920-171035-3.jpg,2,DW_PARK,2,DW_PARK,True,0.9997347
/content/drive/MyDrive/DeepWeeds/dataset/20170920-171149-3.jpg,2,DW_PARK,2,DW_PARK,True,0.986087
/content/drive/MyDrive/DeepWeeds/dataset/20170920-171241-3.jpg,2,DW_PARK,5,DW_RUBV,False,0.7521305
/content/drive/MyDrive/DeepWeeds/dataset/20170920-171421-1.jpg,4,DW_PRAC,4,DW_PRAC,True,0.38182834
/content/drive/MyDrive/DeepWeeds/dataset/20170920-171913-1.jpg,2,DW_PARK,2,DW_PARK,True,0.9991942
/content/drive/MyDrive/DeepWeeds/dataset/20170920-172123-1.jpg,2,DW_PARK,2,DW_PARK,True,0.99892586
/content/drive/MyDrive/DeepWeeds/dataset/20170920-172144-1.jpg,2,DW_PARK,2,DW_PARK,True,0.9999958
/content/drive/MyDrive/DeepWeeds/dataset/20170920-173342-1.jpg,4,DW_PRAC,4,DW_PRAC,True,0.98736596
/content/drive/MyDrive/DeepWeeds/dataset/20170920-174352-1.jpg,4,DW_PRAC,4,DW_PRAC,True,0.76094145
/content/drive/MyDrive/DeepWeeds/dataset/20170920-175053-1.jpg,4,DW_PRAC,4,DW_PRAC,True,0.9929898
/content/drive/MyDrive/DeepWeeds/dataset/20170920-175548-1.jpg,4,DW_PRAC,4,DW_PRAC,True,0.9539611
/content/drive/MyDrive/DeepWeeds/dataset/20170920-180555-1.jpg,2,DW_PARK,2,DW_PARK,True,0.96946007
/content/drive/MyDrive/DeepWeeds/dataset/20170920-180928-1.jpg,2,DW_PARK,2,DW_PARK,True,0.99798137
/content/drive/MyDrive/DeepWeeds/dataset/20170920-181127-1.jpg,2,DW_PARK,2,DW_PARK,True,0.43068388
/content/drive/MyDrive/DeepWeeds/dataset/20170920-181438-1.jpg,2,DW_PARK,2,DW_PARK,True,0.9997042
/content/drive/MyDrive/DeepWeeds/dataset/20170920-182700-1.jpg,2,DW_PARK,2,DW_PARK,True,0.9999603
/content/drive/MyDrive/DeepWeeds/dataset/20170920-182841-1.jpg,2,DW_PARK,2,DW_PARK,True,0.99914396
/content/drive/MyDrive/DeepWeeds/dataset/20170920-183241-1.jpg,2,DW_PARK,2,DW_PARK,True,0.99093646
/content/drive/MyDrive/DeepWeeds/dataset/20170920-183454-1.jpg,2,DW_PARK,2,DW_PARK,True,0.8619913
/content/drive/MyDrive/DeepWeeds/dataset/20170920-183728-1.jpg,2,DW_PARK,2,DW_PARK,True,0.9982993
/content/drive/MyDrive/DeepWeeds/dataset/20170920-183850-1.jpg,2,DW_PARK,2,DW_PARK,True,0.98558456
/content/drive/MyDrive/DeepWeeds/dataset/20170920-184039-1.jpg,2,DW_PARK,2,DW_PARK,True,0.88094133
/content/drive/MyDrive/DeepWeeds/dataset/20170920-184353-1.jpg,2,DW_PARK,2,DW_PARK,True,0.81370306
/content/drive/MyDrive/DeepWeeds/dataset/20170920-184817-1.jpg,2,DW_PARK,2,DW_PARK,True,0.9995863
/content/drive/MyDrive/DeepWeeds/dataset/20170920-184941-1.jpg,2,DW_PARK,2,DW_PARK,True,0.99948525
/content/drive/MyDrive/DeepWeeds/dataset/20170920-185314-1.jpg,2,DW_PARK,2,DW_PARK,True,0.9999802
/content/drive/MyDrive/DeepWeeds/dataset/20170920-185519-1.jpg,2,DW_PARK,2,DW_PARK,True,0.9986696
/content/drive/MyDrive/DeepWeeds/dataset/20170920-185902-1.jpg,2,DW_PARK,2,DW_PARK,True,0.90603095
/content/drive/MyDrive/DeepWeeds/dataset/20170920-190044-1.jpg,2,DW_PARK,2,DW_PARK,True,0.90391403
/content/drive/MyDrive/DeepWeeds/dataset/20170920-190248-1.jpg,2,DW_PARK,2,DW_PARK,True,0.99510777
/content/drive/MyDrive/DeepWeeds/dataset/20170920-190555-1.jpg,2,DW_PARK,2,DW_PARK,True,0.99569315
/content/drive/MyDrive/DeepWeeds/dataset/20170920-190826-1.jpg,2,DW_PARK,2,DW_PARK,True,0.8782189
/content/drive/MyDrive/DeepWeeds/dataset/20170920-191259-1.jpg,2,DW_PARK,2,DW_PARK,True,0.9891643
/content/drive/MyDrive/DeepWeeds/dataset/20170920-191441-1.jpg,2,DW_PARK,2,DW_PARK,True,0.9982792
/content/drive/MyDrive/DeepWeeds/dataset/20170920-191834-1.jpg,2,DW_PARK,2,DW_PARK,True,0.999765
/content/drive/MyDrive/DeepWeeds/dataset/20170920-192152-1.jpg,2,DW_PARK,2,DW_PARK,True,0.99997103
/content/drive/MyDrive/DeepWeeds/dataset/20170920-192229-1.jpg,2,DW_PARK,2,DW_PARK,True,0.9789185
/content/drive/MyDrive/DeepWeeds/dataset/20171025-073152-1.jpg,3,DW_PART,3,DW_PART,True,0.9761243
/content/drive/MyDrive/DeepWeeds/dataset/20171025-073606-3.jpg,3,DW_PART,4,DW_PRAC,False,0.3636245
/content/drive/MyDrive/DeepWeeds/dataset/20171025-073744-2.jpg,3,DW_PART,3,DW_PART,True,0.9988933
/content/drive/MyDrive/DeepWeeds/dataset/20171025-073808-2.jpg,3,DW_PART,3,DW_PART,True,0.9999411
/content/drive/MyDrive/DeepWeeds/dataset/20171025-073905-1.jpg,3,DW_PART,3,DW_PART,True,0.81884956
/content/drive/MyDrive/DeepWeeds/dataset/20171025-074102-1.jpg,3,DW_PART,3,DW_PART,True,0.51095384
/content/drive/MyDrive/DeepWeeds/dataset/20171025-074208-1.jpg,3,DW_PART,3,DW_PART,True,0.9987484
/content/drive/MyDrive/DeepWeeds/dataset/20171025-074248-1.jpg,3,DW_PART,3,DW_PART,True,0.9890132
/content/drive/MyDrive/DeepWeeds/dataset/20171025-074337-3.jpg,3,DW_PART,3,DW_PART,True,0.99574053
/content/drive/MyDrive/DeepWeeds/dataset/20171025-074506-3.jpg,3,DW_PART,3,DW_PART,True,0.99997485
/content/drive/MyDrive/DeepWeeds/dataset/20171025-074626-2.jpg,3,DW_PART,3,DW_PART,True,0.99912053
/content/drive/MyDrive/DeepWeeds/dataset/20171025-074720-3.jpg,7,DW_SNWE,3,DW_PART,False,0.6640648
/content/drive/MyDrive/DeepWeeds/dataset/20171025-074818-2.jpg,3,DW_PART,3,DW_PART,True,0.99766564
/content/drive/MyDrive/DeepWeeds/dataset/20171025-074849-2.jpg,3,DW_PART,3,DW_PART,True,0.9999491
/content/drive/MyDrive/DeepWeeds/dataset/20171025-075029-3.jpg,3,DW_PART,3,DW_PART,True,0.9957468
/content/drive/MyDrive/DeepWeeds/dataset/20171025-075115-2.jpg,3,DW_PART,3,DW_PART,True,0.91361904
/content/drive/MyDrive/DeepWeeds/dataset/20171025-075150-2.jpg,3,DW_PART,3,DW_PART,True,0.9830891
/content/drive/MyDrive/DeepWeeds/dataset/20171025-075249-2.jpg,3,DW_PART,3,DW_PART,True,0.96313995
/content/drive/MyDrive/DeepWeeds/dataset/20171025-075340-2.jpg,3,DW_PART,3,DW_PART,True,0.98914206
/content/drive/MyDrive/DeepWeeds/dataset/20171025-075340-3.jpg,3,DW_PART,8,DW_NEG,False,0.5884594
/content/drive/MyDrive/DeepWeeds/dataset/20171025-075506-1.jpg,3,DW_PART,3,DW_PART,True,0.9819356
/content/drive/MyDrive/DeepWeeds/dataset/20171025-075716-2.jpg,3,DW_PART,3,DW_PART,True,0.9844068
/content/drive/MyDrive/DeepWeeds/dataset/20171025-075821-1.jpg,3,DW_PART,3,DW_PART,True,0.36466387
/content/drive/MyDrive/DeepWeeds/dataset/20171025-075925-1.jpg,3,DW_PART,3,DW_PART,True,0.48328802
/content/drive/MyDrive/DeepWeeds/dataset/20171025-075943-3.jpg,3,DW_PART,3,DW_PART,True,0.9760828
/content/drive/MyDrive/DeepWeeds/dataset/20171025-080026-1.jpg,3,DW_PART,3,DW_PART,True,0.54681736
/content/drive/MyDrive/DeepWeeds/dataset/20171025-080121-3.jpg,3,DW_PART,3,DW_PART,True,0.86772317
/content/drive/MyDrive/DeepWeeds/dataset/20171025-080431-1.jpg,3,DW_PART,3,DW_PART,True,0.9807318
/content/drive/MyDrive/DeepWeeds/dataset/20171025-080507-2.jpg,3,DW_PART,3,DW_PART,True,0.50357586
/content/drive/MyDrive/DeepWeeds/dataset/20171025-080722-2.jpg,3,DW_PART,3,DW_PART,True,0.9767969
/content/drive/MyDrive/DeepWeeds/dataset/20171025-080751-2.jpg,3,DW_PART,3,DW_PART,True,0.98554415
/content/drive/MyDrive/DeepWeeds/dataset/20171025-080908-1.jpg,3,DW_PART,3,DW_PART,True,0.76956874
/content/drive/MyDrive/DeepWeeds/dataset/20171025-081120-1.jpg,3,DW_PART,3,DW_PART,True,0.9521726
/content/drive/MyDrive/DeepWeeds/dataset/20171025-081156-2.jpg,3,DW_PART,3,DW_PART,True,0.9476277
/content/drive/MyDrive/DeepWeeds/dataset/20171025-081344-3.jpg,3,DW_PART,3,DW_PART,True,0.6909866
/content/drive/MyDrive/DeepWeeds/dataset/20171025-081404-1.jpg,3,DW_PART,3,DW_PART,True,0.9999186
/content/drive/MyDrive/DeepWeeds/dataset/20171025-081521-2.jpg,3,DW_PART,3,DW_PART,True,0.9040131
/content/drive/MyDrive/DeepWeeds/dataset/20171025-081726-2.jpg,3,DW_PART,3,DW_PART,True,0.68220264
/content/drive/MyDrive/DeepWeeds/dataset/20171025-081930-1.jpg,3,DW_PART,3,DW_PART,True,0.7161404
/content/drive/MyDrive/DeepWeeds/dataset/20171025-082014-1.jpg,3,DW_PART,3,DW_PART,True,0.7290472
/content/drive/MyDrive/DeepWeeds/dataset/20171025-082114-2.jpg,3,DW_PART,3,DW_PART,True,0.8595862
/content/drive/MyDrive/DeepWeeds/dataset/20171025-082205-2.jpg,3,DW_PART,8,DW_NEG,False,0.34327784
/content/drive/MyDrive/DeepWeeds/dataset/20171025-082301-2.jpg,3,DW_PART,3,DW_PART,True,0.9858861
/content/drive/MyDrive/DeepWeeds/dataset/20171025-082509-1.jpg,3,DW_PART,3,DW_PART,True,0.99830306
/content/drive/MyDrive/DeepWeeds/dataset/20171025-082541-1.jpg,3,DW_PART,3,DW_PART,True,0.9482151
/content/drive/MyDrive/DeepWeeds/dataset/20171025-082655-2.jpg,3,DW_PART,3,DW_PART,True,0.97829604
/content/drive/MyDrive/DeepWeeds/dataset/20171025-082655-3.jpg,3,DW_PART,3,DW_PART,True,0.93107253
/content/drive/MyDrive/DeepWeeds/dataset/20171025-082743-1.jpg,0,DW_CHAP,7,DW_SNWE,False,0.5480163
/content/drive/MyDrive/DeepWeeds/dataset/20171025-082800-1.jpg,0,DW_CHAP,0,DW_CHAP,True,0.99757296
/content/drive/MyDrive/DeepWeeds/dataset/20171025-082942-1.jpg,3,DW_PART,3,DW_PART,True,0.98690665
/content/drive/MyDrive/DeepWeeds/dataset/20171025-083335-3.jpg,3,DW_PART,3,DW_PART,True,0.8742303
/content/drive/MyDrive/DeepWeeds/dataset/20171025-085901-1.jpg,3,DW_PART,3,DW_PART,True,0.9998362
/content/drive/MyDrive/DeepWeeds/dataset/20171025-090203-2.jpg,3,DW_PART,3,DW_PART,True,0.9995977
/content/drive/MyDrive/DeepWeeds/dataset/20171025-090316-1.jpg,3,DW_PART,3,DW_PART,True,0.9620124
/content/drive/MyDrive/DeepWeeds/dataset/20171025-090420-1.jpg,3,DW_PART,6,DW_SIWE,False,0.6567719
/content/drive/MyDrive/DeepWeeds/dataset/20171025-090526-1.jpg,3,DW_PART,3,DW_PART,True,0.91761845
/content/drive/MyDrive/DeepWeeds/dataset/20171025-090747-2.jpg,3,DW_PART,3,DW_PART,True,0.9997862
/content/drive/MyDrive/DeepWeeds/dataset/20171025-090814-2.jpg,3,DW_PART,3,DW_PART,True,0.6204808
/content/drive/MyDrive/DeepWeeds/dataset/20171025-090913-3.jpg,3,DW_PART,3,DW_PART,True,0.97045296
/content/drive/MyDrive/DeepWeeds/dataset/20171025-091030-1.jpg,3,DW_PART,3,DW_PART,True,0.9987658
/content/drive/MyDrive/DeepWeeds/dataset/20171025-091225-3.jpg,3,DW_PART,3,DW_PART,True,0.8875535
/content/drive/MyDrive/DeepWeeds/dataset/20171025-091236-1.jpg,3,DW_PART,3,DW_PART,True,0.81092244
/content/drive/MyDrive/DeepWeeds/dataset/20171025-091343-1.jpg,3,DW_PART,3,DW_PART,True,0.97349596
/content/drive/MyDrive/DeepWeeds/dataset/20171025-091430-1.jpg,3,DW_PART,8,DW_NEG,False,0.78141797
/content/drive/MyDrive/DeepWeeds/dataset/20171025-091610-2.jpg,3,DW_PART,3,DW_PART,True,0.98532456
/content/drive/MyDrive/DeepWeeds/dataset/20171025-091641-1.jpg,3,DW_PART,3,DW_PART,True,0.9945387
/content/drive/MyDrive/DeepWeeds/dataset/20171025-091815-2.jpg,3,DW_PART,4,DW_PRAC,False,0.61806643
/content/drive/MyDrive/DeepWeeds/dataset/20171025-091838-1.jpg,3,DW_PART,3,DW_PART,True,0.9380513
/content/drive/MyDrive/DeepWeeds/dataset/20171025-091935-1.jpg,3,DW_PART,3,DW_PART,True,0.9999621
/content/drive/MyDrive/DeepWeeds/dataset/20171025-092049-3.jpg,3,DW_PART,3,DW_PART,True,0.92624265
/content/drive/MyDrive/DeepWeeds/dataset/20171025-092149-1.jpg,3,DW_PART,3,DW_PART,True,0.9635353
/content/drive/MyDrive/DeepWeeds/dataset/20171025-092347-2.jpg,3,DW_PART,3,DW_PART,True,0.984738
/content/drive/MyDrive/DeepWeeds/dataset/20171025-092414-3.jpg,7,DW_SNWE,7,DW_SNWE,True,0.99911577
/content/drive/MyDrive/DeepWeeds/dataset/20171025-092445-1.jpg,3,DW_PART,3,DW_PART,True,0.4578908
/content/drive/MyDrive/DeepWeeds/dataset/20171025-092653-3.jpg,7,DW_SNWE,0,DW_CHAP,False,0.3354123
/content/drive/MyDrive/DeepWeeds/dataset/20171025-092726-2.jpg,3,DW_PART,3,DW_PART,True,0.99983716
/content/drive/MyDrive/DeepWeeds/dataset/20171025-092802-1.jpg,3,DW_PART,3,DW_PART,True,0.97814184
/content/drive/MyDrive/DeepWeeds/dataset/20171025-092853-2.jpg,3,DW_PART,3,DW_PART,True,0.9908386
/content/drive/MyDrive/DeepWeeds/dataset/20171025-093030-1.jpg,3,DW_PART,3,DW_PART,True,0.9811476
/content/drive/MyDrive/DeepWeeds/dataset/20171025-093051-1.jpg,3,DW_PART,3,DW_PART,True,0.77689475
/content/drive/MyDrive/DeepWeeds/dataset/20171025-093119-2.jpg,3,DW_PART,3,DW_PART,True,0.9908538
/content/drive/MyDrive/DeepWeeds/dataset/20171025-093313-1.jpg,3,DW_PART,3,DW_PART,True,0.6271985
/content/drive/MyDrive/DeepWeeds/dataset/20171025-093337-3.jpg,3,DW_PART,7,DW_SNWE,False,0.461763
/content/drive/MyDrive/DeepWeeds/dataset/20171025-093514-1.jpg,3,DW_PART,3,DW_PART,True,0.68237555
/content/drive/MyDrive/DeepWeeds/dataset/20171025-093648-3.jpg,3,DW_PART,3,DW_PART,True,0.9944383
/content/drive/MyDrive/DeepWeeds/dataset/20171025-093959-3.jpg,7,DW_SNWE,7,DW_SNWE,True,0.3942738
/content/drive/MyDrive/DeepWeeds/dataset/20171025-094213-2.jpg,3,DW_PART,3,DW_PART,True,0.99847704
/content/drive/MyDrive/DeepWeeds/dataset/20171025-094241-1.jpg,3,DW_PART,3,DW_PART,True,0.99987614
/content/drive/MyDrive/DeepWeeds/dataset/20171025-094308-1.jpg,3,DW_PART,3,DW_PART,True,0.9998419
/content/drive/MyDrive/DeepWeeds/dataset/20171025-094427-2.jpg,3,DW_PART,3,DW_PART,True,0.98157066
/content/drive/MyDrive/DeepWeeds/dataset/20171025-094441-1.jpg,3,DW_PART,3,DW_PART,True,0.9996145
/content/drive/MyDrive/DeepWeeds/dataset/20171025-094524-2.jpg,3,DW_PART,3,DW_PART,True,0.7852905
/content/drive/MyDrive/DeepWeeds/dataset/20171025-094836-1.jpg,3,DW_PART,3,DW_PART,True,0.9971852
/content/drive/MyDrive/DeepWeeds/dataset/20171025-094918-1.jpg,3,DW_PART,3,DW_PART,True,0.99521035
/content/drive/MyDrive/DeepWeeds/dataset/20171025-095034-3.jpg,3,DW_PART,3,DW_PART,True,0.8560474
/content/drive/MyDrive/DeepWeeds/dataset/20171025-095141-3.jpg,3,DW_PART,3,DW_PART,True,0.9447007
/content/drive/MyDrive/DeepWeeds/dataset/20171025-095149-2.jpg,3,DW_PART,3,DW_PART,True,0.9992198
/content/drive/MyDrive/DeepWeeds/dataset/20171025-095149-1.jpg,3,DW_PART,3,DW_PART,True,0.9982849
/content/drive/MyDrive/DeepWeeds/dataset/20171025-095436-1.jpg,3,DW_PART,3,DW_PART,True,0.9987508
/content/drive/MyDrive/DeepWeeds/dataset/20171025-095534-1.jpg,3,DW_PART,3,DW_PART,True,0.9999255
/content/drive/MyDrive/DeepWeeds/dataset/20171025-095541-2.jpg,3,DW_PART,3,DW_PART,True,0.9995421
/content/drive/MyDrive/DeepWeeds/dataset/20171025-095630-3.jpg,3,DW_PART,3,DW_PART,True,0.94124657
/content/drive/MyDrive/DeepWeeds/dataset/20171025-095741-3.jpg,3,DW_PART,3,DW_PART,True,0.95376194
/content/drive/MyDrive/DeepWeeds/dataset/20171025-095741-1.jpg,3,DW_PART,3,DW_PART,True,0.4262864
/content/drive/MyDrive/DeepWeeds/dataset/20171025-095835-2.jpg,3,DW_PART,3,DW_PART,True,0.9997216
/content/drive/MyDrive/DeepWeeds/dataset/20171025-095957-1.jpg,3,DW_PART,3,DW_PART,True,0.9905838
/content/drive/MyDrive/DeepWeeds/dataset/20171025-100024-1.jpg,3,DW_PART,3,DW_PART,True,0.80818695
/content/drive/MyDrive/DeepWeeds/dataset/20171025-100416-2.jpg,3,DW_PART,3,DW_PART,True,0.99976486
/content/drive/MyDrive/DeepWeeds/dataset/20171025-100447-2.jpg,3,DW_PART,3,DW_PART,True,0.9977452
/content/drive/MyDrive/DeepWeeds/dataset/20171025-100726-1.jpg,3,DW_PART,3,DW_PART,True,0.99821365
/content/drive/MyDrive/DeepWeeds/dataset/20171025-100834-1.jpg,3,DW_PART,3,DW_PART,True,0.99992085
/content/drive/MyDrive/DeepWeeds/dataset/20171025-101023-1.jpg,3,DW_PART,6,DW_SIWE,False,0.5689153
/content/drive/MyDrive/DeepWeeds/dataset/20171025-171914-3.jpg,3,DW_PART,3,DW_PART,True,0.82183933
/content/drive/MyDrive/DeepWeeds/dataset/20171025-172247-3.jpg,3,DW_PART,3,DW_PART,True,0.9994967
/content/drive/MyDrive/DeepWeeds/dataset/20171102-093305-1.jpg,4,DW_PRAC,3,DW_PART,False,0.9616055
/content/drive/MyDrive/DeepWeeds/dataset/20171102-093339-2.jpg,4,DW_PRAC,3,DW_PART,False,0.86588407
/content/drive/MyDrive/DeepWeeds/dataset/20171102-093459-1.jpg,4,DW_PRAC,6,DW_SIWE,False,0.48895034
/content/drive/MyDrive/DeepWeeds/dataset/20171102-093603-2.jpg,4,DW_PRAC,4,DW_PRAC,True,0.7140191
/content/drive/MyDrive/DeepWeeds/dataset/20171102-093629-3.jpg,4,DW_PRAC,2,DW_PARK,False,0.5181862
/content/drive/MyDrive/DeepWeeds/dataset/20171102-093833-1.jpg,4,DW_PRAC,4,DW_PRAC,True,0.34577286
/content/drive/MyDrive/DeepWeeds/dataset/20171102-093954-2.jpg,4,DW_PRAC,3,DW_PART,False,0.46325558
/content/drive/MyDrive/DeepWeeds/dataset/20171102-094018-1.jpg,4,DW_PRAC,4,DW_PRAC,True,0.49641874
/content/drive/MyDrive/DeepWeeds/dataset/20171102-094159-3.jpg,4,DW_PRAC,4,DW_PRAC,True,0.8980211
/content/drive/MyDrive/DeepWeeds/dataset/20171102-094409-1.jpg,4,DW_PRAC,4,DW_PRAC,True,0.9674749
/content/drive/MyDrive/DeepWeeds/dataset/20171102-094521-1.jpg,4,DW_PRAC,4,DW_PRAC,True,0.3929855
/content/drive/MyDrive/DeepWeeds/dataset/20171102-094714-3.jpg,4,DW_PRAC,8,DW_NEG,False,0.95009273
/content/drive/MyDrive/DeepWeeds/dataset/20171102-095239-1.jpg,4,DW_PRAC,4,DW_PRAC,True,0.607477
/content/drive/MyDrive/DeepWeeds/dataset/20171102-095409-3.jpg,4,DW_PRAC,8,DW_NEG,False,0.7739196
/content/drive/MyDrive/DeepWeeds/dataset/20171102-095706-3.jpg,4,DW_PRAC,6,DW_SIWE,False,0.37764725
/content/drive/MyDrive/DeepWeeds/dataset/20171102-095745-1.jpg,4,DW_PRAC,4,DW_PRAC,True,0.910043
/content/drive/MyDrive/DeepWeeds/dataset/20171102-100054-2.jpg,4,DW_PRAC,8,DW_NEG,False,0.8458728
/content/drive/MyDrive/DeepWeeds/dataset/20171102-100226-1.jpg,4,DW_PRAC,6,DW_SIWE,False,0.70547235
/content/drive/MyDrive/DeepWeeds/dataset/20171102-100358-2.jpg,4,DW_PRAC,4,DW_PRAC,True,0.5669939
/content/drive/MyDrive/DeepWeeds/dataset/20171102-100710-2.jpg,4,DW_PRAC,4,DW_PRAC,True,0.49470595
/content/drive/MyDrive/DeepWeeds/dataset/20171102-102141-3.jpg,2,DW_PARK,2,DW_PARK,True,0.92487305
/content/drive/MyDrive/DeepWeeds/dataset/20171102-102451-2.jpg,2,DW_PARK,2,DW_PARK,True,0.7488071
/content/drive/MyDrive/DeepWeeds/dataset/20171102-102521-2.jpg,2,DW_PARK,2,DW_PARK,True,0.995834
/content/drive/MyDrive/DeepWeeds/dataset/20171102-102712-1.jpg,2,DW_PARK,2,DW_PARK,True,0.9989196
/content/drive/MyDrive/DeepWeeds/dataset/20171102-102836-1.jpg,2,DW_PARK,2,DW_PARK,True,0.9987264
/content/drive/MyDrive/DeepWeeds/dataset/20171102-103116-3.jpg,2,DW_PARK,2,DW_PARK,True,0.9890297
/content/drive/MyDrive/DeepWeeds/dataset/20171102-103146-2.jpg,2,DW_PARK,2,DW_PARK,True,0.6676227
/content/drive/MyDrive/DeepWeeds/dataset/20171102-103229-1.jpg,2,DW_PARK,2,DW_PARK,True,0.9959596
/content/drive/MyDrive/DeepWeeds/dataset/20171102-103338-2.jpg,2,DW_PARK,2,DW_PARK,True,0.667794
/content/drive/MyDrive/DeepWeeds/dataset/20171102-103650-2.jpg,2,DW_PARK,2,DW_PARK,True,0.9998424
/content/drive/MyDrive/DeepWeeds/dataset/20171102-103902-1.jpg,2,DW_PARK,2,DW_PARK,True,0.96013564
/content/drive/MyDrive/DeepWeeds/dataset/20171102-104223-1.jpg,2,DW_PARK,2,DW_PARK,True,0.9996592
/content/drive/MyDrive/DeepWeeds/dataset/20171102-104513-3.jpg,2,DW_PARK,2,DW_PARK,True,0.94920266
/content/drive/MyDrive/DeepWeeds/dataset/20171102-104540-2.jpg,2,DW_PARK,2,DW_PARK,True,0.92348695
/content/drive/MyDrive/DeepWeeds/dataset/20171102-104838-3.jpg,2,DW_PARK,2,DW_PARK,True,0.97822523
/content/drive/MyDrive/DeepWeeds/dataset/20171102-105848-2.jpg,2,DW_PARK,2,DW_PARK,True,0.98403984
/content/drive/MyDrive/DeepWeeds/dataset/20171102-114807-1.jpg,2,DW_PARK,2,DW_PARK,True,0.9992015
/content/drive/MyDrive/DeepWeeds/dataset/20171102-115100-1.jpg,2,DW_PARK,2,DW_PARK,True,0.9993299
/content/drive/MyDrive/DeepWeeds/dataset/20171102-115127-1.jpg,2,DW_PARK,2,DW_PARK,True,0.9989182
/content/drive/MyDrive/DeepWeeds/dataset/20171102-115324-2.jpg,2,DW_PARK,2,DW_PARK,True,0.99827254
/content/drive/MyDrive/DeepWeeds/dataset/20171102-115408-3.jpg,2,DW_PARK,5,DW_RUBV,False,0.51501167
/content/drive/MyDrive/DeepWeeds/dataset/20171102-115518-1.jpg,2,DW_PARK,2,DW_PARK,True,0.99923146
/content/drive/MyDrive/DeepWeeds/dataset/20171102-115533-3.jpg,2,DW_PARK,2,DW_PARK,True,0.9827204
/content/drive/MyDrive/DeepWeeds/dataset/20171102-115722-3.jpg,2,DW_PARK,2,DW_PARK,True,0.9995154
/content/drive/MyDrive/DeepWeeds/dataset/20171102-115830-3.jpg,2,DW_PARK,2,DW_PARK,True,0.9714661
/content/drive/MyDrive/DeepWeeds/dataset/20171102-115918-3.jpg,2,DW_PARK,2,DW_PARK,True,0.95026803
/content/drive/MyDrive/DeepWeeds/dataset/20171102-120049-1.jpg,2,DW_PARK,2,DW_PARK,True,0.99965155
/content/drive/MyDrive/DeepWeeds/dataset/20171102-120202-3.jpg,2,DW_PARK,2,DW_PARK,True,0.9971206
/content/drive/MyDrive/DeepWeeds/dataset/20171102-120206-1.jpg,2,DW_PARK,2,DW_PARK,True,0.99307114
/content/drive/MyDrive/DeepWeeds/dataset/20171102-120302-3.jpg,2,DW_PARK,2,DW_PARK,True,0.9999653
/content/drive/MyDrive/DeepWeeds/dataset/20171102-120320-1.jpg,2,DW_PARK,2,DW_PARK,True,0.47718528
/content/drive/MyDrive/DeepWeeds/dataset/20171102-120320-2.jpg,2,DW_PARK,2,DW_PARK,True,0.5247308
/content/drive/MyDrive/DeepWeeds/dataset/20171102-120436-1.jpg,2,DW_PARK,2,DW_PARK,True,0.99374616
/content/drive/MyDrive/DeepWeeds/dataset/20171102-120545-2.jpg,2,DW_PARK,2,DW_PARK,True,0.99336076
/content/drive/MyDrive/DeepWeeds/dataset/20171102-120607-1.jpg,2,DW_PARK,2,DW_PARK,True,0.99956995
/content/drive/MyDrive/DeepWeeds/dataset/20171102-120721-3.jpg,2,DW_PARK,2,DW_PARK,True,0.9986236
/content/drive/MyDrive/DeepWeeds/dataset/20171102-120800-2.jpg,2,DW_PARK,2,DW_PARK,True,0.9763247
/content/drive/MyDrive/DeepWeeds/dataset/20171102-120913-1.jpg,2,DW_PARK,2,DW_PARK,True,0.99046844
/content/drive/MyDrive/DeepWeeds/dataset/20171102-120924-1.jpg,2,DW_PARK,2,DW_PARK,True,0.9995976
/content/drive/MyDrive/DeepWeeds/dataset/20171102-121033-3.jpg,2,DW_PARK,2,DW_PARK,True,0.99551815
/content/drive/MyDrive/DeepWeeds/dataset/20171102-121129-3.jpg,2,DW_PARK,2,DW_PARK,True,0.9469329
/content/drive/MyDrive/DeepWeeds/dataset/20171102-121233-2.jpg,2,DW_PARK,2,DW_PARK,True,0.82386816
/content/drive/MyDrive/DeepWeeds/dataset/20171102-121309-3.jpg,2,DW_PARK,2,DW_PARK,True,0.9780718
/content/drive/MyDrive/DeepWeeds/dataset/20171102-121344-1.jpg,2,DW_PARK,2,DW_PARK,True,0.9997129
/content/drive/MyDrive/DeepWeeds/dataset/20171102-121420-2.jpg,2,DW_PARK,2,DW_PARK,True,0.90155977
/content/drive/MyDrive/DeepWeeds/dataset/20171102-121558-3.jpg,2,DW_PARK,2,DW_PARK,True,0.99559695
/content/drive/MyDrive/DeepWeeds/dataset/20171102-121656-3.jpg,2,DW_PARK,2,DW_PARK,True,0.96369165
/content/drive/MyDrive/DeepWeeds/dataset/20171102-121749-2.jpg,2,DW_PARK,2,DW_PARK,True,0.9997181
/content/drive/MyDrive/DeepWeeds/dataset/20171102-121818-3.jpg,2,DW_PARK,2,DW_PARK,True,0.9651248
/content/drive/MyDrive/DeepWeeds/dataset/20171102-122100-1.jpg,2,DW_PARK,4,DW_PRAC,False,0.48260304
/content/drive/MyDrive/DeepWeeds/dataset/20171102-122305-3.jpg,2,DW_PARK,2,DW_PARK,True,0.994595
/content/drive/MyDrive/DeepWeeds/dataset/20171102-122334-3.jpg,2,DW_PARK,2,DW_PARK,True,0.99932194
/content/drive/MyDrive/DeepWeeds/dataset/20171102-122443-1.jpg,2,DW_PARK,2,DW_PARK,True,0.9925604
/content/drive/MyDrive/DeepWeeds/dataset/20171102-122505-2.jpg,2,DW_PARK,2,DW_PARK,True,0.99969494
/content/drive/MyDrive/DeepWeeds/dataset/20171102-122536-1.jpg,2,DW_PARK,2,DW_PARK,True,0.9153511
/content/drive/MyDrive/DeepWeeds/dataset/20171102-122639-2.jpg,2,DW_PARK,2,DW_PARK,True,0.9998448
/content/drive/MyDrive/DeepWeeds/dataset/20171102-122719-2.jpg,2,DW_PARK,2,DW_PARK,True,0.8170861
/content/drive/MyDrive/DeepWeeds/dataset/20171102-122743-3.jpg,2,DW_PARK,2,DW_PARK,True,0.9921669
/content/drive/MyDrive/DeepWeeds/dataset/20171102-122811-1.jpg,2,DW_PARK,2,DW_PARK,True,0.96257484
/content/drive/MyDrive/DeepWeeds/dataset/20171102-122856-2.jpg,2,DW_PARK,2,DW_PARK,True,0.9982299
/content/drive/MyDrive/DeepWeeds/dataset/20171102-122946-2.jpg,2,DW_PARK,2,DW_PARK,True,0.9040816
/content/drive/MyDrive/DeepWeeds/dataset/20171102-123047-1.jpg,2,DW_PARK,2,DW_PARK,True,0.9710797
/content/drive/MyDrive/DeepWeeds/dataset/20171102-123211-2.jpg,2,DW_PARK,2,DW_PARK,True,0.99979323
/content/drive/MyDrive/DeepWeeds/dataset/20171102-123222-1.jpg,2,DW_PARK,2,DW_PARK,True,0.94455415
/content/drive/MyDrive/DeepWeeds/dataset/20171102-123304-1.jpg,2,DW_PARK,2,DW_PARK,True,0.9948318
/content/drive/MyDrive/DeepWeeds/dataset/20171102-123413-1.jpg,2,DW_PARK,8,DW_NEG,False,0.7137124
/content/drive/MyDrive/DeepWeeds/dataset/20171102-123413-2.jpg,2,DW_PARK,2,DW_PARK,True,0.9870329
/content/drive/MyDrive/DeepWeeds/dataset/20171102-123636-2.jpg,2,DW_PARK,8,DW_NEG,False,0.47161454
/content/drive/MyDrive/DeepWeeds/dataset/20171108-123917-3.jpg,5,DW_RUBV,7,DW_SNWE,False,0.4157553
/content/drive/MyDrive/DeepWeeds/dataset/20171108-125348-3.jpg,5,DW_RUBV,5,DW_RUBV,True,0.9254076
/content/drive/MyDrive/DeepWeeds/dataset/20171108-130043-3.jpg,5,DW_RUBV,5,DW_RUBV,True,0.99947447
/content/drive/MyDrive/DeepWeeds/dataset/20171108-130405-3.jpg,5,DW_RUBV,5,DW_RUBV,True,0.9497369
/content/drive/MyDrive/DeepWeeds/dataset/20171109-070618-1.jpg,5,DW_RUBV,5,DW_RUBV,True,0.99852365
/content/drive/MyDrive/DeepWeeds/dataset/20171109-070737-3.jpg,5,DW_RUBV,5,DW_RUBV,True,0.97822785
/content/drive/MyDrive/DeepWeeds/dataset/20171109-070859-1.jpg,5,DW_RUBV,5,DW_RUBV,True,0.99464154
/content/drive/MyDrive/DeepWeeds/dataset/20171109-070917-1.jpg,5,DW_RUBV,5,DW_RUBV,True,0.91978014
/content/drive/MyDrive/DeepWeeds/dataset/20171109-071031-1.jpg,5,DW_RUBV,5,DW_RUBV,True,0.9942992
/content/drive/MyDrive/DeepWeeds/dataset/20171109-071206-1.jpg,5,DW_RUBV,5,DW_RUBV,True,0.90062916
/content/drive/MyDrive/DeepWeeds/dataset/20171109-071248-3.jpg,5,DW_RUBV,5,DW_RUBV,True,0.99976057
/content/drive/MyDrive/DeepWeeds/dataset/20171109-071422-3.jpg,5,DW_RUBV,5,DW_RUBV,True,0.97687155
/content/drive/MyDrive/DeepWeeds/dataset/20171109-071541-3.jpg,5,DW_RUBV,5,DW_RUBV,True,0.99995923
/content/drive/MyDrive/DeepWeeds/dataset/20171109-071710-3.jpg,5,DW_RUBV,5,DW_RUBV,True,0.99993193
/content/drive/MyDrive/DeepWeeds/dataset/20171109-071800-3.jpg,5,DW_RUBV,5,DW_RUBV,True,0.99899465
/content/drive/MyDrive/DeepWeeds/dataset/20171109-071849-1.jpg,5,DW_RUBV,5,DW_RUBV,True,0.9963043
/content/drive/MyDrive/DeepWeeds/dataset/20171109-072025-1.jpg,5,DW_RUBV,5,DW_RUBV,True,0.99871016
/content/drive/MyDrive/DeepWeeds/dataset/20171109-072130-1.jpg,5,DW_RUBV,5,DW_RUBV,True,0.98725665
/content/drive/MyDrive/DeepWeeds/dataset/20171109-072244-1.jpg,5,DW_RUBV,5,DW_RUBV,True,0.9994336
/content/drive/MyDrive/DeepWeeds/dataset/20171109-072328-1.jpg,5,DW_RUBV,5,DW_RUBV,True,0.9313809
/content/drive/MyDrive/DeepWeeds/dataset/20171109-072419-1.jpg,5,DW_RUBV,5,DW_RUBV,True,0.97802275
/content/drive/MyDrive/DeepWeeds/dataset/20171109-072549-1.jpg,5,DW_RUBV,5,DW_RUBV,True,0.974724
/content/drive/MyDrive/DeepWeeds/dataset/20171109-072655-1.jpg,5,DW_RUBV,5,DW_RUBV,True,0.9947508
/content/drive/MyDrive/DeepWeeds/dataset/20171109-072743-1.jpg,5,DW_RUBV,5,DW_RUBV,True,0.9993118
/content/drive/MyDrive/DeepWeeds/dataset/20171109-072924-3.jpg,5,DW_RUBV,5,DW_RUBV,True,0.9997516
/content/drive/MyDrive/DeepWeeds/dataset/20171109-073153-3.jpg,5,DW_RUBV,5,DW_RUBV,True,0.984438
/content/drive/MyDrive/DeepWeeds/dataset/20171109-073257-1.jpg,5,DW_RUBV,5,DW_RUBV,True,0.99986386
/content/drive/MyDrive/DeepWeeds/dataset/20171109-073321-3.jpg,5,DW_RUBV,5,DW_RUBV,True,0.98449796
/content/drive/MyDrive/DeepWeeds/dataset/20171109-073450-3.jpg,5,DW_RUBV,5,DW_RUBV,True,0.9998079
/content/drive/MyDrive/DeepWeeds/dataset/20171109-073626-1.jpg,5,DW_RUBV,5,DW_RUBV,True,0.99751556
/content/drive/MyDrive/DeepWeeds/dataset/20171109-073724-1.jpg,5,DW_RUBV,5,DW_RUBV,True,0.9987093
/content/drive/MyDrive/DeepWeeds/dataset/20171109-073941-1.jpg,5,DW_RUBV,5,DW_RUBV,True,0.9999713
/content/drive/MyDrive/DeepWeeds/dataset/20171109-074113-3.jpg,5,DW_RUBV,5,DW_RUBV,True,0.8730744
/content/drive/MyDrive/DeepWeeds/dataset/20171109-074159-1.jpg,5,DW_RUBV,5,DW_RUBV,True,0.9187094
/content/drive/MyDrive/DeepWeeds/dataset/20171109-074227-3.jpg,5,DW_RUBV,5,DW_RUBV,True,0.97619313
/content/drive/MyDrive/DeepWeeds/dataset/20171109-074353-1.jpg,5,DW_RUBV,5,DW_RUBV,True,0.9957489
/content/drive/MyDrive/DeepWeeds/dataset/20171109-074524-1.jpg,5,DW_RUBV,5,DW_RUBV,True,0.98362696
/content/drive/MyDrive/DeepWeeds/dataset/20171109-074637-1.jpg,5,DW_RUBV,5,DW_RUBV,True,0.9995314
/content/drive/MyDrive/DeepWeeds/dataset/20171109-074707-3.jpg,5,DW_RUBV,5,DW_RUBV,True,0.9996301
/content/drive/MyDrive/DeepWeeds/dataset/20171109-074707-1.jpg,5,DW_RUBV,5,DW_RUBV,True,0.9999249
/content/drive/MyDrive/DeepWeeds/dataset/20171109-074813-3.jpg,5,DW_RUBV,5,DW_RUBV,True,0.99521
/content/drive/MyDrive/DeepWeeds/dataset/20171109-074955-1.jpg,5,DW_RUBV,5,DW_RUBV,True,0.9911413
/content/drive/MyDrive/DeepWeeds/dataset/20171109-075129-3.jpg,5,DW_RUBV,5,DW_RUBV,True,0.9999925
/content/drive/MyDrive/DeepWeeds/dataset/20171109-084741-3.jpg,5,DW_RUBV,5,DW_RUBV,True,0.9666596
/content/drive/MyDrive/DeepWeeds/dataset/20171109-084949-3.jpg,5,DW_RUBV,5,DW_RUBV,True,0.9549179
/content/drive/MyDrive/DeepWeeds/dataset/20171109-085205-2.jpg,5,DW_RUBV,5,DW_RUBV,True,0.99595815
/content/drive/MyDrive/DeepWeeds/dataset/20171109-085309-3.jpg,5,DW_RUBV,5,DW_RUBV,True,0.9953211
/content/drive/MyDrive/DeepWeeds/dataset/20171109-085426-2.jpg,5,DW_RUBV,5,DW_RUBV,True,0.9971385
/content/drive/MyDrive/DeepWeeds/dataset/20171109-085510-2.jpg,5,DW_RUBV,5,DW_RUBV,True,0.98451877
/content/drive/MyDrive/DeepWeeds/dataset/20171109-085643-2.jpg,5,DW_RUBV,5,DW_RUBV,True,0.9610742
/content/drive/MyDrive/DeepWeeds/dataset/20171109-085941-1.jpg,5,DW_RUBV,5,DW_RUBV,True,0.99913424
/content/drive/MyDrive/DeepWeeds/dataset/20171109-090126-3.jpg,5,DW_RUBV,5,DW_RUBV,True,0.9993498
/content/drive/MyDrive/DeepWeeds/dataset/20171109-090219-3.jpg,5,DW_RUBV,5,DW_RUBV,True,0.9998241
/content/drive/MyDrive/DeepWeeds/dataset/20171109-090247-1.jpg,5,DW_RUBV,5,DW_RUBV,True,0.99896705
/content/drive/MyDrive/DeepWeeds/dataset/20171109-090323-1.jpg,5,DW_RUBV,5,DW_RUBV,True,0.99995136
/content/drive/MyDrive/DeepWeeds/dataset/20171109-090359-1.jpg,5,DW_RUBV,5,DW_RUBV,True,0.9921955
/content/drive/MyDrive/DeepWeeds/dataset/20171109-090427-3.jpg,5,DW_RUBV,5,DW_RUBV,True,0.99999166
/content/drive/MyDrive/DeepWeeds/dataset/20171109-090601-2.jpg,5,DW_RUBV,5,DW_RUBV,True,0.9116369
/content/drive/MyDrive/DeepWeeds/dataset/20171109-090623-3.jpg,5,DW_RUBV,5,DW_RUBV,True,0.99945134
/content/drive/MyDrive/DeepWeeds/dataset/20171109-090726-3.jpg,5,DW_RUBV,5,DW_RUBV,True,0.9990872
/content/drive/MyDrive/DeepWeeds/dataset/20171109-090726-2.jpg,5,DW_RUBV,5,DW_RUBV,True,0.9979626
/content/drive/MyDrive/DeepWeeds/dataset/20171109-090749-1.jpg,5,DW_RUBV,5,DW_RUBV,True,0.9994399
/content/drive/MyDrive/DeepWeeds/dataset/20171109-090842-1.jpg,5,DW_RUBV,5,DW_RUBV,True,0.9996654
/content/drive/MyDrive/DeepWeeds/dataset/20171109-090954-1.jpg,5,DW_RUBV,5,DW_RUBV,True,0.99683124
/content/drive/MyDrive/DeepWeeds/dataset/20171109-091031-1.jpg,5,DW_RUBV,5,DW_RUBV,True,0.99260783
/content/drive/MyDrive/DeepWeeds/dataset/20171109-091124-2.jpg,5,DW_RUBV,5,DW_RUBV,True,0.9974197
/content/drive/MyDrive/DeepWeeds/dataset/20171109-091205-2.jpg,5,DW_RUBV,5,DW_RUBV,True,0.9851739
/content/drive/MyDrive/DeepWeeds/dataset/20171109-091257-3.jpg,5,DW_RUBV,5,DW_RUBV,True,0.9946983
/content/drive/MyDrive/DeepWeeds/dataset/20171109-091409-3.jpg,5,DW_RUBV,5,DW_RUBV,True,0.9997962
/content/drive/MyDrive/DeepWeeds/dataset/20171109-091506-3.jpg,5,DW_RUBV,5,DW_RUBV,True,0.99999106
/content/drive/MyDrive/DeepWeeds/dataset/20171109-091521-2.jpg,5,DW_RUBV,5,DW_RUBV,True,0.99980694
/content/drive/MyDrive/DeepWeeds/dataset/20171109-091628-2.jpg,5,DW_RUBV,5,DW_RUBV,True,0.99960536
/content/drive/MyDrive/DeepWeeds/dataset/20171109-091701-2.jpg,5,DW_RUBV,5,DW_RUBV,True,0.99949324
/content/drive/MyDrive/DeepWeeds/dataset/20171109-091812-1.jpg,5,DW_RUBV,5,DW_RUBV,True,0.9997794
/content/drive/MyDrive/DeepWeeds/dataset/20171109-091826-1.jpg,5,DW_RUBV,5,DW_RUBV,True,0.99720407
/content/drive/MyDrive/DeepWeeds/dataset/20171109-092005-1.jpg,5,DW_RUBV,5,DW_RUBV,True,0.99990296
/content/drive/MyDrive/DeepWeeds/dataset/20171109-092048-1.jpg,5,DW_RUBV,5,DW_RUBV,True,0.9879104
/content/drive/MyDrive/DeepWeeds/dataset/20171109-092149-1.jpg,5,DW_RUBV,5,DW_RUBV,True,0.99957746
/content/drive/MyDrive/DeepWeeds/dataset/20171109-092301-2.jpg,5,DW_RUBV,5,DW_RUBV,True,0.9985806
/content/drive/MyDrive/DeepWeeds/dataset/20171109-092404-2.jpg,5,DW_RUBV,5,DW_RUBV,True,0.7259454
/content/drive/MyDrive/DeepWeeds/dataset/20171109-092455-2.jpg,5,DW_RUBV,5,DW_RUBV,True,0.9987876
/content/drive/MyDrive/DeepWeeds/dataset/20171109-092540-1.jpg,5,DW_RUBV,5,DW_RUBV,True,0.99729115
/content/drive/MyDrive/DeepWeeds/dataset/20171109-092615-1.jpg,5,DW_RUBV,5,DW_RUBV,True,0.9999064
/content/drive/MyDrive/DeepWeeds/dataset/20171109-092733-1.jpg,5,DW_RUBV,5,DW_RUBV,True,0.7303068
/content/drive/MyDrive/DeepWeeds/dataset/20171109-092818-1.jpg,5,DW_RUBV,5,DW_RUBV,True,0.9864001
/content/drive/MyDrive/DeepWeeds/dataset/20171109-092910-2.jpg,5,DW_RUBV,5,DW_RUBV,True,0.99864405
/content/drive/MyDrive/DeepWeeds/dataset/20171109-093036-3.jpg,5,DW_RUBV,5,DW_RUBV,True,0.9970337
/content/drive/MyDrive/DeepWeeds/dataset/20171109-093142-2.jpg,5,DW_RUBV,5,DW_RUBV,True,0.99527895
/content/drive/MyDrive/DeepWeeds/dataset/20171109-093200-3.jpg,5,DW_RUBV,5,DW_RUBV,True,0.9750333
/content/drive/MyDrive/DeepWeeds/dataset/20171109-093300-1.jpg,5,DW_RUBV,5,DW_RUBV,True,0.99937636
/content/drive/MyDrive/DeepWeeds/dataset/20171109-093351-2.jpg,5,DW_RUBV,5,DW_RUBV,True,0.9993316
/content/drive/MyDrive/DeepWeeds/dataset/20171109-093438-2.jpg,5,DW_RUBV,6,DW_SIWE,False,0.82386327
/content/drive/MyDrive/DeepWeeds/dataset/20171109-093513-1.jpg,5,DW_RUBV,8,DW_NEG,False,0.79529077
/content/drive/MyDrive/DeepWeeds/dataset/20171109-093542-2.jpg,5,DW_RUBV,5,DW_RUBV,True,0.99885345
/content/drive/MyDrive/DeepWeeds/dataset/20171109-093715-3.jpg,5,DW_RUBV,5,DW_RUBV,True,0.9999311
/content/drive/MyDrive/DeepWeeds/dataset/20171109-093759-1.jpg,5,DW_RUBV,5,DW_RUBV,True,0.95016396
/content/drive/MyDrive/DeepWeeds/dataset/20171109-093826-3.jpg,5,DW_RUBV,5,DW_RUBV,True,0.9999323
/content/drive/MyDrive/DeepWeeds/dataset/20171109-094215-2.jpg,5,DW_RUBV,5,DW_RUBV,True,0.9419487
/content/drive/MyDrive/DeepWeeds/dataset/20171109-094316-3.jpg,5,DW_RUBV,5,DW_RUBV,True,0.99631196
/content/drive/MyDrive/DeepWeeds/dataset/20171109-094851-2.jpg,5,DW_RUBV,8,DW_NEG,False,0.51380515
/content/drive/MyDrive/DeepWeeds/dataset/20171109-095224-3.jpg,5,DW_RUBV,5,DW_RUBV,True,0.92491436
/content/drive/MyDrive/DeepWeeds/dataset/20171109-095504-2.jpg,5,DW_RUBV,5,DW_RUBV,True,0.91398036
/content/drive/MyDrive/DeepWeeds/dataset/20171109-095516-2.jpg,5,DW_RUBV,5,DW_RUBV,True,0.8248468
/content/drive/MyDrive/DeepWeeds/dataset/20171109-175951-2.jpg,5,DW_RUBV,5,DW_RUBV,True,0.9061494
/content/drive/MyDrive/DeepWeeds/dataset/20171109-193741-1.jpg,5,DW_RUBV,6,DW_SIWE,False,0.80146617
/content/drive/MyDrive/DeepWeeds/dataset/20171109-193932-1.jpg,5,DW_RUBV,5,DW_RUBV,True,0.996867
/content/drive/MyDrive/DeepWeeds/dataset/20171109-194044-1.jpg,5,DW_RUBV,5,DW_RUBV,True,0.99993145
/content/drive/MyDrive/DeepWeeds/dataset/20171109-194239-1.jpg,5,DW_RUBV,5,DW_RUBV,True,0.9999654
/content/drive/MyDrive/DeepWeeds/dataset/20171109-194604-1.jpg,5,DW_RUBV,5,DW_RUBV,True,0.9944841
/content/drive/MyDrive/DeepWeeds/dataset/20171109-194734-1.jpg,5,DW_RUBV,5,DW_RUBV,True,0.999962
/content/drive/MyDrive/DeepWeeds/dataset/20171109-194934-1.jpg,5,DW_RUBV,5,DW_RUBV,True,0.9136865
/content/drive/MyDrive/DeepWeeds/dataset/20171109-195050-1.jpg,5,DW_RUBV,5,DW_RUBV,True,0.9986129
/content/drive/MyDrive/DeepWeeds/dataset/20171113-060557-1.jpg,6,DW_SIWE,1,DW_LANT,False,0.6260486
/content/drive/MyDrive/DeepWeeds/dataset/20171113-060751-1.jpg,6,DW_SIWE,6,DW_SIWE,True,0.9997751
/content/drive/MyDrive/DeepWeeds/dataset/20171113-060924-1.jpg,6,DW_SIWE,6,DW_SIWE,True,0.99990904
/content/drive/MyDrive/DeepWeeds/dataset/20171113-061216-1.jpg,6,DW_SIWE,6,DW_SIWE,True,0.98909634
/content/drive/MyDrive/DeepWeeds/dataset/20171113-061441-1.jpg,6,DW_SIWE,6,DW_SIWE,True,0.99989283
/content/drive/MyDrive/DeepWeeds/dataset/20171113-091604-3.jpg,5,DW_RUBV,5,DW_RUBV,True,0.9975803
/content/drive/MyDrive/DeepWeeds/dataset/20171113-091817-3.jpg,5,DW_RUBV,0,DW_CHAP,False,0.60942954
/content/drive/MyDrive/DeepWeeds/dataset/20171113-092056-3.jpg,5,DW_RUBV,5,DW_RUBV,True,0.9971675
/content/drive/MyDrive/DeepWeeds/dataset/20171113-092415-1.jpg,5,DW_RUBV,5,DW_RUBV,True,0.8041214
/content/drive/MyDrive/DeepWeeds/dataset/20171113-092423-3.jpg,5,DW_RUBV,5,DW_RUBV,True,0.9960699
/content/drive/MyDrive/DeepWeeds/dataset/20171113-092503-1.jpg,5,DW_RUBV,5,DW_RUBV,True,0.9994778
/content/drive/MyDrive/DeepWeeds/dataset/20171113-092616-3.jpg,5,DW_RUBV,5,DW_RUBV,True,0.9904564
/content/drive/MyDrive/DeepWeeds/dataset/20171113-092826-3.jpg,5,DW_RUBV,5,DW_RUBV,True,0.9536975
/content/drive/MyDrive/DeepWeeds/dataset/20171113-092943-1.jpg,5,DW_RUBV,5,DW_RUBV,True,0.8913961
/content/drive/MyDrive/DeepWeeds/dataset/20171113-093033-1.jpg,5,DW_RUBV,5,DW_RUBV,True,0.96846205
/content/drive/MyDrive/DeepWeeds/dataset/20171113-093432-1.jpg,5,DW_RUBV,5,DW_RUBV,True,0.999134
/content/drive/MyDrive/DeepWeeds/dataset/20171113-093619-3.jpg,5,DW_RUBV,5,DW_RUBV,True,0.82457876
/content/drive/MyDrive/DeepWeeds/dataset/20171113-094218-3.jpg,5,DW_RUBV,8,DW_NEG,False,0.6297715
/content/drive/MyDrive/DeepWeeds/dataset/20171113-094525-3.jpg,5,DW_RUBV,5,DW_RUBV,True,0.944974
/content/drive/MyDrive/DeepWeeds/dataset/20171113-094840-3.jpg,5,DW_RUBV,5,DW_RUBV,True,0.99996567
/content/drive/MyDrive/DeepWeeds/dataset/20171113-095025-3.jpg,5,DW_RUBV,5,DW_RUBV,True,0.99940276
/content/drive/MyDrive/DeepWeeds/dataset/20171113-095501-3.jpg,5,DW_RUBV,5,DW_RUBV,True,0.9999964
/content/drive/MyDrive/DeepWeeds/dataset/20171113-095647-1.jpg,5,DW_RUBV,5,DW_RUBV,True,0.9982572
/content/drive/MyDrive/DeepWeeds/dataset/20171113-095713-1.jpg,5,DW_RUBV,5,DW_RUBV,True,0.52390635
/content/drive/MyDrive/DeepWeeds/dataset/20171113-100431-3.jpg,5,DW_RUBV,5,DW_RUBV,True,0.99974483
/content/drive/MyDrive/DeepWeeds/dataset/20171113-100926-1.jpg,5,DW_RUBV,5,DW_RUBV,True,0.96218204
/content/drive/MyDrive/DeepWeeds/dataset/20171113-101111-1.jpg,5,DW_RUBV,5,DW_RUBV,True,0.9983563
/content/drive/MyDrive/DeepWeeds/dataset/20171113-101255-1.jpg,5,DW_RUBV,5,DW_RUBV,True,0.9955193
/content/drive/MyDrive/DeepWeeds/dataset/20171113-101410-3.jpg,5,DW_RUBV,5,DW_RUBV,True,0.9952319
/content/drive/MyDrive/DeepWeeds/dataset/20171113-101506-1.jpg,5,DW_RUBV,5,DW_RUBV,True,0.8376017
/content/drive/MyDrive/DeepWeeds/dataset/20171113-101657-3.jpg,5,DW_RUBV,5,DW_RUBV,True,0.9999145
/content/drive/MyDrive/DeepWeeds/dataset/20171113-101845-1.jpg,5,DW_RUBV,5,DW_RUBV,True,0.9944713
/content/drive/MyDrive/DeepWeeds/dataset/20171113-101927-0.jpg,6,DW_SIWE,6,DW_SIWE,True,0.991967
/content/drive/MyDrive/DeepWeeds/dataset/20171113-102057-1.jpg,5,DW_RUBV,5,DW_RUBV,True,0.98875403
/content/drive/MyDrive/DeepWeeds/dataset/20171113-102132-1.jpg,5,DW_RUBV,5,DW_RUBV,True,0.7046304
/content/drive/MyDrive/DeepWeeds/dataset/20171113-102414-0.jpg,6,DW_SIWE,6,DW_SIWE,True,0.99999976
/content/drive/MyDrive/DeepWeeds/dataset/20171113-103235-0.jpg,6,DW_SIWE,6,DW_SIWE,True,1.0
/content/drive/MyDrive/DeepWeeds/dataset/20171113-104614-0.jpg,6,DW_SIWE,6,DW_SIWE,True,0.99999976
/content/drive/MyDrive/DeepWeeds/dataset/20171113-105433-0.jpg,6,DW_SIWE,6,DW_SIWE,True,0.99990726
/content/drive/MyDrive/DeepWeeds/dataset/20171113-111444-0.jpg,6,DW_SIWE,6,DW_SIWE,True,0.9966947
/content/drive/MyDrive/DeepWeeds/dataset/20171113-112552-0.jpg,6,DW_SIWE,6,DW_SIWE,True,1.0
/content/drive/MyDrive/DeepWeeds/dataset/20171113-112836-0.jpg,6,DW_SIWE,6,DW_SIWE,True,0.99997795
/content/drive/MyDrive/DeepWeeds/dataset/20171113-115125-1.jpg,6,DW_SIWE,6,DW_SIWE,True,0.9996339
/content/drive/MyDrive/DeepWeeds/dataset/20171113-115211-3.jpg,6,DW_SIWE,6,DW_SIWE,True,0.97314745
/content/drive/MyDrive/DeepWeeds/dataset/20171113-115402-3.jpg,6,DW_SIWE,6,DW_SIWE,True,0.9656645
/content/drive/MyDrive/DeepWeeds/dataset/20171113-115609-1.jpg,6,DW_SIWE,6,DW_SIWE,True,0.9996532
/content/drive/MyDrive/DeepWeeds/dataset/20171113-115816-0.jpg,6,DW_SIWE,6,DW_SIWE,True,0.9999981
/content/drive/MyDrive/DeepWeeds/dataset/20171113-115857-1.jpg,6,DW_SIWE,6,DW_SIWE,True,0.9082001
/content/drive/MyDrive/DeepWeeds/dataset/20171113-115932-1.jpg,6,DW_SIWE,6,DW_SIWE,True,0.99986184
/content/drive/MyDrive/DeepWeeds/dataset/20171113-120014-3.jpg,6,DW_SIWE,8,DW_NEG,False,0.61108565
/content/drive/MyDrive/DeepWeeds/dataset/20171113-120134-1.jpg,6,DW_SIWE,6,DW_SIWE,True,0.9967368
/content/drive/MyDrive/DeepWeeds/dataset/20171113-120206-1.jpg,6,DW_SIWE,6,DW_SIWE,True,0.9953766
/content/drive/MyDrive/DeepWeeds/dataset/20171113-120222-1.jpg,6,DW_SIWE,6,DW_SIWE,True,0.97766703
/content/drive/MyDrive/DeepWeeds/dataset/20171113-120413-1.jpg,6,DW_SIWE,6,DW_SIWE,True,0.9999602
/content/drive/MyDrive/DeepWeeds/dataset/20171113-120539-2.jpg,6,DW_SIWE,6,DW_SIWE,True,0.9995708
/content/drive/MyDrive/DeepWeeds/dataset/20171113-120603-2.jpg,6,DW_SIWE,6,DW_SIWE,True,0.99172115
/content/drive/MyDrive/DeepWeeds/dataset/20171113-120654-2.jpg,6,DW_SIWE,6,DW_SIWE,True,0.99994874
/content/drive/MyDrive/DeepWeeds/dataset/20171113-120832-1.jpg,6,DW_SIWE,6,DW_SIWE,True,0.98455393
/content/drive/MyDrive/DeepWeeds/dataset/20171113-121025-1.jpg,6,DW_SIWE,6,DW_SIWE,True,0.999997
/content/drive/MyDrive/DeepWeeds/dataset/20171113-121335-3.jpg,6,DW_SIWE,6,DW_SIWE,True,0.9995478
/content/drive/MyDrive/DeepWeeds/dataset/20171113-121456-1.jpg,6,DW_SIWE,6,DW_SIWE,True,0.87525594
/content/drive/MyDrive/DeepWeeds/dataset/20171113-121703-1.jpg,6,DW_SIWE,6,DW_SIWE,True,0.8260943
/content/drive/MyDrive/DeepWeeds/dataset/20171113-121813-0.jpg,6,DW_SIWE,6,DW_SIWE,True,1.0
/content/drive/MyDrive/DeepWeeds/dataset/20171113-122227-3.jpg,6,DW_SIWE,6,DW_SIWE,True,0.9998816
/content/drive/MyDrive/DeepWeeds/dataset/20171113-122417-3.jpg,6,DW_SIWE,6,DW_SIWE,True,0.9988444
/content/drive/MyDrive/DeepWeeds/dataset/20171113-123027-3.jpg,6,DW_SIWE,6,DW_SIWE,True,0.99762684
/content/drive/MyDrive/DeepWeeds/dataset/20171113-123106-1.jpg,6,DW_SIWE,6,DW_SIWE,True,0.9997825
/content/drive/MyDrive/DeepWeeds/dataset/20171113-123302-1.jpg,6,DW_SIWE,6,DW_SIWE,True,0.9986731
/content/drive/MyDrive/DeepWeeds/dataset/20171113-123427-3.jpg,6,DW_SIWE,6,DW_SIWE,True,0.99999976
/content/drive/MyDrive/DeepWeeds/dataset/20171113-123524-3.jpg,6,DW_SIWE,6,DW_SIWE,True,0.9967277
/content/drive/MyDrive/DeepWeeds/dataset/20171113-123604-1.jpg,6,DW_SIWE,6,DW_SIWE,True,0.99999976
/content/drive/MyDrive/DeepWeeds/dataset/20171113-123718-3.jpg,6,DW_SIWE,6,DW_SIWE,True,0.99562484
/content/drive/MyDrive/DeepWeeds/dataset/20171113-123824-1.jpg,6,DW_SIWE,6,DW_SIWE,True,0.999665
/content/drive/MyDrive/DeepWeeds/dataset/20171113-123943-3.jpg,6,DW_SIWE,6,DW_SIWE,True,0.97760504
/content/drive/MyDrive/DeepWeeds/dataset/20171113-124114-1.jpg,6,DW_SIWE,6,DW_SIWE,True,0.96840346
/content/drive/MyDrive/DeepWeeds/dataset/20171113-124140-0.jpg,6,DW_SIWE,6,DW_SIWE,True,0.9987783
/content/drive/MyDrive/DeepWeeds/dataset/20171113-124246-3.jpg,6,DW_SIWE,6,DW_SIWE,True,0.99999714
/content/drive/MyDrive/DeepWeeds/dataset/20171113-124335-1.jpg,6,DW_SIWE,6,DW_SIWE,True,0.99993193
/content/drive/MyDrive/DeepWeeds/dataset/20171113-124540-3.jpg,6,DW_SIWE,6,DW_SIWE,True,0.872968
/content/drive/MyDrive/DeepWeeds/dataset/20171113-130049-2.jpg,6,DW_SIWE,6,DW_SIWE,True,0.94882864
/content/drive/MyDrive/DeepWeeds/dataset/20171113-130331-2.jpg,6,DW_SIWE,6,DW_SIWE,True,0.9991191
/content/drive/MyDrive/DeepWeeds/dataset/20171113-130402-2.jpg,6,DW_SIWE,6,DW_SIWE,True,0.99957186
/content/drive/MyDrive/DeepWeeds/dataset/20171113-130902-2.jpg,6,DW_SIWE,6,DW_SIWE,True,0.9934542
/content/drive/MyDrive/DeepWeeds/dataset/20171113-131014-2.jpg,6,DW_SIWE,6,DW_SIWE,True,0.9998642
/content/drive/MyDrive/DeepWeeds/dataset/20171113-131307-1.jpg,6,DW_SIWE,6,DW_SIWE,True,0.9994861
/content/drive/MyDrive/DeepWeeds/dataset/20171113-131307-2.jpg,6,DW_SIWE,6,DW_SIWE,True,0.96115595
/content/drive/MyDrive/DeepWeeds/dataset/20171113-131345-1.jpg,6,DW_SIWE,6,DW_SIWE,True,0.99919087
/content/drive/MyDrive/DeepWeeds/dataset/20171113-131411-1.jpg,6,DW_SIWE,6,DW_SIWE,True,0.99912125
/content/drive/MyDrive/DeepWeeds/dataset/20171113-131413-0.jpg,6,DW_SIWE,6,DW_SIWE,True,0.9999814
/content/drive/MyDrive/DeepWeeds/dataset/20171113-131609-1.jpg,6,DW_SIWE,6,DW_SIWE,True,0.9989011
/content/drive/MyDrive/DeepWeeds/dataset/20171113-131803-1.jpg,6,DW_SIWE,6,DW_SIWE,True,0.9995968
/content/drive/MyDrive/DeepWeeds/dataset/20171113-131833-3.jpg,6,DW_SIWE,6,DW_SIWE,True,0.88922215
/content/drive/MyDrive/DeepWeeds/dataset/20171113-131947-2.jpg,6,DW_SIWE,6,DW_SIWE,True,0.9987833
/content/drive/MyDrive/DeepWeeds/dataset/20171113-132028-3.jpg,6,DW_SIWE,6,DW_SIWE,True,0.95795876
/content/drive/MyDrive/DeepWeeds/dataset/20171113-132058-1.jpg,6,DW_SIWE,6,DW_SIWE,True,0.9992818
/content/drive/MyDrive/DeepWeeds/dataset/20171113-132208-1.jpg,6,DW_SIWE,6,DW_SIWE,True,0.9984352
/content/drive/MyDrive/DeepWeeds/dataset/20171113-132323-3.jpg,6,DW_SIWE,6,DW_SIWE,True,0.8602434
/content/drive/MyDrive/DeepWeeds/dataset/20171113-132342-3.jpg,6,DW_SIWE,6,DW_SIWE,True,0.99999905
/content/drive/MyDrive/DeepWeeds/dataset/20171113-132416-3.jpg,6,DW_SIWE,6,DW_SIWE,True,0.9997589
/content/drive/MyDrive/DeepWeeds/dataset/20171113-132511-3.jpg,6,DW_SIWE,6,DW_SIWE,True,0.98475075
/content/drive/MyDrive/DeepWeeds/dataset/20171113-132644-1.jpg,6,DW_SIWE,6,DW_SIWE,True,0.99991786
/content/drive/MyDrive/DeepWeeds/dataset/20171113-132701-1.jpg,6,DW_SIWE,6,DW_SIWE,True,0.99714893
/content/drive/MyDrive/DeepWeeds/dataset/20171113-132837-1.jpg,6,DW_SIWE,6,DW_SIWE,True,0.9999999
/content/drive/MyDrive/DeepWeeds/dataset/20171113-132956-0.jpg,6,DW_SIWE,6,DW_SIWE,True,0.9989754
/content/drive/MyDrive/DeepWeeds/dataset/20171113-133044-3.jpg,6,DW_SIWE,6,DW_SIWE,True,0.9958175
/content/drive/MyDrive/DeepWeeds/dataset/20171113-133059-3.jpg,6,DW_SIWE,6,DW_SIWE,True,0.98635465
/content/drive/MyDrive/DeepWeeds/dataset/20171113-133241-3.jpg,6,DW_SIWE,6,DW_SIWE,True,0.9592178
/content/drive/MyDrive/DeepWeeds/dataset/20171113-133317-3.jpg,6,DW_SIWE,6,DW_SIWE,True,0.99961096
/content/drive/MyDrive/DeepWeeds/dataset/20171113-133536-1.jpg,6,DW_SIWE,6,DW_SIWE,True,0.9992095
/content/drive/MyDrive/DeepWeeds/dataset/20171113-133710-1.jpg,6,DW_SIWE,6,DW_SIWE,True,0.9916597
/content/drive/MyDrive/DeepWeeds/dataset/20171113-133808-1.jpg,6,DW_SIWE,6,DW_SIWE,True,0.9239413
/content/drive/MyDrive/DeepWeeds/dataset/20171113-133912-3.jpg,6,DW_SIWE,6,DW_SIWE,True,0.9997527
/content/drive/MyDrive/DeepWeeds/dataset/20171113-133946-1.jpg,6,DW_SIWE,6,DW_SIWE,True,0.99453956
/content/drive/MyDrive/DeepWeeds/dataset/20171113-134032-1.jpg,6,DW_SIWE,6,DW_SIWE,True,0.9966181
/content/drive/MyDrive/DeepWeeds/dataset/20171113-134220-1.jpg,6,DW_SIWE,6,DW_SIWE,True,0.99900573
/content/drive/MyDrive/DeepWeeds/dataset/20171113-134326-3.jpg,6,DW_SIWE,1,DW_LANT,False,0.52068424
/content/drive/MyDrive/DeepWeeds/dataset/20171113-134550-1.jpg,6,DW_SIWE,6,DW_SIWE,True,0.99881506
/content/drive/MyDrive/DeepWeeds/dataset/20171113-134630-3.jpg,6,DW_SIWE,6,DW_SIWE,True,0.9998235
/content/drive/MyDrive/DeepWeeds/dataset/20171113-134706-3.jpg,6,DW_SIWE,6,DW_SIWE,True,0.9747842
/content/drive/MyDrive/DeepWeeds/dataset/20171113-134828-1.jpg,6,DW_SIWE,6,DW_SIWE,True,0.99999535
/content/drive/MyDrive/DeepWeeds/dataset/20171113-134906-1.jpg,6,DW_SIWE,6,DW_SIWE,True,0.9959785
/content/drive/MyDrive/DeepWeeds/dataset/20171113-134913-3.jpg,6,DW_SIWE,6,DW_SIWE,True,0.99699557
/content/drive/MyDrive/DeepWeeds/dataset/20171113-134952-3.jpg,6,DW_SIWE,6,DW_SIWE,True,0.99996364
/content/drive/MyDrive/DeepWeeds/dataset/20171113-135139-3.jpg,6,DW_SIWE,6,DW_SIWE,True,0.99960774
/content/drive/MyDrive/DeepWeeds/dataset/20171113-135243-1.jpg,6,DW_SIWE,6,DW_SIWE,True,0.99943215
/content/drive/MyDrive/DeepWeeds/dataset/20171113-135359-3.jpg,6,DW_SIWE,6,DW_SIWE,True,0.9544699
/content/drive/MyDrive/DeepWeeds/dataset/20171113-135516-0.jpg,6,DW_SIWE,6,DW_SIWE,True,0.9999893
/content/drive/MyDrive/DeepWeeds/dataset/20171113-135935-1.jpg,6,DW_SIWE,6,DW_SIWE,True,0.9786507
/content/drive/MyDrive/DeepWeeds/dataset/20171113-140103-1.jpg,6,DW_SIWE,6,DW_SIWE,True,0.9998847
/content/drive/MyDrive/DeepWeeds/dataset/20171113-140203-1.jpg,6,DW_SIWE,6,DW_SIWE,True,0.999925
/content/drive/MyDrive/DeepWeeds/dataset/20171113-140302-2.jpg,6,DW_SIWE,6,DW_SIWE,True,0.9999515
/content/drive/MyDrive/DeepWeeds/dataset/20171113-140544-2.jpg,6,DW_SIWE,6,DW_SIWE,True,0.99700695
/content/drive/MyDrive/DeepWeeds/dataset/20171113-140720-2.jpg,6,DW_SIWE,6,DW_SIWE,True,0.9999614
/content/drive/MyDrive/DeepWeeds/dataset/20171113-140845-2.jpg,6,DW_SIWE,6,DW_SIWE,True,0.9999969
/content/drive/MyDrive/DeepWeeds/dataset/20171113-141151-2.jpg,6,DW_SIWE,6,DW_SIWE,True,0.99999654
/content/drive/MyDrive/DeepWeeds/dataset/20171113-141253-2.jpg,6,DW_SIWE,6,DW_SIWE,True,0.99890363
/content/drive/MyDrive/DeepWeeds/dataset/20171113-141326-2.jpg,6,DW_SIWE,6,DW_SIWE,True,1.0
/content/drive/MyDrive/DeepWeeds/dataset/20171113-141550-2.jpg,6,DW_SIWE,6,DW_SIWE,True,0.99856466
/content/drive/MyDrive/DeepWeeds/dataset/20171113-141752-2.jpg,6,DW_SIWE,6,DW_SIWE,True,0.9652624
/content/drive/MyDrive/DeepWeeds/dataset/20171113-142008-2.jpg,6,DW_SIWE,6,DW_SIWE,True,0.99471223
/content/drive/MyDrive/DeepWeeds/dataset/20171113-142238-2.jpg,6,DW_SIWE,6,DW_SIWE,True,0.995977
/content/drive/MyDrive/DeepWeeds/dataset/20171113-142438-2.jpg,6,DW_SIWE,6,DW_SIWE,True,0.9997979
/content/drive/MyDrive/DeepWeeds/dataset/20171113-142645-0.jpg,6,DW_SIWE,6,DW_SIWE,True,0.9999987
/content/drive/MyDrive/DeepWeeds/dataset/20171113-142713-2.jpg,6,DW_SIWE,6,DW_SIWE,True,0.9856017
/content/drive/MyDrive/DeepWeeds/dataset/20171113-142823-0.jpg,6,DW_SIWE,6,DW_SIWE,True,0.99980146
/content/drive/MyDrive/DeepWeeds/dataset/20171113-142844-3.jpg,6,DW_SIWE,6,DW_SIWE,True,0.9999963
/content/drive/MyDrive/DeepWeeds/dataset/20171113-143038-3.jpg,6,DW_SIWE,6,DW_SIWE,True,0.99878854
/content/drive/MyDrive/DeepWeeds/dataset/20171113-143204-3.jpg,6,DW_SIWE,6,DW_SIWE,True,0.99640757
/content/drive/MyDrive/DeepWeeds/dataset/20171113-143258-3.jpg,6,DW_SIWE,6,DW_SIWE,True,0.9999981
/content/drive/MyDrive/DeepWeeds/dataset/20171113-143259-0.jpg,6,DW_SIWE,6,DW_SIWE,True,0.99999976
/content/drive/MyDrive/DeepWeeds/dataset/20171113-143513-2.jpg,6,DW_SIWE,6,DW_SIWE,True,0.9892419
/content/drive/MyDrive/DeepWeeds/dataset/20171113-143805-2.jpg,6,DW_SIWE,6,DW_SIWE,True,0.9839175
/content/drive/MyDrive/DeepWeeds/dataset/20171113-143827-3.jpg,6,DW_SIWE,6,DW_SIWE,True,0.9990728
/content/drive/MyDrive/DeepWeeds/dataset/20171113-143958-2.jpg,6,DW_SIWE,6,DW_SIWE,True,0.9960038
/content/drive/MyDrive/DeepWeeds/dataset/20171113-144143-2.jpg,6,DW_SIWE,6,DW_SIWE,True,0.9999926
/content/drive/MyDrive/DeepWeeds/dataset/20171113-144239-3.jpg,6,DW_SIWE,6,DW_SIWE,True,0.9977518
/content/drive/MyDrive/DeepWeeds/dataset/20171113-144335-1.jpg,6,DW_SIWE,6,DW_SIWE,True,0.9998259
/content/drive/MyDrive/DeepWeeds/dataset/20171113-144441-2.jpg,6,DW_SIWE,6,DW_SIWE,True,0.9999901
/content/drive/MyDrive/DeepWeeds/dataset/20171113-144523-3.jpg,6,DW_SIWE,6,DW_SIWE,True,0.9374484
/content/drive/MyDrive/DeepWeeds/dataset/20171113-144652-3.jpg,6,DW_SIWE,5,DW_RUBV,False,0.6572071
/content/drive/MyDrive/DeepWeeds/dataset/20171113-144802-3.jpg,6,DW_SIWE,6,DW_SIWE,True,0.9981622
/content/drive/MyDrive/DeepWeeds/dataset/20171113-144900-1.jpg,6,DW_SIWE,6,DW_SIWE,True,0.99870145
/content/drive/MyDrive/DeepWeeds/dataset/20171113-145022-1.jpg,6,DW_SIWE,6,DW_SIWE,True,0.90872574
/content/drive/MyDrive/DeepWeeds/dataset/20171113-145105-1.jpg,6,DW_SIWE,6,DW_SIWE,True,0.99999464
/content/drive/MyDrive/DeepWeeds/dataset/20171113-145232-3.jpg,6,DW_SIWE,6,DW_SIWE,True,0.99977356
/content/drive/MyDrive/DeepWeeds/dataset/20171113-145322-0.jpg,6,DW_SIWE,6,DW_SIWE,True,0.99916756
/content/drive/MyDrive/DeepWeeds/dataset/20171113-145415-3.jpg,6,DW_SIWE,6,DW_SIWE,True,0.9972697
/content/drive/MyDrive/DeepWeeds/dataset/20171113-145512-1.jpg,6,DW_SIWE,6,DW_SIWE,True,0.9999088
/content/drive/MyDrive/DeepWeeds/dataset/20171113-145632-3.jpg,6,DW_SIWE,6,DW_SIWE,True,0.99698997
/content/drive/MyDrive/DeepWeeds/dataset/20171113-145759-3.jpg,6,DW_SIWE,6,DW_SIWE,True,0.9999747
/content/drive/MyDrive/DeepWeeds/dataset/20171113-145845-3.jpg,6,DW_SIWE,6,DW_SIWE,True,0.9368886
/content/drive/MyDrive/DeepWeeds/dataset/20171113-150055-1.jpg,6,DW_SIWE,6,DW_SIWE,True,0.8056241
/content/drive/MyDrive/DeepWeeds/dataset/20171113-150257-3.jpg,6,DW_SIWE,6,DW_SIWE,True,0.9998901
/content/drive/MyDrive/DeepWeeds/dataset/20171113-150406-3.jpg,6,DW_SIWE,6,DW_SIWE,True,0.87402666
/content/drive/MyDrive/DeepWeeds/dataset/20171113-150538-3.jpg,6,DW_SIWE,6,DW_SIWE,True,0.99942064
/content/drive/MyDrive/DeepWeeds/dataset/20171113-150713-1.jpg,6,DW_SIWE,6,DW_SIWE,True,0.775637
/content/drive/MyDrive/DeepWeeds/dataset/20171113-151058-0.jpg,6,DW_SIWE,6,DW_SIWE,True,0.99993706
/content/drive/MyDrive/DeepWeeds/dataset/20171113-151653-1.jpg,6,DW_SIWE,6,DW_SIWE,True,0.9997633
/content/drive/MyDrive/DeepWeeds/dataset/20171113-151844-1.jpg,6,DW_SIWE,6,DW_SIWE,True,0.9999993
/content/drive/MyDrive/DeepWeeds/dataset/20171113-151947-1.jpg,6,DW_SIWE,6,DW_SIWE,True,0.9999229
/content/drive/MyDrive/DeepWeeds/dataset/20171113-152542-0.jpg,6,DW_SIWE,6,DW_SIWE,True,0.99999964
/content/drive/MyDrive/DeepWeeds/dataset/20171113-153310-0.jpg,6,DW_SIWE,6,DW_SIWE,True,0.99747735
/content/drive/MyDrive/DeepWeeds/dataset/20171113-154731-0.jpg,6,DW_SIWE,6,DW_SIWE,True,0.5564862
/content/drive/MyDrive/DeepWeeds/dataset/20171113-162351-0.jpg,6,DW_SIWE,6,DW_SIWE,True,0.9999615
/content/drive/MyDrive/DeepWeeds/dataset/20171113-163420-0.jpg,6,DW_SIWE,6,DW_SIWE,True,0.9872773
/content/drive/MyDrive/DeepWeeds/dataset/20171113-165713-0.jpg,6,DW_SIWE,6,DW_SIWE,True,0.9998455
/content/drive/MyDrive/DeepWeeds/dataset/20171113-165829-0.jpg,6,DW_SIWE,6,DW_SIWE,True,0.90381503
/content/drive/MyDrive/DeepWeeds/dataset/20171113-173515-0.jpg,6,DW_SIWE,6,DW_SIWE,True,0.9999263
/content/drive/MyDrive/DeepWeeds/dataset/20171121-071112-1.jpg,6,DW_SIWE,6,DW_SIWE,True,0.9993875
/content/drive/MyDrive/DeepWeeds/dataset/20171121-071808-1.jpg,6,DW_SIWE,6,DW_SIWE,True,0.98727554
/content/drive/MyDrive/DeepWeeds/dataset/20171121-071942-1.jpg,6,DW_SIWE,6,DW_SIWE,True,0.8818235
/content/drive/MyDrive/DeepWeeds/dataset/20171121-072215-1.jpg,6,DW_SIWE,6,DW_SIWE,True,0.9921143
/content/drive/MyDrive/DeepWeeds/dataset/20171121-072546-1.jpg,6,DW_SIWE,6,DW_SIWE,True,0.9624759
/content/drive/MyDrive/DeepWeeds/dataset/20171121-072630-1.jpg,6,DW_SIWE,6,DW_SIWE,True,0.99849486
/content/drive/MyDrive/DeepWeeds/dataset/20171121-072742-1.jpg,6,DW_SIWE,6,DW_SIWE,True,0.9280538
/content/drive/MyDrive/DeepWeeds/dataset/20171121-072857-1.jpg,6,DW_SIWE,6,DW_SIWE,True,0.98911357
/content/drive/MyDrive/DeepWeeds/dataset/20171121-073120-1.jpg,6,DW_SIWE,6,DW_SIWE,True,0.9979923
/content/drive/MyDrive/DeepWeeds/dataset/20171121-073257-1.jpg,6,DW_SIWE,6,DW_SIWE,True,0.99907124
/content/drive/MyDrive/DeepWeeds/dataset/20171121-073316-1.jpg,6,DW_SIWE,6,DW_SIWE,True,0.99574983
/content/drive/MyDrive/DeepWeeds/dataset/20171121-073533-1.jpg,6,DW_SIWE,6,DW_SIWE,True,0.79309714
/content/drive/MyDrive/DeepWeeds/dataset/20171121-073650-1.jpg,6,DW_SIWE,6,DW_SIWE,True,0.90372545
/content/drive/MyDrive/DeepWeeds/dataset/20171121-073829-1.jpg,6,DW_SIWE,6,DW_SIWE,True,0.96040636
/content/drive/MyDrive/DeepWeeds/dataset/20171121-074235-1.jpg,6,DW_SIWE,6,DW_SIWE,True,0.91436166
/content/drive/MyDrive/DeepWeeds/dataset/20171121-074642-1.jpg,6,DW_SIWE,6,DW_SIWE,True,0.7528628
/content/drive/MyDrive/DeepWeeds/dataset/20171121-074752-1.jpg,6,DW_SIWE,6,DW_SIWE,True,0.9997991
/content/drive/MyDrive/DeepWeeds/dataset/20171121-074902-1.jpg,6,DW_SIWE,6,DW_SIWE,True,0.9999999
/content/drive/MyDrive/DeepWeeds/dataset/20171121-075157-1.jpg,6,DW_SIWE,6,DW_SIWE,True,0.9999894
/content/drive/MyDrive/DeepWeeds/dataset/20171121-075342-1.jpg,6,DW_SIWE,6,DW_SIWE,True,0.9997634
/content/drive/MyDrive/DeepWeeds/dataset/20171121-081532-2.jpg,6,DW_SIWE,8,DW_NEG,False,0.531367
/content/drive/MyDrive/DeepWeeds/dataset/20171121-081850-2.jpg,6,DW_SIWE,6,DW_SIWE,True,0.7981241
/content/drive/MyDrive/DeepWeeds/dataset/20171121-082047-1.jpg,6,DW_SIWE,6,DW_SIWE,True,0.99986017
/content/drive/MyDrive/DeepWeeds/dataset/20171121-082247-2.jpg,6,DW_SIWE,6,DW_SIWE,True,0.957574
/content/drive/MyDrive/DeepWeeds/dataset/20171121-082352-2.jpg,6,DW_SIWE,6,DW_SIWE,True,0.99999034
/content/drive/MyDrive/DeepWeeds/dataset/20171121-082641-2.jpg,6,DW_SIWE,6,DW_SIWE,True,0.9799871
/content/drive/MyDrive/DeepWeeds/dataset/20171121-082826-2.jpg,6,DW_SIWE,6,DW_SIWE,True,0.9999999
/content/drive/MyDrive/DeepWeeds/dataset/20171121-083203-1.jpg,6,DW_SIWE,6,DW_SIWE,True,0.9999498
/content/drive/MyDrive/DeepWeeds/dataset/20171121-083301-2.jpg,6,DW_SIWE,6,DW_SIWE,True,0.99975735
/content/drive/MyDrive/DeepWeeds/dataset/20171121-083419-1.jpg,6,DW_SIWE,6,DW_SIWE,True,0.9701396
/content/drive/MyDrive/DeepWeeds/dataset/20171121-083544-1.jpg,6,DW_SIWE,6,DW_SIWE,True,0.9998777
/content/drive/MyDrive/DeepWeeds/dataset/20171121-083556-1.jpg,6,DW_SIWE,6,DW_SIWE,True,0.9998449
/content/drive/MyDrive/DeepWeeds/dataset/20171121-083724-1.jpg,6,DW_SIWE,6,DW_SIWE,True,0.99971896
/content/drive/MyDrive/DeepWeeds/dataset/20171121-083810-1.jpg,6,DW_SIWE,6,DW_SIWE,True,0.99709606
/content/drive/MyDrive/DeepWeeds/dataset/20171121-084234-2.jpg,6,DW_SIWE,8,DW_NEG,False,0.5689761
/content/drive/MyDrive/DeepWeeds/dataset/20171121-084355-1.jpg,6,DW_SIWE,6,DW_SIWE,True,0.999514
/content/drive/MyDrive/DeepWeeds/dataset/20171121-084526-1.jpg,6,DW_SIWE,6,DW_SIWE,True,0.9945884
/content/drive/MyDrive/DeepWeeds/dataset/20171121-084655-1.jpg,6,DW_SIWE,6,DW_SIWE,True,0.99938583
/content/drive/MyDrive/DeepWeeds/dataset/20171121-084955-1.jpg,6,DW_SIWE,6,DW_SIWE,True,0.78248614
/content/drive/MyDrive/DeepWeeds/dataset/20171121-085233-1.jpg,6,DW_SIWE,6,DW_SIWE,True,0.9645027
/content/drive/MyDrive/DeepWeeds/dataset/20171121-085507-1.jpg,6,DW_SIWE,6,DW_SIWE,True,0.97412044
/content/drive/MyDrive/DeepWeeds/dataset/20171121-085834-1.jpg,6,DW_SIWE,6,DW_SIWE,True,0.9999833
/content/drive/MyDrive/DeepWeeds/dataset/20171121-085944-1.jpg,6,DW_SIWE,6,DW_SIWE,True,0.99921775
/content/drive/MyDrive/DeepWeeds/dataset/20171121-090211-3.jpg,6,DW_SIWE,6,DW_SIWE,True,0.99999344
/content/drive/MyDrive/DeepWeeds/dataset/20171121-090407-3.jpg,6,DW_SIWE,6,DW_SIWE,True,0.99999666
/content/drive/MyDrive/DeepWeeds/dataset/20171121-090439-3.jpg,6,DW_SIWE,6,DW_SIWE,True,0.90967625
/content/drive/MyDrive/DeepWeeds/dataset/20171121-090649-3.jpg,6,DW_SIWE,6,DW_SIWE,True,0.9999695
/content/drive/MyDrive/DeepWeeds/dataset/20171121-090746-1.jpg,6,DW_SIWE,6,DW_SIWE,True,0.99942446
/content/drive/MyDrive/DeepWeeds/dataset/20171121-090807-3.jpg,6,DW_SIWE,6,DW_SIWE,True,0.9956749
/content/drive/MyDrive/DeepWeeds/dataset/20171121-090858-1.jpg,6,DW_SIWE,6,DW_SIWE,True,0.9181833
/content/drive/MyDrive/DeepWeeds/dataset/20171121-090957-3.jpg,6,DW_SIWE,6,DW_SIWE,True,0.9059704
/content/drive/MyDrive/DeepWeeds/dataset/20171121-091025-3.jpg,6,DW_SIWE,6,DW_SIWE,True,0.96152186
/content/drive/MyDrive/DeepWeeds/dataset/20171121-091140-3.jpg,6,DW_SIWE,6,DW_SIWE,True,0.99999595
/content/drive/MyDrive/DeepWeeds/dataset/20171121-091252-1.jpg,6,DW_SIWE,6,DW_SIWE,True,0.9996469
/content/drive/MyDrive/DeepWeeds/dataset/20171121-091316-1.jpg,6,DW_SIWE,6,DW_SIWE,True,0.997872
/content/drive/MyDrive/DeepWeeds/dataset/20171121-091631-1.jpg,6,DW_SIWE,6,DW_SIWE,True,0.9993231
/content/drive/MyDrive/DeepWeeds/dataset/20171121-101203-1.jpg,6,DW_SIWE,6,DW_SIWE,True,0.99998367
/content/drive/MyDrive/DeepWeeds/dataset/20171121-181049-2.jpg,6,DW_SIWE,6,DW_SIWE,True,0.9976799
/content/drive/MyDrive/DeepWeeds/dataset/20171121-181146-2.jpg,6,DW_SIWE,6,DW_SIWE,True,0.99996185
/content/drive/MyDrive/DeepWeeds/dataset/20171122-095907-1.jpg,5,DW_RUBV,5,DW_RUBV,True,0.9998944
/content/drive/MyDrive/DeepWeeds/dataset/20171122-100204-1.jpg,5,DW_RUBV,5,DW_RUBV,True,0.99934953
/content/drive/MyDrive/DeepWeeds/dataset/20171122-100206-1.jpg,5,DW_RUBV,5,DW_RUBV,True,0.8055424
/content/drive/MyDrive/DeepWeeds/dataset/20171122-100508-1.jpg,5,DW_RUBV,5,DW_RUBV,True,0.99128354
/content/drive/MyDrive/DeepWeeds/dataset/20171122-100749-1.jpg,5,DW_RUBV,5,DW_RUBV,True,0.9999808
/content/drive/MyDrive/DeepWeeds/dataset/20171122-101120-1.jpg,5,DW_RUBV,5,DW_RUBV,True,0.99999964
/content/drive/MyDrive/DeepWeeds/dataset/20171122-101355-1.jpg,5,DW_RUBV,5,DW_RUBV,True,0.9999907
/content/drive/MyDrive/DeepWeeds/dataset/20171122-101532-1.jpg,5,DW_RUBV,5,DW_RUBV,True,0.9986318
/content/drive/MyDrive/DeepWeeds/dataset/20171122-101845-1.jpg,5,DW_RUBV,5,DW_RUBV,True,0.99930954
/content/drive/MyDrive/DeepWeeds/dataset/20171122-102101-1.jpg,5,DW_RUBV,5,DW_RUBV,True,0.99897623
/content/drive/MyDrive/DeepWeeds/dataset/20171122-102213-1.jpg,5,DW_RUBV,5,DW_RUBV,True,0.99983704
/content/drive/MyDrive/DeepWeeds/dataset/20171122-102359-1.jpg,5,DW_RUBV,5,DW_RUBV,True,0.9999981
/content/drive/MyDrive/DeepWeeds/dataset/20171122-102714-1.jpg,5,DW_RUBV,5,DW_RUBV,True,0.96030754
/content/drive/MyDrive/DeepWeeds/dataset/20171122-102820-1.jpg,5,DW_RUBV,5,DW_RUBV,True,0.99997103
/content/drive/MyDrive/DeepWeeds/dataset/20171122-103329-1.jpg,5,DW_RUBV,5,DW_RUBV,True,0.9992874
/content/drive/MyDrive/DeepWeeds/dataset/20171122-103613-1.jpg,5,DW_RUBV,5,DW_RUBV,True,0.999984
/content/drive/MyDrive/DeepWeeds/dataset/20171122-103825-1.jpg,5,DW_RUBV,5,DW_RUBV,True,0.9999912
/content/drive/MyDrive/DeepWeeds/dataset/20171122-104210-1.jpg,5,DW_RUBV,5,DW_RUBV,True,0.9999925
/content/drive/MyDrive/DeepWeeds/dataset/20171122-104347-1.jpg,5,DW_RUBV,5,DW_RUBV,True,0.9998275
/content/drive/MyDrive/DeepWeeds/dataset/20171201-115746-1.jpg,8,DW_NEG,8,DW_NEG,True,0.91114306
/content/drive/MyDrive/DeepWeeds/dataset/20171201-115935-1.jpg,8,DW_NEG,8,DW_NEG,True,0.6600331
/content/drive/MyDrive/DeepWeeds/dataset/20171201-120010-1.jpg,8,DW_NEG,5,DW_RUBV,False,0.93143606
/content/drive/MyDrive/DeepWeeds/dataset/20171201-120339-1.jpg,8,DW_NEG,8,DW_NEG,True,0.8446171
/content/drive/MyDrive/DeepWeeds/dataset/20171201-120751-1.jpg,8,DW_NEG,8,DW_NEG,True,0.84216285
/content/drive/MyDrive/DeepWeeds/dataset/20171201-123729-3.jpg,8,DW_NEG,8,DW_NEG,True,0.8969874
/content/drive/MyDrive/DeepWeeds/dataset/20171201-124003-3.jpg,8,DW_NEG,8,DW_NEG,True,0.8616805
/content/drive/MyDrive/DeepWeeds/dataset/20171203-082203-3.jpg,8,DW_NEG,8,DW_NEG,True,0.9771235
/content/drive/MyDrive/DeepWeeds/dataset/20171203-164319-3.jpg,8,DW_NEG,8,DW_NEG,True,0.96400315
/content/drive/MyDrive/DeepWeeds/dataset/20171203-164458-3.jpg,8,DW_NEG,8,DW_NEG,True,0.91625905
/content/drive/MyDrive/DeepWeeds/dataset/20171203-164629-3.jpg,8,DW_NEG,8,DW_NEG,True,0.9630924
/content/drive/MyDrive/DeepWeeds/dataset/20171203-164835-3.jpg,8,DW_NEG,8,DW_NEG,True,0.9594652
/content/drive/MyDrive/DeepWeeds/dataset/20171203-165027-3.jpg,8,DW_NEG,8,DW_NEG,True,0.85598636
/content/drive/MyDrive/DeepWeeds/dataset/20171203-165213-3.jpg,8,DW_NEG,1,DW_LANT,False,0.59811896
/content/drive/MyDrive/DeepWeeds/dataset/20171203-165314-3.jpg,8,DW_NEG,8,DW_NEG,True,0.60021573
/content/drive/MyDrive/DeepWeeds/dataset/20171203-165438-3.jpg,8,DW_NEG,8,DW_NEG,True,0.9509345
/content/drive/MyDrive/DeepWeeds/dataset/20171203-165600-3.jpg,8,DW_NEG,8,DW_NEG,True,0.89834565
/content/drive/MyDrive/DeepWeeds/dataset/20171203-165809-3.jpg,8,DW_NEG,1,DW_LANT,False,0.45910537
/content/drive/MyDrive/DeepWeeds/dataset/20171203-165835-3.jpg,8,DW_NEG,8,DW_NEG,True,0.88625544
/content/drive/MyDrive/DeepWeeds/dataset/20171203-165928-3.jpg,8,DW_NEG,8,DW_NEG,True,0.6353519
/content/drive/MyDrive/DeepWeeds/dataset/20171203-170121-3.jpg,8,DW_NEG,8,DW_NEG,True,0.88481426
/content/drive/MyDrive/DeepWeeds/dataset/20171203-170255-3.jpg,8,DW_NEG,8,DW_NEG,True,0.8640268
/content/drive/MyDrive/DeepWeeds/dataset/20171203-170431-3.jpg,8,DW_NEG,5,DW_RUBV,False,0.6423727
/content/drive/MyDrive/DeepWeeds/dataset/20171203-170504-3.jpg,8,DW_NEG,8,DW_NEG,True,0.51878035
/content/drive/MyDrive/DeepWeeds/dataset/20171203-170737-3.jpg,8,DW_NEG,8,DW_NEG,True,0.97565424
/content/drive/MyDrive/DeepWeeds/dataset/20171203-170822-3.jpg,8,DW_NEG,8,DW_NEG,True,0.9543772
/content/drive/MyDrive/DeepWeeds/dataset/20171203-171008-3.jpg,8,DW_NEG,8,DW_NEG,True,0.5023027
/content/drive/MyDrive/DeepWeeds/dataset/20171203-172110-3.jpg,8,DW_NEG,8,DW_NEG,True,0.33930534
/content/drive/MyDrive/DeepWeeds/dataset/20171203-172149-3.jpg,8,DW_NEG,8,DW_NEG,True,0.5440033
/content/drive/MyDrive/DeepWeeds/dataset/20171203-172251-3.jpg,8,DW_NEG,8,DW_NEG,True,0.9905889
/content/drive/MyDrive/DeepWeeds/dataset/20171203-172354-3.jpg,8,DW_NEG,8,DW_NEG,True,0.7480768
/content/drive/MyDrive/DeepWeeds/dataset/20171203-172543-3.jpg,8,DW_NEG,8,DW_NEG,True,0.6963161
/content/drive/MyDrive/DeepWeeds/dataset/20171203-172649-3.jpg,8,DW_NEG,8,DW_NEG,True,0.927666
/content/drive/MyDrive/DeepWeeds/dataset/20171203-172836-3.jpg,8,DW_NEG,8,DW_NEG,True,0.9200051
/content/drive/MyDrive/DeepWeeds/dataset/20171203-173011-3.jpg,8,DW_NEG,1,DW_LANT,False,0.3950698
/content/drive/MyDrive/DeepWeeds/dataset/20171203-173053-3.jpg,8,DW_NEG,8,DW_NEG,True,0.53431964
/content/drive/MyDrive/DeepWeeds/dataset/20171203-173117-3.jpg,8,DW_NEG,8,DW_NEG,True,0.8903741
/content/drive/MyDrive/DeepWeeds/dataset/20171203-173340-3.jpg,8,DW_NEG,8,DW_NEG,True,0.67350984
/content/drive/MyDrive/DeepWeeds/dataset/20171203-173632-3.jpg,8,DW_NEG,8,DW_NEG,True,0.532608
/content/drive/MyDrive/DeepWeeds/dataset/20171203-173711-3.jpg,8,DW_NEG,8,DW_NEG,True,0.8956458
/content/drive/MyDrive/DeepWeeds/dataset/20171203-173829-3.jpg,8,DW_NEG,8,DW_NEG,True,0.5199879
/content/drive/MyDrive/DeepWeeds/dataset/20171203-173928-3.jpg,8,DW_NEG,8,DW_NEG,True,0.8314303
/content/drive/MyDrive/DeepWeeds/dataset/20171203-174204-3.jpg,8,DW_NEG,8,DW_NEG,True,0.77224886
/content/drive/MyDrive/DeepWeeds/dataset/20171203-174248-3.jpg,8,DW_NEG,1,DW_LANT,False,0.5372792
/content/drive/MyDrive/DeepWeeds/dataset/20171203-174510-3.jpg,8,DW_NEG,8,DW_NEG,True,0.9127495
/content/drive/MyDrive/DeepWeeds/dataset/20171203-174638-3.jpg,8,DW_NEG,8,DW_NEG,True,0.85528535
/content/drive/MyDrive/DeepWeeds/dataset/20171203-174853-3.jpg,8,DW_NEG,7,DW_SNWE,False,0.4338651
/content/drive/MyDrive/DeepWeeds/dataset/20171205-123527-2.jpg,8,DW_NEG,5,DW_RUBV,False,0.9181648
/content/drive/MyDrive/DeepWeeds/dataset/20171205-123635-2.jpg,8,DW_NEG,5,DW_RUBV,False,0.72540945
/content/drive/MyDrive/DeepWeeds/dataset/20171205-123747-2.jpg,8,DW_NEG,1,DW_LANT,False,0.38580033
/content/drive/MyDrive/DeepWeeds/dataset/20171205-123751-2.jpg,8,DW_NEG,8,DW_NEG,True,0.50077784
/content/drive/MyDrive/DeepWeeds/dataset/20171205-123836-2.jpg,8,DW_NEG,1,DW_LANT,False,0.4919547
/content/drive/MyDrive/DeepWeeds/dataset/20171205-123919-2.jpg,8,DW_NEG,8,DW_NEG,True,0.7654662
/content/drive/MyDrive/DeepWeeds/dataset/20171205-124008-2.jpg,8,DW_NEG,8,DW_NEG,True,0.82077324
/content/drive/MyDrive/DeepWeeds/dataset/20171205-124103-2.jpg,8,DW_NEG,1,DW_LANT,False,0.91052496
/content/drive/MyDrive/DeepWeeds/dataset/20171205-124157-2.jpg,8,DW_NEG,8,DW_NEG,True,0.86082315
/content/drive/MyDrive/DeepWeeds/dataset/20171205-124252-2.jpg,8,DW_NEG,8,DW_NEG,True,0.9760809
/content/drive/MyDrive/DeepWeeds/dataset/20171205-124423-2.jpg,8,DW_NEG,8,DW_NEG,True,0.5118726
/content/drive/MyDrive/DeepWeeds/dataset/20171205-124606-2.jpg,8,DW_NEG,8,DW_NEG,True,0.4410998
/content/drive/MyDrive/DeepWeeds/dataset/20171205-124928-2.jpg,8,DW_NEG,8,DW_NEG,True,0.7399593
/content/drive/MyDrive/DeepWeeds/dataset/20171205-133742-2.jpg,8,DW_NEG,8,DW_NEG,True,0.6790324
/content/drive/MyDrive/DeepWeeds/dataset/20171205-133817-2.jpg,8,DW_NEG,0,DW_CHAP,False,0.37895134
/content/drive/MyDrive/DeepWeeds/dataset/20171205-133922-2.jpg,8,DW_NEG,6,DW_SIWE,False,0.40747935
/content/drive/MyDrive/DeepWeeds/dataset/20171205-134137-2.jpg,8,DW_NEG,8,DW_NEG,True,0.3044683
/content/drive/MyDrive/DeepWeeds/dataset/20171205-134332-2.jpg,8,DW_NEG,8,DW_NEG,True,0.85276884
/content/drive/MyDrive/DeepWeeds/dataset/20171205-134545-2.jpg,8,DW_NEG,8,DW_NEG,True,0.8408089
/content/drive/MyDrive/DeepWeeds/dataset/20171205-134654-2.jpg,8,DW_NEG,8,DW_NEG,True,0.9172536
/content/drive/MyDrive/DeepWeeds/dataset/20171205-134842-2.jpg,8,DW_NEG,8,DW_NEG,True,0.3285115
/content/drive/MyDrive/DeepWeeds/dataset/20171205-140835-2.jpg,8,DW_NEG,8,DW_NEG,True,0.86470807
/content/drive/MyDrive/DeepWeeds/dataset/20171205-141022-2.jpg,8,DW_NEG,8,DW_NEG,True,0.7128159
/content/drive/MyDrive/DeepWeeds/dataset/20171205-141130-2.jpg,8,DW_NEG,5,DW_RUBV,False,0.5244046
/content/drive/MyDrive/DeepWeeds/dataset/20171205-141403-2.jpg,8,DW_NEG,5,DW_RUBV,False,0.6310784
/content/drive/MyDrive/DeepWeeds/dataset/20171205-141517-2.jpg,8,DW_NEG,1,DW_LANT,False,0.8991835
/content/drive/MyDrive/DeepWeeds/dataset/20171205-141533-2.jpg,8,DW_NEG,8,DW_NEG,True,0.6973086
/content/drive/MyDrive/DeepWeeds/dataset/20171205-143012-2.jpg,8,DW_NEG,1,DW_LANT,False,0.60052174
/content/drive/MyDrive/DeepWeeds/dataset/20171205-143250-2.jpg,8,DW_NEG,5,DW_RUBV,False,0.41465318
/content/drive/MyDrive/DeepWeeds/dataset/20171205-143421-2.jpg,8,DW_NEG,5,DW_RUBV,False,0.73836106
/content/drive/MyDrive/DeepWeeds/dataset/20171205-143923-2.jpg,8,DW_NEG,8,DW_NEG,True,0.8969534
/content/drive/MyDrive/DeepWeeds/dataset/20171205-144102-2.jpg,8,DW_NEG,8,DW_NEG,True,0.8544589
/content/drive/MyDrive/DeepWeeds/dataset/20171205-144227-2.jpg,8,DW_NEG,8,DW_NEG,True,0.70901555
/content/drive/MyDrive/DeepWeeds/dataset/20171205-144456-2.jpg,8,DW_NEG,8,DW_NEG,True,0.9604895
/content/drive/MyDrive/DeepWeeds/dataset/20171205-144625-2.jpg,8,DW_NEG,5,DW_RUBV,False,0.99238646
/content/drive/MyDrive/DeepWeeds/dataset/20171205-144809-2.jpg,8,DW_NEG,8,DW_NEG,True,0.49032664
/content/drive/MyDrive/DeepWeeds/dataset/20171205-144841-2.jpg,8,DW_NEG,5,DW_RUBV,False,0.65553004
/content/drive/MyDrive/DeepWeeds/dataset/20171205-144945-2.jpg,8,DW_NEG,8,DW_NEG,True,0.6585621
/content/drive/MyDrive/DeepWeeds/dataset/20171205-145149-2.jpg,8,DW_NEG,8,DW_NEG,True,0.5555248
/content/drive/MyDrive/DeepWeeds/dataset/20171212-092953-3.jpg,8,DW_NEG,8,DW_NEG,True,0.88462365
/content/drive/MyDrive/DeepWeeds/dataset/20171212-093108-3.jpg,8,DW_NEG,8,DW_NEG,True,0.97895616
/content/drive/MyDrive/DeepWeeds/dataset/20171212-093146-3.jpg,8,DW_NEG,8,DW_NEG,True,0.62188286
/content/drive/MyDrive/DeepWeeds/dataset/20171212-093349-3.jpg,8,DW_NEG,8,DW_NEG,True,0.9551011
/content/drive/MyDrive/DeepWeeds/dataset/20171212-093458-3.jpg,8,DW_NEG,8,DW_NEG,True,0.37707287
/content/drive/MyDrive/DeepWeeds/dataset/20171212-093551-1.jpg,8,DW_NEG,8,DW_NEG,True,0.58264923
/content/drive/MyDrive/DeepWeeds/dataset/20171212-093603-1.jpg,8,DW_NEG,8,DW_NEG,True,0.95862687
/content/drive/MyDrive/DeepWeeds/dataset/20171212-093708-1.jpg,8,DW_NEG,8,DW_NEG,True,0.6616603
/content/drive/MyDrive/DeepWeeds/dataset/20171212-093813-3.jpg,8,DW_NEG,8,DW_NEG,True,0.92157036
/content/drive/MyDrive/DeepWeeds/dataset/20171212-093840-1.jpg,8,DW_NEG,8,DW_NEG,True,0.72381216
/content/drive/MyDrive/DeepWeeds/dataset/20171212-093915-1.jpg,8,DW_NEG,8,DW_NEG,True,0.89140415
/content/drive/MyDrive/DeepWeeds/dataset/20171212-093958-1.jpg,8,DW_NEG,8,DW_NEG,True,0.9836678
/content/drive/MyDrive/DeepWeeds/dataset/20171212-094053-3.jpg,8,DW_NEG,8,DW_NEG,True,0.8493
/content/drive/MyDrive/DeepWeeds/dataset/20171212-094134-1.jpg,8,DW_NEG,8,DW_NEG,True,0.9711042
/content/drive/MyDrive/DeepWeeds/dataset/20171212-094211-3.jpg,8,DW_NEG,8,DW_NEG,True,0.9295027
/content/drive/MyDrive/DeepWeeds/dataset/20171212-094211-1.jpg,8,DW_NEG,8,DW_NEG,True,0.98682016
/content/drive/MyDrive/DeepWeeds/dataset/20171212-094323-1.jpg,8,DW_NEG,8,DW_NEG,True,0.9691648
/content/drive/MyDrive/DeepWeeds/dataset/20171212-094411-3.jpg,8,DW_NEG,8,DW_NEG,True,0.97352386
/content/drive/MyDrive/DeepWeeds/dataset/20171212-094459-1.jpg,8,DW_NEG,8,DW_NEG,True,0.98183906
/content/drive/MyDrive/DeepWeeds/dataset/20171212-094519-3.jpg,8,DW_NEG,8,DW_NEG,True,0.9970782
/content/drive/MyDrive/DeepWeeds/dataset/20171212-094548-1.jpg,8,DW_NEG,8,DW_NEG,True,0.5858741
/content/drive/MyDrive/DeepWeeds/dataset/20171212-094724-1.jpg,8,DW_NEG,8,DW_NEG,True,0.9012194
/content/drive/MyDrive/DeepWeeds/dataset/20171212-094748-3.jpg,8,DW_NEG,8,DW_NEG,True,0.7094584
/content/drive/MyDrive/DeepWeeds/dataset/20171212-094838-1.jpg,8,DW_NEG,8,DW_NEG,True,0.9978383
/content/drive/MyDrive/DeepWeeds/dataset/20171212-094918-1.jpg,8,DW_NEG,8,DW_NEG,True,0.98340064
/content/drive/MyDrive/DeepWeeds/dataset/20171212-094942-1.jpg,8,DW_NEG,8,DW_NEG,True,0.73355305
/content/drive/MyDrive/DeepWeeds/dataset/20171212-095045-1.jpg,8,DW_NEG,8,DW_NEG,True,0.8624664
/content/drive/MyDrive/DeepWeeds/dataset/20171212-095130-1.jpg,8,DW_NEG,8,DW_NEG,True,0.83328825
/content/drive/MyDrive/DeepWeeds/dataset/20171212-095234-3.jpg,8,DW_NEG,8,DW_NEG,True,0.86079746
/content/drive/MyDrive/DeepWeeds/dataset/20171212-095237-1.jpg,8,DW_NEG,8,DW_NEG,True,0.80525446
/content/drive/MyDrive/DeepWeeds/dataset/20171212-095324-3.jpg,8,DW_NEG,8,DW_NEG,True,0.98832476
/content/drive/MyDrive/DeepWeeds/dataset/20171212-095358-1.jpg,8,DW_NEG,8,DW_NEG,True,0.8921285
/content/drive/MyDrive/DeepWeeds/dataset/20171212-095453-1.jpg,8,DW_NEG,8,DW_NEG,True,0.9778991
/content/drive/MyDrive/DeepWeeds/dataset/20171212-095538-3.jpg,8,DW_NEG,8,DW_NEG,True,0.98679835
/content/drive/MyDrive/DeepWeeds/dataset/20171212-095603-3.jpg,8,DW_NEG,8,DW_NEG,True,0.95861524
/content/drive/MyDrive/DeepWeeds/dataset/20171212-095709-3.jpg,8,DW_NEG,8,DW_NEG,True,0.99843854
/content/drive/MyDrive/DeepWeeds/dataset/20171212-095727-1.jpg,8,DW_NEG,8,DW_NEG,True,0.98180264
/content/drive/MyDrive/DeepWeeds/dataset/20171212-095831-1.jpg,8,DW_NEG,1,DW_LANT,False,0.8368693
/content/drive/MyDrive/DeepWeeds/dataset/20171212-095907-3.jpg,8,DW_NEG,8,DW_NEG,True,0.7874583
/content/drive/MyDrive/DeepWeeds/dataset/20171212-095946-1.jpg,8,DW_NEG,8,DW_NEG,True,0.99954283
/content/drive/MyDrive/DeepWeeds/dataset/20171212-100026-3.jpg,8,DW_NEG,8,DW_NEG,True,0.98946244
/content/drive/MyDrive/DeepWeeds/dataset/20171212-100115-1.jpg,8,DW_NEG,8,DW_NEG,True,0.95923644
/content/drive/MyDrive/DeepWeeds/dataset/20171212-100159-1.jpg,8,DW_NEG,8,DW_NEG,True,0.66945946
/content/drive/MyDrive/DeepWeeds/dataset/20171212-100257-1.jpg,8,DW_NEG,8,DW_NEG,True,0.95059377
/content/drive/MyDrive/DeepWeeds/dataset/20171212-100302-3.jpg,8,DW_NEG,8,DW_NEG,True,0.97589684
/content/drive/MyDrive/DeepWeeds/dataset/20171212-100412-1.jpg,8,DW_NEG,8,DW_NEG,True,0.85219157
/content/drive/MyDrive/DeepWeeds/dataset/20171212-100503-1.jpg,8,DW_NEG,8,DW_NEG,True,0.9461227
/content/drive/MyDrive/DeepWeeds/dataset/20171212-100531-3.jpg,8,DW_NEG,8,DW_NEG,True,0.9581013
/content/drive/MyDrive/DeepWeeds/dataset/20171212-100627-1.jpg,8,DW_NEG,8,DW_NEG,True,0.9826988
/content/drive/MyDrive/DeepWeeds/dataset/20171212-100721-1.jpg,8,DW_NEG,8,DW_NEG,True,0.9620184
/content/drive/MyDrive/DeepWeeds/dataset/20171212-100816-1.jpg,8,DW_NEG,6,DW_SIWE,False,0.48435947
/content/drive/MyDrive/DeepWeeds/dataset/20171212-101651-3.jpg,8,DW_NEG,8,DW_NEG,True,0.4183721
/content/drive/MyDrive/DeepWeeds/dataset/20171212-101707-3.jpg,8,DW_NEG,1,DW_LANT,False,0.5982499
/content/drive/MyDrive/DeepWeeds/dataset/20171212-101854-3.jpg,8,DW_NEG,8,DW_NEG,True,0.3518742
/content/drive/MyDrive/DeepWeeds/dataset/20171212-102128-3.jpg,8,DW_NEG,8,DW_NEG,True,0.89550424
/content/drive/MyDrive/DeepWeeds/dataset/20171212-102147-3.jpg,8,DW_NEG,8,DW_NEG,True,0.93182206
/content/drive/MyDrive/DeepWeeds/dataset/20171212-102223-3.jpg,8,DW_NEG,8,DW_NEG,True,0.86004573
/content/drive/MyDrive/DeepWeeds/dataset/20171212-102409-3.jpg,8,DW_NEG,8,DW_NEG,True,0.85946006
/content/drive/MyDrive/DeepWeeds/dataset/20171212-102455-3.jpg,8,DW_NEG,8,DW_NEG,True,0.65483564
/content/drive/MyDrive/DeepWeeds/dataset/20171212-102739-3.jpg,8,DW_NEG,6,DW_SIWE,False,0.5660585
/content/drive/MyDrive/DeepWeeds/dataset/20171212-102858-3.jpg,8,DW_NEG,8,DW_NEG,True,0.9907767
/content/drive/MyDrive/DeepWeeds/dataset/20171212-103115-3.jpg,8,DW_NEG,7,DW_SNWE,False,0.39915478
/content/drive/MyDrive/DeepWeeds/dataset/20171212-103305-3.jpg,8,DW_NEG,8,DW_NEG,True,0.59570503
/content/drive/MyDrive/DeepWeeds/dataset/20171212-103320-3.jpg,8,DW_NEG,8,DW_NEG,True,0.27197757
/content/drive/MyDrive/DeepWeeds/dataset/20171212-103529-3.jpg,8,DW_NEG,1,DW_LANT,False,0.32453752
/content/drive/MyDrive/DeepWeeds/dataset/20171212-103650-3.jpg,8,DW_NEG,7,DW_SNWE,False,0.60053563
/content/drive/MyDrive/DeepWeeds/dataset/20171212-103826-3.jpg,8,DW_NEG,8,DW_NEG,True,0.8095564
/content/drive/MyDrive/DeepWeeds/dataset/20171212-104215-3.jpg,8,DW_NEG,8,DW_NEG,True,0.5757639
/content/drive/MyDrive/DeepWeeds/dataset/20171212-104232-3.jpg,8,DW_NEG,8,DW_NEG,True,0.9679215
/content/drive/MyDrive/DeepWeeds/dataset/20171212-104428-3.jpg,8,DW_NEG,8,DW_NEG,True,0.48591143
/content/drive/MyDrive/DeepWeeds/dataset/20171212-104643-3.jpg,8,DW_NEG,8,DW_NEG,True,0.9487138
/content/drive/MyDrive/DeepWeeds/dataset/20171212-104904-3.jpg,8,DW_NEG,8,DW_NEG,True,0.94951254
/content/drive/MyDrive/DeepWeeds/dataset/20171212-105025-3.jpg,8,DW_NEG,8,DW_NEG,True,0.9322827
/content/drive/MyDrive/DeepWeeds/dataset/20171212-105237-3.jpg,8,DW_NEG,0,DW_CHAP,False,0.53547543
/content/drive/MyDrive/DeepWeeds/dataset/20171212-105342-3.jpg,8,DW_NEG,8,DW_NEG,True,0.7112725
/content/drive/MyDrive/DeepWeeds/dataset/20171212-105533-3.jpg,8,DW_NEG,4,DW_PRAC,False,0.44107366
/content/drive/MyDrive/DeepWeeds/dataset/20171212-105638-3.jpg,8,DW_NEG,7,DW_SNWE,False,0.9563619
/content/drive/MyDrive/DeepWeeds/dataset/20171212-105742-3.jpg,8,DW_NEG,8,DW_NEG,True,0.33988103
/content/drive/MyDrive/DeepWeeds/dataset/20171212-110000-3.jpg,8,DW_NEG,1,DW_LANT,False,0.5580247
/content/drive/MyDrive/DeepWeeds/dataset/20171217-100824-2.jpg,8,DW_NEG,8,DW_NEG,True,0.86654395
/content/drive/MyDrive/DeepWeeds/dataset/20171217-103334-2.jpg,8,DW_NEG,5,DW_RUBV,False,0.9169782
/content/drive/MyDrive/DeepWeeds/dataset/20171217-103510-2.jpg,8,DW_NEG,8,DW_NEG,True,0.45116052
/content/drive/MyDrive/DeepWeeds/dataset/20171217-103630-2.jpg,8,DW_NEG,5,DW_RUBV,False,0.96091485
/content/drive/MyDrive/DeepWeeds/dataset/20171217-183451-2.jpg,8,DW_NEG,5,DW_RUBV,False,0.97841054
/content/drive/MyDrive/DeepWeeds/dataset/20171217-183516-2.jpg,8,DW_NEG,0,DW_CHAP,False,0.34007162
/content/drive/MyDrive/DeepWeeds/dataset/20171217-183635-2.jpg,8,DW_NEG,5,DW_RUBV,False,0.806447
/content/drive/MyDrive/DeepWeeds/dataset/20171217-183807-2.jpg,8,DW_NEG,4,DW_PRAC,False,0.46154007
/content/drive/MyDrive/DeepWeeds/dataset/20171217-183825-2.jpg,8,DW_NEG,8,DW_NEG,True,0.65247244
/content/drive/MyDrive/DeepWeeds/dataset/20171217-184005-2.jpg,8,DW_NEG,8,DW_NEG,True,0.69625324
/content/drive/MyDrive/DeepWeeds/dataset/20171217-184024-2.jpg,8,DW_NEG,8,DW_NEG,True,0.33443978
/content/drive/MyDrive/DeepWeeds/dataset/20171217-184033-2.jpg,8,DW_NEG,5,DW_RUBV,False,0.9587422
/content/drive/MyDrive/DeepWeeds/dataset/20171217-184108-2.jpg,8,DW_NEG,8,DW_NEG,True,0.98027736
/content/drive/MyDrive/DeepWeeds/dataset/20171217-184402-2.jpg,8,DW_NEG,5,DW_RUBV,False,0.6552393
/content/drive/MyDrive/DeepWeeds/dataset/20171217-184452-2.jpg,8,DW_NEG,8,DW_NEG,True,0.5250793
/content/drive/MyDrive/DeepWeeds/dataset/20171217-184706-2.jpg,8,DW_NEG,5,DW_RUBV,False,0.8659903
/content/drive/MyDrive/DeepWeeds/dataset/20171217-184806-2.jpg,8,DW_NEG,8,DW_NEG,True,0.7219103
/content/drive/MyDrive/DeepWeeds/dataset/20171218-102859-2.jpg,8,DW_NEG,7,DW_SNWE,False,0.5177821
/content/drive/MyDrive/DeepWeeds/dataset/20171218-103016-2.jpg,8,DW_NEG,8,DW_NEG,True,0.7018857
/content/drive/MyDrive/DeepWeeds/dataset/20171218-103116-2.jpg,8,DW_NEG,8,DW_NEG,True,0.5873611
/content/drive/MyDrive/DeepWeeds/dataset/20171218-103217-3.jpg,8,DW_NEG,8,DW_NEG,True,0.79587543
/content/drive/MyDrive/DeepWeeds/dataset/20171218-103326-3.jpg,8,DW_NEG,8,DW_NEG,True,0.7630882
/content/drive/MyDrive/DeepWeeds/dataset/20171218-103536-2.jpg,8,DW_NEG,7,DW_SNWE,False,0.6132174
/content/drive/MyDrive/DeepWeeds/dataset/20171218-103643-2.jpg,8,DW_NEG,8,DW_NEG,True,0.9161936
/content/drive/MyDrive/DeepWeeds/dataset/20171218-103818-2.jpg,8,DW_NEG,8,DW_NEG,True,0.9112056
/content/drive/MyDrive/DeepWeeds/dataset/20171218-103854-2.jpg,8,DW_NEG,8,DW_NEG,True,0.5589677
/content/drive/MyDrive/DeepWeeds/dataset/20171218-104001-3.jpg,8,DW_NEG,8,DW_NEG,True,0.80888706
/content/drive/MyDrive/DeepWeeds/dataset/20171218-104106-3.jpg,8,DW_NEG,8,DW_NEG,True,0.7530574
/content/drive/MyDrive/DeepWeeds/dataset/20171218-104211-2.jpg,8,DW_NEG,1,DW_LANT,False,0.46704552
/content/drive/MyDrive/DeepWeeds/dataset/20171218-104233-3.jpg,8,DW_NEG,8,DW_NEG,True,0.8809737
/content/drive/MyDrive/DeepWeeds/dataset/20171218-104344-3.jpg,8,DW_NEG,8,DW_NEG,True,0.45769253
/content/drive/MyDrive/DeepWeeds/dataset/20171218-104447-3.jpg,8,DW_NEG,1,DW_LANT,False,0.5599987
/content/drive/MyDrive/DeepWeeds/dataset/20171218-104702-3.jpg,8,DW_NEG,5,DW_RUBV,False,0.50450283
/content/drive/MyDrive/DeepWeeds/dataset/20171218-104826-3.jpg,8,DW_NEG,8,DW_NEG,True,0.9869543
/content/drive/MyDrive/DeepWeeds/dataset/20171218-105016-3.jpg,8,DW_NEG,8,DW_NEG,True,0.97256607
/content/drive/MyDrive/DeepWeeds/dataset/20171218-105052-2.jpg,8,DW_NEG,0,DW_CHAP,False,0.44754988
/content/drive/MyDrive/DeepWeeds/dataset/20171218-105153-3.jpg,8,DW_NEG,8,DW_NEG,True,0.7534361
/content/drive/MyDrive/DeepWeeds/dataset/20171218-105224-3.jpg,8,DW_NEG,8,DW_NEG,True,0.99848205
/content/drive/MyDrive/DeepWeeds/dataset/20171218-105335-3.jpg,8,DW_NEG,8,DW_NEG,True,0.78515273
/content/drive/MyDrive/DeepWeeds/dataset/20171218-105531-3.jpg,8,DW_NEG,8,DW_NEG,True,0.9654269
/content/drive/MyDrive/DeepWeeds/dataset/20171218-105733-3.jpg,8,DW_NEG,8,DW_NEG,True,0.9977805
/content/drive/MyDrive/DeepWeeds/dataset/20171218-105835-3.jpg,8,DW_NEG,8,DW_NEG,True,0.5775469
/content/drive/MyDrive/DeepWeeds/dataset/20171218-110038-3.jpg,8,DW_NEG,8,DW_NEG,True,0.37062398
/content/drive/MyDrive/DeepWeeds/dataset/20171218-110228-3.jpg,8,DW_NEG,8,DW_NEG,True,0.72887856
/content/drive/MyDrive/DeepWeeds/dataset/20171218-110357-2.jpg,8,DW_NEG,8,DW_NEG,True,0.8751981
/content/drive/MyDrive/DeepWeeds/dataset/20171218-110416-2.jpg,8,DW_NEG,8,DW_NEG,True,0.5018683
/content/drive/MyDrive/DeepWeeds/dataset/20171218-110447-3.jpg,8,DW_NEG,8,DW_NEG,True,0.9921198
/content/drive/MyDrive/DeepWeeds/dataset/20171218-110513-2.jpg,8,DW_NEG,8,DW_NEG,True,0.97516567
/content/drive/MyDrive/DeepWeeds/dataset/20171218-110555-3.jpg,8,DW_NEG,8,DW_NEG,True,0.84102196
/content/drive/MyDrive/DeepWeeds/dataset/20171218-110710-3.jpg,8,DW_NEG,8,DW_NEG,True,0.93077534
/content/drive/MyDrive/DeepWeeds/dataset/20171218-110743-3.jpg,8,DW_NEG,8,DW_NEG,True,0.9034219
/content/drive/MyDrive/DeepWeeds/dataset/20171218-110810-3.jpg,8,DW_NEG,8,DW_NEG,True,0.87466705
/content/drive/MyDrive/DeepWeeds/dataset/20171218-110851-2.jpg,8,DW_NEG,7,DW_SNWE,False,0.8115601
/content/drive/MyDrive/DeepWeeds/dataset/20171218-110920-3.jpg,8,DW_NEG,8,DW_NEG,True,0.96268404
/content/drive/MyDrive/DeepWeeds/dataset/20171218-111034-2.jpg,8,DW_NEG,8,DW_NEG,True,0.6396884
/content/drive/MyDrive/DeepWeeds/dataset/20171218-111057-2.jpg,8,DW_NEG,8,DW_NEG,True,0.94988614
/content/drive/MyDrive/DeepWeeds/dataset/20171218-111211-3.jpg,8,DW_NEG,8,DW_NEG,True,0.94130576
/content/drive/MyDrive/DeepWeeds/dataset/20171218-111306-3.jpg,8,DW_NEG,8,DW_NEG,True,0.8580526
/content/drive/MyDrive/DeepWeeds/dataset/20171218-111334-2.jpg,8,DW_NEG,8,DW_NEG,True,0.54849976
/content/drive/MyDrive/DeepWeeds/dataset/20171218-111345-2.jpg,8,DW_NEG,6,DW_SIWE,False,0.366854
/content/drive/MyDrive/DeepWeeds/dataset/20171218-111539-2.jpg,8,DW_NEG,3,DW_PART,False,0.84564984
/content/drive/MyDrive/DeepWeeds/dataset/20171218-111642-2.jpg,8,DW_NEG,8,DW_NEG,True,0.48955098
/content/drive/MyDrive/DeepWeeds/dataset/20171218-111744-3.jpg,8,DW_NEG,8,DW_NEG,True,0.9774998
/content/drive/MyDrive/DeepWeeds/dataset/20171218-111935-3.jpg,8,DW_NEG,8,DW_NEG,True,0.99424064
/content/drive/MyDrive/DeepWeeds/dataset/20171218-112121-3.jpg,8,DW_NEG,8,DW_NEG,True,0.99673116
/content/drive/MyDrive/DeepWeeds/dataset/20171218-112441-3.jpg,8,DW_NEG,8,DW_NEG,True,0.9811963
/content/drive/MyDrive/DeepWeeds/dataset/20171218-112523-3.jpg,8,DW_NEG,8,DW_NEG,True,0.98611385
/content/drive/MyDrive/DeepWeeds/dataset/20171218-112810-3.jpg,8,DW_NEG,8,DW_NEG,True,0.7372972
/content/drive/MyDrive/DeepWeeds/dataset/20171218-112910-3.jpg,8,DW_NEG,8,DW_NEG,True,0.8778836
/content/drive/MyDrive/DeepWeeds/dataset/20171218-113013-3.jpg,8,DW_NEG,8,DW_NEG,True,0.41191253
/content/drive/MyDrive/DeepWeeds/dataset/20171218-113319-3.jpg,8,DW_NEG,8,DW_NEG,True,0.96384054
/content/drive/MyDrive/DeepWeeds/dataset/20171218-114650-3.jpg,8,DW_NEG,8,DW_NEG,True,0.5910477
/content/drive/MyDrive/DeepWeeds/dataset/20171218-114742-2.jpg,8,DW_NEG,8,DW_NEG,True,0.71855295
/content/drive/MyDrive/DeepWeeds/dataset/20171218-114841-2.jpg,8,DW_NEG,8,DW_NEG,True,0.8995017
/content/drive/MyDrive/DeepWeeds/dataset/20171218-114933-3.jpg,8,DW_NEG,5,DW_RUBV,False,0.6869718
/content/drive/MyDrive/DeepWeeds/dataset/20171218-114955-3.jpg,8,DW_NEG,8,DW_NEG,True,0.843406
/content/drive/MyDrive/DeepWeeds/dataset/20171218-115026-3.jpg,8,DW_NEG,8,DW_NEG,True,0.77439874
/content/drive/MyDrive/DeepWeeds/dataset/20171218-115134-3.jpg,8,DW_NEG,8,DW_NEG,True,0.8555936
/content/drive/MyDrive/DeepWeeds/dataset/20171218-115215-2.jpg,8,DW_NEG,8,DW_NEG,True,0.85132235
/content/drive/MyDrive/DeepWeeds/dataset/20171218-115246-3.jpg,8,DW_NEG,5,DW_RUBV,False,0.786678
/content/drive/MyDrive/DeepWeeds/dataset/20171218-115339-2.jpg,8,DW_NEG,8,DW_NEG,True,0.9885998
/content/drive/MyDrive/DeepWeeds/dataset/20171218-115553-3.jpg,8,DW_NEG,8,DW_NEG,True,0.8498555
/content/drive/MyDrive/DeepWeeds/dataset/20171218-115740-3.jpg,8,DW_NEG,8,DW_NEG,True,0.97007644
/content/drive/MyDrive/DeepWeeds/dataset/20171218-115948-2.jpg,8,DW_NEG,8,DW_NEG,True,0.994284
/content/drive/MyDrive/DeepWeeds/dataset/20171218-115948-3.jpg,8,DW_NEG,8,DW_NEG,True,0.788609
/content/drive/MyDrive/DeepWeeds/dataset/20171218-120106-2.jpg,8,DW_NEG,8,DW_NEG,True,0.99777895
/content/drive/MyDrive/DeepWeeds/dataset/20171218-120217-2.jpg,8,DW_NEG,8,DW_NEG,True,0.99056035
/content/drive/MyDrive/DeepWeeds/dataset/20171218-120223-3.jpg,8,DW_NEG,8,DW_NEG,True,0.9241341
/content/drive/MyDrive/DeepWeeds/dataset/20171218-120300-2.jpg,8,DW_NEG,8,DW_NEG,True,0.86446327
/content/drive/MyDrive/DeepWeeds/dataset/20171218-120408-2.jpg,8,DW_NEG,8,DW_NEG,True,0.5460034
/content/drive/MyDrive/DeepWeeds/dataset/20171218-120504-2.jpg,8,DW_NEG,8,DW_NEG,True,0.9805399
/content/drive/MyDrive/DeepWeeds/dataset/20171218-120648-3.jpg,8,DW_NEG,8,DW_NEG,True,0.7151259
/content/drive/MyDrive/DeepWeeds/dataset/20171218-120734-2.jpg,8,DW_NEG,8,DW_NEG,True,0.98453516
/content/drive/MyDrive/DeepWeeds/dataset/20171218-120822-2.jpg,8,DW_NEG,8,DW_NEG,True,0.98229754
/content/drive/MyDrive/DeepWeeds/dataset/20171218-120904-2.jpg,8,DW_NEG,8,DW_NEG,True,0.99962294
/content/drive/MyDrive/DeepWeeds/dataset/20171218-120917-3.jpg,8,DW_NEG,8,DW_NEG,True,0.590292
/content/drive/MyDrive/DeepWeeds/dataset/20171218-121041-2.jpg,8,DW_NEG,8,DW_NEG,True,0.94462883
/content/drive/MyDrive/DeepWeeds/dataset/20171218-121137-2.jpg,8,DW_NEG,8,DW_NEG,True,0.6489851
/content/drive/MyDrive/DeepWeeds/dataset/20171218-121231-3.jpg,8,DW_NEG,5,DW_RUBV,False,0.69357526
/content/drive/MyDrive/DeepWeeds/dataset/20171218-121328-3.jpg,8,DW_NEG,8,DW_NEG,True,0.8901911
/content/drive/MyDrive/DeepWeeds/dataset/20171218-121336-2.jpg,8,DW_NEG,8,DW_NEG,True,0.9963869
/content/drive/MyDrive/DeepWeeds/dataset/20171218-121454-2.jpg,8,DW_NEG,8,DW_NEG,True,0.989995
/content/drive/MyDrive/DeepWeeds/dataset/20171218-121629-2.jpg,8,DW_NEG,8,DW_NEG,True,0.9461298
/content/drive/MyDrive/DeepWeeds/dataset/20171218-121706-3.jpg,8,DW_NEG,8,DW_NEG,True,0.90689695
/content/drive/MyDrive/DeepWeeds/dataset/20171218-121722-2.jpg,8,DW_NEG,8,DW_NEG,True,0.94278324
/content/drive/MyDrive/DeepWeeds/dataset/20171218-121856-3.jpg,8,DW_NEG,8,DW_NEG,True,0.8227297
/content/drive/MyDrive/DeepWeeds/dataset/20171218-121917-2.jpg,8,DW_NEG,8,DW_NEG,True,0.85189766
/content/drive/MyDrive/DeepWeeds/dataset/20171218-122016-2.jpg,8,DW_NEG,8,DW_NEG,True,0.996795
/content/drive/MyDrive/DeepWeeds/dataset/20171218-122016-3.jpg,8,DW_NEG,5,DW_RUBV,False,0.6235265
/content/drive/MyDrive/DeepWeeds/dataset/20171218-122133-3.jpg,8,DW_NEG,8,DW_NEG,True,0.969899
/content/drive/MyDrive/DeepWeeds/dataset/20171218-122218-3.jpg,8,DW_NEG,8,DW_NEG,True,0.83619016
/content/drive/MyDrive/DeepWeeds/dataset/20171218-122332-3.jpg,8,DW_NEG,8,DW_NEG,True,0.5848527
/content/drive/MyDrive/DeepWeeds/dataset/20171219-092659-3.jpg,8,DW_NEG,8,DW_NEG,True,0.9071058
/content/drive/MyDrive/DeepWeeds/dataset/20171219-092731-3.jpg,8,DW_NEG,8,DW_NEG,True,0.9871454
/content/drive/MyDrive/DeepWeeds/dataset/20171219-092749-3.jpg,8,DW_NEG,3,DW_PART,False,0.4403834
/content/drive/MyDrive/DeepWeeds/dataset/20171219-092846-3.jpg,8,DW_NEG,8,DW_NEG,True,0.58961856
/content/drive/MyDrive/DeepWeeds/dataset/20171219-092952-3.jpg,8,DW_NEG,8,DW_NEG,True,0.8928808
/content/drive/MyDrive/DeepWeeds/dataset/20171219-093002-2.jpg,8,DW_NEG,8,DW_NEG,True,0.6119914
/content/drive/MyDrive/DeepWeeds/dataset/20171219-093106-2.jpg,8,DW_NEG,8,DW_NEG,True,0.64249504
/content/drive/MyDrive/DeepWeeds/dataset/20171219-093241-3.jpg,8,DW_NEG,8,DW_NEG,True,0.44685373
/content/drive/MyDrive/DeepWeeds/dataset/20171219-093306-3.jpg,8,DW_NEG,1,DW_LANT,False,0.5884282
/content/drive/MyDrive/DeepWeeds/dataset/20171219-093415-2.jpg,8,DW_NEG,8,DW_NEG,True,0.85420513
/content/drive/MyDrive/DeepWeeds/dataset/20171219-093659-2.jpg,8,DW_NEG,8,DW_NEG,True,0.6883749
/content/drive/MyDrive/DeepWeeds/dataset/20171219-093752-2.jpg,8,DW_NEG,8,DW_NEG,True,0.76038945
/content/drive/MyDrive/DeepWeeds/dataset/20171219-094002-2.jpg,8,DW_NEG,8,DW_NEG,True,0.87041706
/content/drive/MyDrive/DeepWeeds/dataset/20171219-094115-2.jpg,8,DW_NEG,0,DW_CHAP,False,0.5021343
/content/drive/MyDrive/DeepWeeds/dataset/20171219-094202-2.jpg,8,DW_NEG,8,DW_NEG,True,0.9445406
/content/drive/MyDrive/DeepWeeds/dataset/20171219-094325-3.jpg,8,DW_NEG,8,DW_NEG,True,0.9678325
/content/drive/MyDrive/DeepWeeds/dataset/20171219-094325-2.jpg,8,DW_NEG,8,DW_NEG,True,0.93182445
/content/drive/MyDrive/DeepWeeds/dataset/20171219-094510-2.jpg,8,DW_NEG,8,DW_NEG,True,0.9606173
/content/drive/MyDrive/DeepWeeds/dataset/20171219-094540-2.jpg,8,DW_NEG,8,DW_NEG,True,0.93863195
/content/drive/MyDrive/DeepWeeds/dataset/20171219-094547-3.jpg,8,DW_NEG,5,DW_RUBV,False,0.49524614
/content/drive/MyDrive/DeepWeeds/dataset/20171219-094640-2.jpg,8,DW_NEG,5,DW_RUBV,False,0.7713299
/content/drive/MyDrive/DeepWeeds/dataset/20171219-094732-2.jpg,8,DW_NEG,8,DW_NEG,True,0.9853441
/content/drive/MyDrive/DeepWeeds/dataset/20171219-094839-2.jpg,8,DW_NEG,8,DW_NEG,True,0.92112684
/content/drive/MyDrive/DeepWeeds/dataset/20171219-094857-3.jpg,8,DW_NEG,8,DW_NEG,True,0.971298
/content/drive/MyDrive/DeepWeeds/dataset/20171219-094937-2.jpg,8,DW_NEG,5,DW_RUBV,False,0.44808862
/content/drive/MyDrive/DeepWeeds/dataset/20171219-095012-3.jpg,8,DW_NEG,8,DW_NEG,True,0.88013875
/content/drive/MyDrive/DeepWeeds/dataset/20171219-095039-3.jpg,8,DW_NEG,8,DW_NEG,True,0.99775946
/content/drive/MyDrive/DeepWeeds/dataset/20171219-095132-2.jpg,8,DW_NEG,8,DW_NEG,True,0.9854294
/content/drive/MyDrive/DeepWeeds/dataset/20171219-095213-3.jpg,8,DW_NEG,8,DW_NEG,True,0.94777805
/content/drive/MyDrive/DeepWeeds/dataset/20171219-095213-2.jpg,8,DW_NEG,8,DW_NEG,True,0.8970028
/content/drive/MyDrive/DeepWeeds/dataset/20171219-095232-3.jpg,8,DW_NEG,8,DW_NEG,True,0.52878535
/content/drive/MyDrive/DeepWeeds/dataset/20171219-095321-2.jpg,8,DW_NEG,8,DW_NEG,True,0.9160303
/content/drive/MyDrive/DeepWeeds/dataset/20171219-095415-3.jpg,8,DW_NEG,8,DW_NEG,True,0.61122143
/content/drive/MyDrive/DeepWeeds/dataset/20171219-095437-3.jpg,8,DW_NEG,8,DW_NEG,True,0.8979385
/content/drive/MyDrive/DeepWeeds/dataset/20171219-095525-2.jpg,8,DW_NEG,8,DW_NEG,True,0.9555789
/content/drive/MyDrive/DeepWeeds/dataset/20171219-095602-3.jpg,8,DW_NEG,8,DW_NEG,True,0.53603673
/content/drive/MyDrive/DeepWeeds/dataset/20171219-095636-2.jpg,8,DW_NEG,8,DW_NEG,True,0.7826715
/content/drive/MyDrive/DeepWeeds/dataset/20171219-095730-2.jpg,8,DW_NEG,8,DW_NEG,True,0.96408004
/content/drive/MyDrive/DeepWeeds/dataset/20171219-095804-2.jpg,8,DW_NEG,8,DW_NEG,True,0.93585235
/content/drive/MyDrive/DeepWeeds/dataset/20171219-095936-3.jpg,8,DW_NEG,8,DW_NEG,True,0.90142065
/content/drive/MyDrive/DeepWeeds/dataset/20171219-095936-2.jpg,8,DW_NEG,8,DW_NEG,True,0.91885936
/content/drive/MyDrive/DeepWeeds/dataset/20171219-100023-3.jpg,8,DW_NEG,8,DW_NEG,True,0.78824085
/content/drive/MyDrive/DeepWeeds/dataset/20171219-100049-2.jpg,8,DW_NEG,8,DW_NEG,True,0.7593894
/content/drive/MyDrive/DeepWeeds/dataset/20171219-100301-3.jpg,8,DW_NEG,8,DW_NEG,True,0.691811
/content/drive/MyDrive/DeepWeeds/dataset/20171219-100402-2.jpg,8,DW_NEG,8,DW_NEG,True,0.8635655
/content/drive/MyDrive/DeepWeeds/dataset/20171219-100606-2.jpg,8,DW_NEG,8,DW_NEG,True,0.85302925
/content/drive/MyDrive/DeepWeeds/dataset/20171219-100707-3.jpg,8,DW_NEG,5,DW_RUBV,False,0.57624197
/content/drive/MyDrive/DeepWeeds/dataset/20171219-100707-2.jpg,8,DW_NEG,8,DW_NEG,True,0.5857758
/content/drive/MyDrive/DeepWeeds/dataset/20171219-100734-3.jpg,8,DW_NEG,8,DW_NEG,True,0.7916138
/content/drive/MyDrive/DeepWeeds/dataset/20171219-100828-2.jpg,8,DW_NEG,8,DW_NEG,True,0.919027
/content/drive/MyDrive/DeepWeeds/dataset/20171219-100842-2.jpg,8,DW_NEG,8,DW_NEG,True,0.9736795
/content/drive/MyDrive/DeepWeeds/dataset/20171219-101027-3.jpg,8,DW_NEG,8,DW_NEG,True,0.9581359
/content/drive/MyDrive/DeepWeeds/dataset/20171219-101319-2.jpg,8,DW_NEG,8,DW_NEG,True,0.70582294
/content/drive/MyDrive/DeepWeeds/dataset/20171219-101321-3.jpg,8,DW_NEG,8,DW_NEG,True,0.7217225
/content/drive/MyDrive/DeepWeeds/dataset/20171219-101508-2.jpg,8,DW_NEG,8,DW_NEG,True,0.8064379
/content/drive/MyDrive/DeepWeeds/dataset/20171219-101736-2.jpg,8,DW_NEG,8,DW_NEG,True,0.9375379
/content/drive/MyDrive/DeepWeeds/dataset/20171219-101935-3.jpg,8,DW_NEG,8,DW_NEG,True,0.9895733
/content/drive/MyDrive/DeepWeeds/dataset/20171219-102046-2.jpg,8,DW_NEG,8,DW_NEG,True,0.9741478
/content/drive/MyDrive/DeepWeeds/dataset/20171219-102135-3.jpg,8,DW_NEG,8,DW_NEG,True,0.9670506
/content/drive/MyDrive/DeepWeeds/dataset/20171219-102311-2.jpg,8,DW_NEG,8,DW_NEG,True,0.7464247
/content/drive/MyDrive/DeepWeeds/dataset/20171219-102416-2.jpg,8,DW_NEG,8,DW_NEG,True,0.97950864
/content/drive/MyDrive/DeepWeeds/dataset/20171219-102603-2.jpg,8,DW_NEG,8,DW_NEG,True,0.6287893
/content/drive/MyDrive/DeepWeeds/dataset/20171219-102923-3.jpg,8,DW_NEG,8,DW_NEG,True,0.9975973
/content/drive/MyDrive/DeepWeeds/dataset/20171219-103130-2.jpg,8,DW_NEG,5,DW_RUBV,False,0.65965116
/content/drive/MyDrive/DeepWeeds/dataset/20171219-103220-3.jpg,8,DW_NEG,8,DW_NEG,True,0.94763607
/content/drive/MyDrive/DeepWeeds/dataset/20171219-104517-2.jpg,8,DW_NEG,8,DW_NEG,True,0.98819995
/content/drive/MyDrive/DeepWeeds/dataset/20171219-104718-2.jpg,8,DW_NEG,8,DW_NEG,True,0.8222031
/content/drive/MyDrive/DeepWeeds/dataset/20171219-104859-2.jpg,8,DW_NEG,8,DW_NEG,True,0.7658382
/content/drive/MyDrive/DeepWeeds/dataset/20171219-105010-2.jpg,8,DW_NEG,8,DW_NEG,True,0.8924914
/content/drive/MyDrive/DeepWeeds/dataset/20171219-105135-3.jpg,8,DW_NEG,8,DW_NEG,True,0.9586226
/content/drive/MyDrive/DeepWeeds/dataset/20171219-105255-2.jpg,8,DW_NEG,8,DW_NEG,True,0.5763032
/content/drive/MyDrive/DeepWeeds/dataset/20171219-105402-2.jpg,8,DW_NEG,8,DW_NEG,True,0.8923564
/content/drive/MyDrive/DeepWeeds/dataset/20171219-105511-3.jpg,8,DW_NEG,8,DW_NEG,True,0.95318156
/content/drive/MyDrive/DeepWeeds/dataset/20171219-105602-2.jpg,8,DW_NEG,8,DW_NEG,True,0.8302761
/content/drive/MyDrive/DeepWeeds/dataset/20171219-105620-3.jpg,8,DW_NEG,8,DW_NEG,True,0.60597265
/content/drive/MyDrive/DeepWeeds/dataset/20171219-105739-3.jpg,8,DW_NEG,1,DW_LANT,False,0.49022028
/content/drive/MyDrive/DeepWeeds/dataset/20171219-105947-2.jpg,8,DW_NEG,8,DW_NEG,True,0.9819742
/content/drive/MyDrive/DeepWeeds/dataset/20171219-110157-3.jpg,8,DW_NEG,8,DW_NEG,True,0.7414675
/content/drive/MyDrive/DeepWeeds/dataset/20171219-110157-2.jpg,8,DW_NEG,8,DW_NEG,True,0.58833593
/content/drive/MyDrive/DeepWeeds/dataset/20171219-110229-2.jpg,8,DW_NEG,5,DW_RUBV,False,0.545094
/content/drive/MyDrive/DeepWeeds/dataset/20171219-110355-3.jpg,8,DW_NEG,8,DW_NEG,True,0.899761
/content/drive/MyDrive/DeepWeeds/dataset/20171219-110447-2.jpg,8,DW_NEG,8,DW_NEG,True,0.89284194
/content/drive/MyDrive/DeepWeeds/dataset/20171219-111732-3.jpg,8,DW_NEG,3,DW_PART,False,0.42493984
/content/drive/MyDrive/DeepWeeds/dataset/20171219-111842-3.jpg,8,DW_NEG,8,DW_NEG,True,0.8990396
/content/drive/MyDrive/DeepWeeds/dataset/20171219-111957-3.jpg,8,DW_NEG,8,DW_NEG,True,0.92479753
/content/drive/MyDrive/DeepWeeds/dataset/20171219-112027-2.jpg,8,DW_NEG,8,DW_NEG,True,0.76450336
/content/drive/MyDrive/DeepWeeds/dataset/20171219-112111-2.jpg,8,DW_NEG,8,DW_NEG,True,0.7695273
/content/drive/MyDrive/DeepWeeds/dataset/20171219-112115-3.jpg,8,DW_NEG,2,DW_PARK,False,0.38069114
/content/drive/MyDrive/DeepWeeds/dataset/20171219-112250-2.jpg,8,DW_NEG,8,DW_NEG,True,0.9766113
/content/drive/MyDrive/DeepWeeds/dataset/20171219-112256-3.jpg,8,DW_NEG,8,DW_NEG,True,0.93635553
/content/drive/MyDrive/DeepWeeds/dataset/20171219-112328-2.jpg,8,DW_NEG,8,DW_NEG,True,0.8329585
/content/drive/MyDrive/DeepWeeds/dataset/20171219-112426-2.jpg,8,DW_NEG,8,DW_NEG,True,0.44863957
/content/drive/MyDrive/DeepWeeds/dataset/20171219-112450-2.jpg,8,DW_NEG,8,DW_NEG,True,0.6955929
/content/drive/MyDrive/DeepWeeds/dataset/20171219-112533-3.jpg,8,DW_NEG,6,DW_SIWE,False,0.3763178
/content/drive/MyDrive/DeepWeeds/dataset/20171219-112623-3.jpg,8,DW_NEG,8,DW_NEG,True,0.45378196
/content/drive/MyDrive/DeepWeeds/dataset/20171219-112656-2.jpg,8,DW_NEG,8,DW_NEG,True,0.6620226
/content/drive/MyDrive/DeepWeeds/dataset/20171219-112707-3.jpg,8,DW_NEG,3,DW_PART,False,0.5282352
/content/drive/MyDrive/DeepWeeds/dataset/20171219-112749-2.jpg,8,DW_NEG,8,DW_NEG,True,0.90971804
/content/drive/MyDrive/DeepWeeds/dataset/20171219-112824-3.jpg,8,DW_NEG,2,DW_PARK,False,0.53842956
/content/drive/MyDrive/DeepWeeds/dataset/20171219-112840-2.jpg,8,DW_NEG,6,DW_SIWE,False,0.55803233
/content/drive/MyDrive/DeepWeeds/dataset/20171219-112938-2.jpg,8,DW_NEG,4,DW_PRAC,False,0.7864133
/content/drive/MyDrive/DeepWeeds/dataset/20171219-113014-2.jpg,8,DW_NEG,8,DW_NEG,True,0.8136836
/content/drive/MyDrive/DeepWeeds/dataset/20171219-113056-3.jpg,8,DW_NEG,3,DW_PART,False,0.4822325
/content/drive/MyDrive/DeepWeeds/dataset/20171219-113123-2.jpg,8,DW_NEG,8,DW_NEG,True,0.93890256
/content/drive/MyDrive/DeepWeeds/dataset/20171219-113222-3.jpg,8,DW_NEG,8,DW_NEG,True,0.769465
/content/drive/MyDrive/DeepWeeds/dataset/20171219-113236-3.jpg,8,DW_NEG,8,DW_NEG,True,0.58394873
/content/drive/MyDrive/DeepWeeds/dataset/20171219-113317-3.jpg,8,DW_NEG,8,DW_NEG,True,0.95896965
/content/drive/MyDrive/DeepWeeds/dataset/20171219-113356-2.jpg,8,DW_NEG,8,DW_NEG,True,0.7971685
/content/drive/MyDrive/DeepWeeds/dataset/20171219-113453-2.jpg,8,DW_NEG,2,DW_PARK,False,0.78686464
/content/drive/MyDrive/DeepWeeds/dataset/20171219-113507-3.jpg,8,DW_NEG,8,DW_NEG,True,0.63006383
/content/drive/MyDrive/DeepWeeds/dataset/20171219-113537-3.jpg,8,DW_NEG,2,DW_PARK,False,0.8361659
/content/drive/MyDrive/DeepWeeds/dataset/20171219-113555-2.jpg,8,DW_NEG,2,DW_PARK,False,0.64563376
/content/drive/MyDrive/DeepWeeds/dataset/20171219-113619-2.jpg,8,DW_NEG,8,DW_NEG,True,0.86023504
/content/drive/MyDrive/DeepWeeds/dataset/20171219-113700-3.jpg,8,DW_NEG,6,DW_SIWE,False,0.6291478
/content/drive/MyDrive/DeepWeeds/dataset/20171219-113826-3.jpg,8,DW_NEG,6,DW_SIWE,False,0.32182953
/content/drive/MyDrive/DeepWeeds/dataset/20171219-113852-2.jpg,8,DW_NEG,8,DW_NEG,True,0.4713938
/content/drive/MyDrive/DeepWeeds/dataset/20171219-113945-2.jpg,8,DW_NEG,8,DW_NEG,True,0.87300617
/content/drive/MyDrive/DeepWeeds/dataset/20171219-114035-2.jpg,8,DW_NEG,8,DW_NEG,True,0.60075855
/content/drive/MyDrive/DeepWeeds/dataset/20171219-114055-2.jpg,8,DW_NEG,8,DW_NEG,True,0.95478624
/content/drive/MyDrive/DeepWeeds/dataset/20171219-114123-2.jpg,8,DW_NEG,8,DW_NEG,True,0.95037043
/content/drive/MyDrive/DeepWeeds/dataset/20171219-114203-2.jpg,8,DW_NEG,8,DW_NEG,True,0.9160224
/content/drive/MyDrive/DeepWeeds/dataset/20171219-114259-3.jpg,8,DW_NEG,2,DW_PARK,False,0.65892726
/content/drive/MyDrive/DeepWeeds/dataset/20171219-114339-3.jpg,8,DW_NEG,0,DW_CHAP,False,0.5638227
/content/drive/MyDrive/DeepWeeds/dataset/20171219-114425-3.jpg,8,DW_NEG,0,DW_CHAP,False,0.28477582
/content/drive/MyDrive/DeepWeeds/dataset/20171219-114530-3.jpg,8,DW_NEG,6,DW_SIWE,False,0.60670555
/content/drive/MyDrive/DeepWeeds/dataset/20171219-114633-2.jpg,8,DW_NEG,8,DW_NEG,True,0.8659856
/content/drive/MyDrive/DeepWeeds/dataset/20171219-114710-2.jpg,8,DW_NEG,8,DW_NEG,True,0.97036314
/content/drive/MyDrive/DeepWeeds/dataset/20171219-114817-3.jpg,8,DW_NEG,2,DW_PARK,False,0.73261666
/content/drive/MyDrive/DeepWeeds/dataset/20171219-114940-2.jpg,8,DW_NEG,8,DW_NEG,True,0.8747433
/content/drive/MyDrive/DeepWeeds/dataset/20171219-114952-2.jpg,8,DW_NEG,8,DW_NEG,True,0.72416353
/content/drive/MyDrive/DeepWeeds/dataset/20171219-123814-2.jpg,8,DW_NEG,8,DW_NEG,True,0.83112913
/content/drive/MyDrive/DeepWeeds/dataset/20171220-082111-2.jpg,8,DW_NEG,7,DW_SNWE,False,0.58335805
/content/drive/MyDrive/DeepWeeds/dataset/20171220-082242-2.jpg,8,DW_NEG,7,DW_SNWE,False,0.44365954
/content/drive/MyDrive/DeepWeeds/dataset/20171220-082326-2.jpg,8,DW_NEG,8,DW_NEG,True,0.99442947
/content/drive/MyDrive/DeepWeeds/dataset/20171220-082451-2.jpg,8,DW_NEG,8,DW_NEG,True,0.9910005
/content/drive/MyDrive/DeepWeeds/dataset/20171220-082517-2.jpg,8,DW_NEG,8,DW_NEG,True,0.9651317
/content/drive/MyDrive/DeepWeeds/dataset/20171220-082613-2.jpg,8,DW_NEG,8,DW_NEG,True,0.9481328
/content/drive/MyDrive/DeepWeeds/dataset/20171220-082706-3.jpg,8,DW_NEG,8,DW_NEG,True,0.97729945
/content/drive/MyDrive/DeepWeeds/dataset/20171220-082743-2.jpg,8,DW_NEG,8,DW_NEG,True,0.94198394
/content/drive/MyDrive/DeepWeeds/dataset/20171220-082807-2.jpg,8,DW_NEG,8,DW_NEG,True,0.9480994
/content/drive/MyDrive/DeepWeeds/dataset/20171220-082827-2.jpg,8,DW_NEG,8,DW_NEG,True,0.9875343
/content/drive/MyDrive/DeepWeeds/dataset/20171220-082931-3.jpg,8,DW_NEG,8,DW_NEG,True,0.98548466
/content/drive/MyDrive/DeepWeeds/dataset/20171220-082954-3.jpg,8,DW_NEG,8,DW_NEG,True,0.999508
/content/drive/MyDrive/DeepWeeds/dataset/20171220-083017-2.jpg,8,DW_NEG,4,DW_PRAC,False,0.65157235
/content/drive/MyDrive/DeepWeeds/dataset/20171220-083111-2.jpg,8,DW_NEG,8,DW_NEG,True,0.8023896
/content/drive/MyDrive/DeepWeeds/dataset/20171220-083131-2.jpg,8,DW_NEG,8,DW_NEG,True,0.92504513
/content/drive/MyDrive/DeepWeeds/dataset/20171220-083131-3.jpg,8,DW_NEG,8,DW_NEG,True,0.99716884
/content/drive/MyDrive/DeepWeeds/dataset/20171220-083218-2.jpg,8,DW_NEG,4,DW_PRAC,False,0.81173056
/content/drive/MyDrive/DeepWeeds/dataset/20171220-083245-3.jpg,8,DW_NEG,8,DW_NEG,True,0.9959402
/content/drive/MyDrive/DeepWeeds/dataset/20171220-083307-2.jpg,8,DW_NEG,8,DW_NEG,True,0.7354363
/content/drive/MyDrive/DeepWeeds/dataset/20171220-083345-3.jpg,8,DW_NEG,8,DW_NEG,True,0.631178
/content/drive/MyDrive/DeepWeeds/dataset/20171220-083421-2.jpg,8,DW_NEG,0,DW_CHAP,False,0.4822568
/content/drive/MyDrive/DeepWeeds/dataset/20171220-083440-2.jpg,8,DW_NEG,8,DW_NEG,True,0.9583212
/content/drive/MyDrive/DeepWeeds/dataset/20171220-083515-2.jpg,8,DW_NEG,8,DW_NEG,True,0.5561221
/content/drive/MyDrive/DeepWeeds/dataset/20171220-083647-3.jpg,8,DW_NEG,8,DW_NEG,True,0.9370089
/content/drive/MyDrive/DeepWeeds/dataset/20171220-083801-3.jpg,8,DW_NEG,7,DW_SNWE,False,0.8186675
/content/drive/MyDrive/DeepWeeds/dataset/20171220-083902-3.jpg,8,DW_NEG,8,DW_NEG,True,0.9835216
/content/drive/MyDrive/DeepWeeds/dataset/20171220-084013-3.jpg,8,DW_NEG,8,DW_NEG,True,0.9362341
/content/drive/MyDrive/DeepWeeds/dataset/20171220-084039-2.jpg,8,DW_NEG,8,DW_NEG,True,0.582117
/content/drive/MyDrive/DeepWeeds/dataset/20171220-084120-2.jpg,8,DW_NEG,8,DW_NEG,True,0.91296905
/content/drive/MyDrive/DeepWeeds/dataset/20171220-084136-3.jpg,8,DW_NEG,8,DW_NEG,True,0.83060724
/content/drive/MyDrive/DeepWeeds/dataset/20171220-084225-2.jpg,8,DW_NEG,8,DW_NEG,True,0.7954616
/content/drive/MyDrive/DeepWeeds/dataset/20171220-084328-2.jpg,8,DW_NEG,8,DW_NEG,True,0.9295277
/content/drive/MyDrive/DeepWeeds/dataset/20171220-084337-3.jpg,8,DW_NEG,8,DW_NEG,True,0.97788084
/content/drive/MyDrive/DeepWeeds/dataset/20171220-084353-3.jpg,8,DW_NEG,8,DW_NEG,True,0.98749524
/content/drive/MyDrive/DeepWeeds/dataset/20171220-084454-3.jpg,8,DW_NEG,8,DW_NEG,True,0.97674143
/content/drive/MyDrive/DeepWeeds/dataset/20171220-084534-2.jpg,8,DW_NEG,8,DW_NEG,True,0.8358756
/content/drive/MyDrive/DeepWeeds/dataset/20171220-084534-3.jpg,8,DW_NEG,8,DW_NEG,True,0.9225382
/content/drive/MyDrive/DeepWeeds/dataset/20171220-084635-2.jpg,8,DW_NEG,8,DW_NEG,True,0.47475663
/content/drive/MyDrive/DeepWeeds/dataset/20171220-084657-2.jpg,8,DW_NEG,8,DW_NEG,True,0.9409187
/content/drive/MyDrive/DeepWeeds/dataset/20171220-084728-3.jpg,8,DW_NEG,7,DW_SNWE,False,0.39521086
/content/drive/MyDrive/DeepWeeds/dataset/20171220-084737-2.jpg,8,DW_NEG,8,DW_NEG,True,0.7978133
/content/drive/MyDrive/DeepWeeds/dataset/20171220-084830-2.jpg,8,DW_NEG,6,DW_SIWE,False,0.7604467
/content/drive/MyDrive/DeepWeeds/dataset/20171220-084920-2.jpg,8,DW_NEG,8,DW_NEG,True,0.98929495
/content/drive/MyDrive/DeepWeeds/dataset/20171220-084929-2.jpg,8,DW_NEG,8,DW_NEG,True,0.78322935
/content/drive/MyDrive/DeepWeeds/dataset/20171220-085013-3.jpg,8,DW_NEG,8,DW_NEG,True,0.8565096
/content/drive/MyDrive/DeepWeeds/dataset/20171220-085049-3.jpg,8,DW_NEG,8,DW_NEG,True,0.52053946
/content/drive/MyDrive/DeepWeeds/dataset/20171220-085131-2.jpg,8,DW_NEG,6,DW_SIWE,False,0.48263326
/content/drive/MyDrive/DeepWeeds/dataset/20171220-085247-2.jpg,8,DW_NEG,8,DW_NEG,True,0.49242854
/content/drive/MyDrive/DeepWeeds/dataset/20171220-085301-3.jpg,8,DW_NEG,8,DW_NEG,True,0.9849749
/content/drive/MyDrive/DeepWeeds/dataset/20171220-085343-2.jpg,8,DW_NEG,8,DW_NEG,True,0.9980463
/content/drive/MyDrive/DeepWeeds/dataset/20171220-085343-3.jpg,8,DW_NEG,7,DW_SNWE,False,0.38676143
/content/drive/MyDrive/DeepWeeds/dataset/20171220-085416-3.jpg,8,DW_NEG,8,DW_NEG,True,0.9206797
/content/drive/MyDrive/DeepWeeds/dataset/20171220-090156-3.jpg,8,DW_NEG,8,DW_NEG,True,0.89525765
/content/drive/MyDrive/DeepWeeds/dataset/20171220-090235-2.jpg,8,DW_NEG,5,DW_RUBV,False,0.9934135
/content/drive/MyDrive/DeepWeeds/dataset/20171220-090235-3.jpg,8,DW_NEG,8,DW_NEG,True,0.77725774
/content/drive/MyDrive/DeepWeeds/dataset/20171220-090310-2.jpg,8,DW_NEG,8,DW_NEG,True,0.9717942
/content/drive/MyDrive/DeepWeeds/dataset/20171220-090409-2.jpg,8,DW_NEG,8,DW_NEG,True,0.6180581
/content/drive/MyDrive/DeepWeeds/dataset/20171220-090427-2.jpg,8,DW_NEG,8,DW_NEG,True,0.9062456
/content/drive/MyDrive/DeepWeeds/dataset/20171220-090446-2.jpg,8,DW_NEG,8,DW_NEG,True,0.2974836
/content/drive/MyDrive/DeepWeeds/dataset/20171220-090603-2.jpg,8,DW_NEG,1,DW_LANT,False,0.39550614
/content/drive/MyDrive/DeepWeeds/dataset/20171220-090621-2.jpg,8,DW_NEG,8,DW_NEG,True,0.98551196
/content/drive/MyDrive/DeepWeeds/dataset/20171220-090736-2.jpg,8,DW_NEG,8,DW_NEG,True,0.8908476
/content/drive/MyDrive/DeepWeeds/dataset/20171220-090814-3.jpg,8,DW_NEG,8,DW_NEG,True,0.2619237
/content/drive/MyDrive/DeepWeeds/dataset/20171220-090841-2.jpg,8,DW_NEG,5,DW_RUBV,False,0.6899457
/content/drive/MyDrive/DeepWeeds/dataset/20171220-090906-2.jpg,8,DW_NEG,1,DW_LANT,False,0.7175301
/content/drive/MyDrive/DeepWeeds/dataset/20171220-091002-2.jpg,8,DW_NEG,8,DW_NEG,True,0.57631296
/content/drive/MyDrive/DeepWeeds/dataset/20171220-091108-2.jpg,8,DW_NEG,8,DW_NEG,True,0.5315953
/content/drive/MyDrive/DeepWeeds/dataset/20171220-091126-2.jpg,8,DW_NEG,8,DW_NEG,True,0.4802898
/content/drive/MyDrive/DeepWeeds/dataset/20171220-091218-2.jpg,8,DW_NEG,8,DW_NEG,True,0.60684854
/content/drive/MyDrive/DeepWeeds/dataset/20171220-091311-2.jpg,8,DW_NEG,5,DW_RUBV,False,0.4950315
/content/drive/MyDrive/DeepWeeds/dataset/20171220-091414-2.jpg,8,DW_NEG,5,DW_RUBV,False,0.6896364
/content/drive/MyDrive/DeepWeeds/dataset/20171220-091520-2.jpg,8,DW_NEG,5,DW_RUBV,False,0.71380246
/content/drive/MyDrive/DeepWeeds/dataset/20171220-091520-3.jpg,8,DW_NEG,5,DW_RUBV,False,0.8392351
/content/drive/MyDrive/DeepWeeds/dataset/20171220-091621-2.jpg,8,DW_NEG,8,DW_NEG,True,0.75772136
/content/drive/MyDrive/DeepWeeds/dataset/20171220-091646-3.jpg,8,DW_NEG,8,DW_NEG,True,0.43853825
/content/drive/MyDrive/DeepWeeds/dataset/20171220-091648-3.jpg,8,DW_NEG,8,DW_NEG,True,0.70289516
/content/drive/MyDrive/DeepWeeds/dataset/20171220-091733-2.jpg,8,DW_NEG,8,DW_NEG,True,0.95755994
/content/drive/MyDrive/DeepWeeds/dataset/20171220-091744-2.jpg,8,DW_NEG,5,DW_RUBV,False,0.94379663
/content/drive/MyDrive/DeepWeeds/dataset/20171220-091821-2.jpg,8,DW_NEG,8,DW_NEG,True,0.7725052
/content/drive/MyDrive/DeepWeeds/dataset/20171220-091846-2.jpg,8,DW_NEG,8,DW_NEG,True,0.74151593
/content/drive/MyDrive/DeepWeeds/dataset/20171220-091903-2.jpg,8,DW_NEG,8,DW_NEG,True,0.9470671
/content/drive/MyDrive/DeepWeeds/dataset/20171220-091952-2.jpg,8,DW_NEG,7,DW_SNWE,False,0.47272515
/content/drive/MyDrive/DeepWeeds/dataset/20171220-092044-2.jpg,8,DW_NEG,8,DW_NEG,True,0.9627789
/content/drive/MyDrive/DeepWeeds/dataset/20171220-092108-3.jpg,8,DW_NEG,8,DW_NEG,True,0.8631904
/content/drive/MyDrive/DeepWeeds/dataset/20171220-092203-2.jpg,8,DW_NEG,8,DW_NEG,True,0.59092915
/content/drive/MyDrive/DeepWeeds/dataset/20171220-092221-2.jpg,8,DW_NEG,5,DW_RUBV,False,0.77352273
/content/drive/MyDrive/DeepWeeds/dataset/20171220-092323-2.jpg,8,DW_NEG,8,DW_NEG,True,0.8828012
/content/drive/MyDrive/DeepWeeds/dataset/20171220-092404-3.jpg,8,DW_NEG,5,DW_RUBV,False,0.6586688
/content/drive/MyDrive/DeepWeeds/dataset/20171220-092406-2.jpg,8,DW_NEG,8,DW_NEG,True,0.8086747
/content/drive/MyDrive/DeepWeeds/dataset/20171220-092520-3.jpg,8,DW_NEG,3,DW_PART,False,0.56967455
/content/drive/MyDrive/DeepWeeds/dataset/20171220-092522-3.jpg,8,DW_NEG,8,DW_NEG,True,0.93570566
/content/drive/MyDrive/DeepWeeds/dataset/20171220-092621-2.jpg,8,DW_NEG,8,DW_NEG,True,0.6508468
/content/drive/MyDrive/DeepWeeds/dataset/20171220-092644-2.jpg,8,DW_NEG,8,DW_NEG,True,0.84670293
/content/drive/MyDrive/DeepWeeds/dataset/20171220-092717-3.jpg,8,DW_NEG,8,DW_NEG,True,0.9376318
/content/drive/MyDrive/DeepWeeds/dataset/20171220-092741-2.jpg,8,DW_NEG,8,DW_NEG,True,0.869977
/content/drive/MyDrive/DeepWeeds/dataset/20171220-092812-2.jpg,8,DW_NEG,8,DW_NEG,True,0.9686543
/content/drive/MyDrive/DeepWeeds/dataset/20171220-092929-2.jpg,8,DW_NEG,8,DW_NEG,True,0.94940174
/content/drive/MyDrive/DeepWeeds/dataset/20171220-093010-2.jpg,8,DW_NEG,8,DW_NEG,True,0.8956779
/content/drive/MyDrive/DeepWeeds/dataset/20171220-093020-3.jpg,8,DW_NEG,8,DW_NEG,True,0.84241927
/content/drive/MyDrive/DeepWeeds/dataset/20171220-093113-2.jpg,8,DW_NEG,8,DW_NEG,True,0.80066323
/content/drive/MyDrive/DeepWeeds/dataset/20171220-093207-2.jpg,8,DW_NEG,8,DW_NEG,True,0.9424665
/content/drive/MyDrive/DeepWeeds/dataset/20171220-093224-2.jpg,8,DW_NEG,8,DW_NEG,True,0.8302301
/content/drive/MyDrive/DeepWeeds/dataset/20171220-093255-2.jpg,8,DW_NEG,8,DW_NEG,True,0.77680236
/content/drive/MyDrive/DeepWeeds/dataset/20171220-093328-3.jpg,8,DW_NEG,8,DW_NEG,True,0.6699118
/content/drive/MyDrive/DeepWeeds/dataset/20171220-093403-2.jpg,8,DW_NEG,8,DW_NEG,True,0.8342832
/content/drive/MyDrive/DeepWeeds/dataset/20171220-093456-3.jpg,8,DW_NEG,3,DW_PART,False,0.38517207
/content/drive/MyDrive/DeepWeeds/dataset/20171220-093510-2.jpg,8,DW_NEG,8,DW_NEG,True,0.8346427
/content/drive/MyDrive/DeepWeeds/dataset/20171220-093534-2.jpg,8,DW_NEG,5,DW_RUBV,False,0.9728966
/content/drive/MyDrive/DeepWeeds/dataset/20171220-093637-2.jpg,8,DW_NEG,5,DW_RUBV,False,0.97241926
/content/drive/MyDrive/DeepWeeds/dataset/20171220-094506-2.jpg,8,DW_NEG,5,DW_RUBV,False,0.4043516
/content/drive/MyDrive/DeepWeeds/dataset/20171220-094554-2.jpg,8,DW_NEG,8,DW_NEG,True,0.9786202
/content/drive/MyDrive/DeepWeeds/dataset/20171220-094611-2.jpg,8,DW_NEG,8,DW_NEG,True,0.8058053
/content/drive/MyDrive/DeepWeeds/dataset/20171220-094659-1.jpg,8,DW_NEG,8,DW_NEG,True,0.8670105
/content/drive/MyDrive/DeepWeeds/dataset/20171220-094737-1.jpg,8,DW_NEG,8,DW_NEG,True,0.9972179
/content/drive/MyDrive/DeepWeeds/dataset/20171220-094750-1.jpg,8,DW_NEG,8,DW_NEG,True,0.96201587
/content/drive/MyDrive/DeepWeeds/dataset/20171220-094826-1.jpg,8,DW_NEG,8,DW_NEG,True,0.9812898
/content/drive/MyDrive/DeepWeeds/dataset/20171220-094829-2.jpg,8,DW_NEG,8,DW_NEG,True,0.9581219
/content/drive/MyDrive/DeepWeeds/dataset/20171220-094856-2.jpg,8,DW_NEG,8,DW_NEG,True,0.68341756
/content/drive/MyDrive/DeepWeeds/dataset/20171220-094903-2.jpg,8,DW_NEG,8,DW_NEG,True,0.95218253
/content/drive/MyDrive/DeepWeeds/dataset/20171220-094932-2.jpg,8,DW_NEG,8,DW_NEG,True,0.9661918
/content/drive/MyDrive/DeepWeeds/dataset/20171220-095000-2.jpg,8,DW_NEG,8,DW_NEG,True,0.5931677
/content/drive/MyDrive/DeepWeeds/dataset/20171220-095017-2.jpg,8,DW_NEG,8,DW_NEG,True,0.54410774
/content/drive/MyDrive/DeepWeeds/dataset/20171220-095046-1.jpg,8,DW_NEG,8,DW_NEG,True,0.9591435
/content/drive/MyDrive/DeepWeeds/dataset/20171220-095110-1.jpg,8,DW_NEG,8,DW_NEG,True,0.5873042
/content/drive/MyDrive/DeepWeeds/dataset/20171220-095140-1.jpg,8,DW_NEG,8,DW_NEG,True,0.9932073
/content/drive/MyDrive/DeepWeeds/dataset/20171220-095209-1.jpg,8,DW_NEG,5,DW_RUBV,False,0.59260136
/content/drive/MyDrive/DeepWeeds/dataset/20171220-095227-1.jpg,8,DW_NEG,0,DW_CHAP,False,0.78019804
/content/drive/MyDrive/DeepWeeds/dataset/20171220-095249-2.jpg,8,DW_NEG,8,DW_NEG,True,0.48889357
/content/drive/MyDrive/DeepWeeds/dataset/20171220-095316-1.jpg,8,DW_NEG,8,DW_NEG,True,0.9954346
/content/drive/MyDrive/DeepWeeds/dataset/20171220-095345-1.jpg,8,DW_NEG,8,DW_NEG,True,0.99606293
/content/drive/MyDrive/DeepWeeds/dataset/20171220-095429-2.jpg,8,DW_NEG,8,DW_NEG,True,0.93946385
/content/drive/MyDrive/DeepWeeds/dataset/20171220-095444-1.jpg,8,DW_NEG,8,DW_NEG,True,0.98073536
/content/drive/MyDrive/DeepWeeds/dataset/20171220-095456-2.jpg,8,DW_NEG,5,DW_RUBV,False,0.58120084
/content/drive/MyDrive/DeepWeeds/dataset/20171220-095542-2.jpg,8,DW_NEG,8,DW_NEG,True,0.7708635
/content/drive/MyDrive/DeepWeeds/dataset/20171220-095849-2.jpg,8,DW_NEG,8,DW_NEG,True,0.7472466
/content/drive/MyDrive/DeepWeeds/dataset/20171220-100147-2.jpg,8,DW_NEG,8,DW_NEG,True,0.9587248
/content/drive/MyDrive/DeepWeeds/dataset/20171220-100216-2.jpg,8,DW_NEG,8,DW_NEG,True,0.9495389
/content/drive/MyDrive/DeepWeeds/dataset/20171220-100239-2.jpg,8,DW_NEG,8,DW_NEG,True,0.9053238
/content/drive/MyDrive/DeepWeeds/dataset/20171220-100307-1.jpg,8,DW_NEG,8,DW_NEG,True,0.95574814
/content/drive/MyDrive/DeepWeeds/dataset/20171220-100335-1.jpg,8,DW_NEG,5,DW_RUBV,False,0.54416203
/content/drive/MyDrive/DeepWeeds/dataset/20171220-100413-2.jpg,8,DW_NEG,8,DW_NEG,True,0.9428361
/content/drive/MyDrive/DeepWeeds/dataset/20171220-100431-1.jpg,8,DW_NEG,8,DW_NEG,True,0.9908262
/content/drive/MyDrive/DeepWeeds/dataset/20171220-100432-1.jpg,8,DW_NEG,5,DW_RUBV,False,0.64790386
/content/drive/MyDrive/DeepWeeds/dataset/20171220-100509-1.jpg,8,DW_NEG,8,DW_NEG,True,0.9973477
/content/drive/MyDrive/DeepWeeds/dataset/20171220-100547-1.jpg,8,DW_NEG,8,DW_NEG,True,0.8995782
/content/drive/MyDrive/DeepWeeds/dataset/20171220-100613-1.jpg,8,DW_NEG,8,DW_NEG,True,0.986987
/content/drive/MyDrive/DeepWeeds/dataset/20171220-100652-1.jpg,8,DW_NEG,8,DW_NEG,True,0.9969626
/content/drive/MyDrive/DeepWeeds/dataset/20171220-100717-2.jpg,8,DW_NEG,8,DW_NEG,True,0.73040473
/content/drive/MyDrive/DeepWeeds/dataset/20171220-100754-1.jpg,8,DW_NEG,8,DW_NEG,True,0.8635054
/content/drive/MyDrive/DeepWeeds/dataset/20171220-100855-2.jpg,8,DW_NEG,1,DW_LANT,False,0.3205009
/content/drive/MyDrive/DeepWeeds/dataset/20171220-100932-2.jpg,8,DW_NEG,8,DW_NEG,True,0.9953608
/content/drive/MyDrive/DeepWeeds/dataset/20171220-101008-1.jpg,8,DW_NEG,8,DW_NEG,True,0.9814612
/content/drive/MyDrive/DeepWeeds/dataset/20171220-101143-1.jpg,8,DW_NEG,8,DW_NEG,True,0.9901344
/content/drive/MyDrive/DeepWeeds/dataset/20171220-101311-2.jpg,8,DW_NEG,8,DW_NEG,True,0.5827094
/content/drive/MyDrive/DeepWeeds/dataset/20171220-101409-2.jpg,8,DW_NEG,8,DW_NEG,True,0.9730057
/content/drive/MyDrive/DeepWeeds/dataset/20171220-101409-1.jpg,8,DW_NEG,8,DW_NEG,True,0.99299663
/content/drive/MyDrive/DeepWeeds/dataset/20171220-101427-2.jpg,8,DW_NEG,8,DW_NEG,True,0.5116198
/content/drive/MyDrive/DeepWeeds/dataset/20171220-101529-1.jpg,8,DW_NEG,8,DW_NEG,True,0.99065524
/content/drive/MyDrive/DeepWeeds/dataset/20171220-101617-1.jpg,8,DW_NEG,8,DW_NEG,True,0.9704278
/content/drive/MyDrive/DeepWeeds/dataset/20171220-101632-2.jpg,8,DW_NEG,8,DW_NEG,True,0.59926444
/content/drive/MyDrive/DeepWeeds/dataset/20171220-101652-1.jpg,8,DW_NEG,8,DW_NEG,True,0.9824065
/content/drive/MyDrive/DeepWeeds/dataset/20171220-101708-2.jpg,8,DW_NEG,8,DW_NEG,True,0.5656106
/content/drive/MyDrive/DeepWeeds/dataset/20171220-101721-2.jpg,8,DW_NEG,8,DW_NEG,True,0.8401379
/content/drive/MyDrive/DeepWeeds/dataset/20171220-101738-1.jpg,8,DW_NEG,8,DW_NEG,True,0.53760475
/content/drive/MyDrive/DeepWeeds/dataset/20171220-101819-2.jpg,8,DW_NEG,5,DW_RUBV,False,0.5446525
/content/drive/MyDrive/DeepWeeds/dataset/20171220-101928-2.jpg,8,DW_NEG,8,DW_NEG,True,0.61275387
/content/drive/MyDrive/DeepWeeds/dataset/20180105-091416-2.jpg,8,DW_NEG,6,DW_SIWE,False,0.678143
/content/drive/MyDrive/DeepWeeds/dataset/20180105-091434-2.jpg,8,DW_NEG,8,DW_NEG,True,0.540815
/content/drive/MyDrive/DeepWeeds/dataset/20180105-091536-3.jpg,8,DW_NEG,8,DW_NEG,True,0.95950264
/content/drive/MyDrive/DeepWeeds/dataset/20180105-091601-2.jpg,8,DW_NEG,8,DW_NEG,True,0.97294635
/content/drive/MyDrive/DeepWeeds/dataset/20180105-091636-2.jpg,8,DW_NEG,6,DW_SIWE,False,0.5150669
/content/drive/MyDrive/DeepWeeds/dataset/20180105-091702-2.jpg,8,DW_NEG,8,DW_NEG,True,0.73158824
/content/drive/MyDrive/DeepWeeds/dataset/20180105-091702-3.jpg,8,DW_NEG,8,DW_NEG,True,0.978689
/content/drive/MyDrive/DeepWeeds/dataset/20180105-091755-2.jpg,8,DW_NEG,6,DW_SIWE,False,0.69208837
/content/drive/MyDrive/DeepWeeds/dataset/20180105-091821-3.jpg,8,DW_NEG,8,DW_NEG,True,0.9964036
/content/drive/MyDrive/DeepWeeds/dataset/20180105-092012-3.jpg,8,DW_NEG,8,DW_NEG,True,0.9911703
/content/drive/MyDrive/DeepWeeds/dataset/20180105-092131-2.jpg,8,DW_NEG,8,DW_NEG,True,0.9457817
/content/drive/MyDrive/DeepWeeds/dataset/20180105-092131-3.jpg,8,DW_NEG,8,DW_NEG,True,0.8976031
/content/drive/MyDrive/DeepWeeds/dataset/20180105-092143-2.jpg,8,DW_NEG,6,DW_SIWE,False,0.5094198
/content/drive/MyDrive/DeepWeeds/dataset/20180105-092221-3.jpg,8,DW_NEG,8,DW_NEG,True,0.91539663
/content/drive/MyDrive/DeepWeeds/dataset/20180105-092233-3.jpg,8,DW_NEG,8,DW_NEG,True,0.99500364
/content/drive/MyDrive/DeepWeeds/dataset/20180105-092305-2.jpg,8,DW_NEG,6,DW_SIWE,False,0.76280504
/content/drive/MyDrive/DeepWeeds/dataset/20180105-092328-3.jpg,8,DW_NEG,8,DW_NEG,True,0.7242037
/content/drive/MyDrive/DeepWeeds/dataset/20180105-092404-2.jpg,8,DW_NEG,8,DW_NEG,True,0.97595245
/content/drive/MyDrive/DeepWeeds/dataset/20180105-092426-2.jpg,8,DW_NEG,8,DW_NEG,True,0.9980869
/content/drive/MyDrive/DeepWeeds/dataset/20180105-092451-2.jpg,8,DW_NEG,8,DW_NEG,True,0.9988675
/content/drive/MyDrive/DeepWeeds/dataset/20180105-092547-2.jpg,8,DW_NEG,8,DW_NEG,True,0.54418135
/content/drive/MyDrive/DeepWeeds/dataset/20180105-092612-2.jpg,8,DW_NEG,8,DW_NEG,True,0.98845774
/content/drive/MyDrive/DeepWeeds/dataset/20180105-092644-2.jpg,8,DW_NEG,8,DW_NEG,True,0.9993999
/content/drive/MyDrive/DeepWeeds/dataset/20180105-092727-2.jpg,8,DW_NEG,6,DW_SIWE,False,0.49134296
/content/drive/MyDrive/DeepWeeds/dataset/20180105-092741-2.jpg,8,DW_NEG,6,DW_SIWE,False,0.7498253
/content/drive/MyDrive/DeepWeeds/dataset/20180105-092822-2.jpg,8,DW_NEG,8,DW_NEG,True,0.9982553
/content/drive/MyDrive/DeepWeeds/dataset/20180105-092846-2.jpg,8,DW_NEG,8,DW_NEG,True,0.6004689
/content/drive/MyDrive/DeepWeeds/dataset/20180105-092927-2.jpg,8,DW_NEG,8,DW_NEG,True,0.99339724
/content/drive/MyDrive/DeepWeeds/dataset/20180105-092958-2.jpg,8,DW_NEG,8,DW_NEG,True,0.66762346
/content/drive/MyDrive/DeepWeeds/dataset/20180105-093026-2.jpg,8,DW_NEG,8,DW_NEG,True,0.9951944
/content/drive/MyDrive/DeepWeeds/dataset/20180105-093111-2.jpg,8,DW_NEG,8,DW_NEG,True,0.9428142
/content/drive/MyDrive/DeepWeeds/dataset/20180105-093111-3.jpg,8,DW_NEG,6,DW_SIWE,False,0.7159835
/content/drive/MyDrive/DeepWeeds/dataset/20180105-093139-2.jpg,8,DW_NEG,8,DW_NEG,True,0.5678735
/content/drive/MyDrive/DeepWeeds/dataset/20180105-093213-2.jpg,8,DW_NEG,6,DW_SIWE,False,0.5387006
/content/drive/MyDrive/DeepWeeds/dataset/20180105-093302-2.jpg,8,DW_NEG,8,DW_NEG,True,0.9657444
/content/drive/MyDrive/DeepWeeds/dataset/20180105-093335-2.jpg,8,DW_NEG,8,DW_NEG,True,0.54609406
/content/drive/MyDrive/DeepWeeds/dataset/20180105-093425-2.jpg,8,DW_NEG,8,DW_NEG,True,0.851187
/content/drive/MyDrive/DeepWeeds/dataset/20180105-093454-3.jpg,8,DW_NEG,6,DW_SIWE,False,0.99955124
/content/drive/MyDrive/DeepWeeds/dataset/20180105-093514-2.jpg,8,DW_NEG,8,DW_NEG,True,0.9446083
/content/drive/MyDrive/DeepWeeds/dataset/20180105-093514-3.jpg,8,DW_NEG,6,DW_SIWE,False,0.9871158
/content/drive/MyDrive/DeepWeeds/dataset/20180105-093545-2.jpg,8,DW_NEG,8,DW_NEG,True,0.7540712
/content/drive/MyDrive/DeepWeeds/dataset/20180105-093606-3.jpg,8,DW_NEG,8,DW_NEG,True,0.7284033
/content/drive/MyDrive/DeepWeeds/dataset/20180105-093646-2.jpg,8,DW_NEG,8,DW_NEG,True,0.7778622
/content/drive/MyDrive/DeepWeeds/dataset/20180105-093716-2.jpg,8,DW_NEG,8,DW_NEG,True,0.85121757
/content/drive/MyDrive/DeepWeeds/dataset/20180105-093740-2.jpg,8,DW_NEG,8,DW_NEG,True,0.9313266
/content/drive/MyDrive/DeepWeeds/dataset/20180105-093811-2.jpg,8,DW_NEG,8,DW_NEG,True,0.99644095
/content/drive/MyDrive/DeepWeeds/dataset/20180105-093848-2.jpg,8,DW_NEG,8,DW_NEG,True,0.8807448
/content/drive/MyDrive/DeepWeeds/dataset/20180105-093944-3.jpg,8,DW_NEG,8,DW_NEG,True,0.9354348
/content/drive/MyDrive/DeepWeeds/dataset/20180105-094049-3.jpg,8,DW_NEG,8,DW_NEG,True,0.82080024
/content/drive/MyDrive/DeepWeeds/dataset/20180105-094300-3.jpg,8,DW_NEG,8,DW_NEG,True,0.54628456
/content/drive/MyDrive/DeepWeeds/dataset/20180105-094715-2.jpg,8,DW_NEG,6,DW_SIWE,False,0.5678517
/content/drive/MyDrive/DeepWeeds/dataset/20180105-094739-3.jpg,8,DW_NEG,8,DW_NEG,True,0.8692993
/content/drive/MyDrive/DeepWeeds/dataset/20180105-094840-2.jpg,8,DW_NEG,8,DW_NEG,True,0.8081435
/content/drive/MyDrive/DeepWeeds/dataset/20180105-094901-2.jpg,8,DW_NEG,6,DW_SIWE,False,0.57686836
/content/drive/MyDrive/DeepWeeds/dataset/20180105-094918-2.jpg,8,DW_NEG,8,DW_NEG,True,0.8568295
/content/drive/MyDrive/DeepWeeds/dataset/20180105-094951-2.jpg,8,DW_NEG,8,DW_NEG,True,0.9526781
/content/drive/MyDrive/DeepWeeds/dataset/20180105-095030-2.jpg,8,DW_NEG,8,DW_NEG,True,0.99592566
/content/drive/MyDrive/DeepWeeds/dataset/20180105-095107-2.jpg,8,DW_NEG,6,DW_SIWE,False,0.8756121
/content/drive/MyDrive/DeepWeeds/dataset/20180105-095152-3.jpg,8,DW_NEG,6,DW_SIWE,False,0.7502248
/content/drive/MyDrive/DeepWeeds/dataset/20180105-095234-2.jpg,8,DW_NEG,8,DW_NEG,True,0.59845203
/content/drive/MyDrive/DeepWeeds/dataset/20180105-095357-2.jpg,8,DW_NEG,8,DW_NEG,True,0.64253384
/content/drive/MyDrive/DeepWeeds/dataset/20180105-095426-2.jpg,8,DW_NEG,8,DW_NEG,True,0.9093335
/content/drive/MyDrive/DeepWeeds/dataset/20180105-095512-2.jpg,8,DW_NEG,8,DW_NEG,True,0.9830684
/content/drive/MyDrive/DeepWeeds/dataset/20180105-095536-2.jpg,8,DW_NEG,8,DW_NEG,True,0.9071433
/content/drive/MyDrive/DeepWeeds/dataset/20180105-095607-3.jpg,8,DW_NEG,6,DW_SIWE,False,0.9055645
/content/drive/MyDrive/DeepWeeds/dataset/20180105-095635-2.jpg,8,DW_NEG,8,DW_NEG,True,0.61544347
/content/drive/MyDrive/DeepWeeds/dataset/20180105-095654-3.jpg,8,DW_NEG,8,DW_NEG,True,0.75071317
/content/drive/MyDrive/DeepWeeds/dataset/20180105-095706-3.jpg,8,DW_NEG,8,DW_NEG,True,0.9408805
/content/drive/MyDrive/DeepWeeds/dataset/20180105-095804-2.jpg,8,DW_NEG,8,DW_NEG,True,0.8253214
/content/drive/MyDrive/DeepWeeds/dataset/20180105-095816-3.jpg,8,DW_NEG,8,DW_NEG,True,0.9419798
/content/drive/MyDrive/DeepWeeds/dataset/20180105-095833-3.jpg,8,DW_NEG,8,DW_NEG,True,0.9572257
/content/drive/MyDrive/DeepWeeds/dataset/20180105-095859-3.jpg,8,DW_NEG,8,DW_NEG,True,0.9718794
/content/drive/MyDrive/DeepWeeds/dataset/20180105-095936-2.jpg,8,DW_NEG,8,DW_NEG,True,0.9991524
/content/drive/MyDrive/DeepWeeds/dataset/20180105-095936-3.jpg,8,DW_NEG,8,DW_NEG,True,0.8523784
/content/drive/MyDrive/DeepWeeds/dataset/20180105-095956-3.jpg,8,DW_NEG,8,DW_NEG,True,0.8485656
/content/drive/MyDrive/DeepWeeds/dataset/20180105-100006-3.jpg,8,DW_NEG,8,DW_NEG,True,0.6199323
/content/drive/MyDrive/DeepWeeds/dataset/20180105-100126-2.jpg,8,DW_NEG,8,DW_NEG,True,0.99759537
/content/drive/MyDrive/DeepWeeds/dataset/20180105-100137-2.jpg,8,DW_NEG,8,DW_NEG,True,0.99765116
/content/drive/MyDrive/DeepWeeds/dataset/20180105-100210-3.jpg,8,DW_NEG,8,DW_NEG,True,0.51306623
/content/drive/MyDrive/DeepWeeds/dataset/20180105-100234-2.jpg,8,DW_NEG,6,DW_SIWE,False,0.9410751
/content/drive/MyDrive/DeepWeeds/dataset/20180105-100308-2.jpg,8,DW_NEG,8,DW_NEG,True,0.7610941
/content/drive/MyDrive/DeepWeeds/dataset/20180105-100314-2.jpg,8,DW_NEG,6,DW_SIWE,False,0.9716915
/content/drive/MyDrive/DeepWeeds/dataset/20180105-100314-3.jpg,8,DW_NEG,8,DW_NEG,True,0.916559
/content/drive/MyDrive/DeepWeeds/dataset/20180105-100405-2.jpg,8,DW_NEG,8,DW_NEG,True,0.97207546
/content/drive/MyDrive/DeepWeeds/dataset/20180105-100414-3.jpg,8,DW_NEG,6,DW_SIWE,False,0.8568327
/content/drive/MyDrive/DeepWeeds/dataset/20180105-100457-2.jpg,8,DW_NEG,6,DW_SIWE,False,0.5526467
/content/drive/MyDrive/DeepWeeds/dataset/20180105-100544-3.jpg,8,DW_NEG,8,DW_NEG,True,0.68731856
/content/drive/MyDrive/DeepWeeds/dataset/20180105-100554-2.jpg,8,DW_NEG,8,DW_NEG,True,0.97876644
/content/drive/MyDrive/DeepWeeds/dataset/20180105-100622-3.jpg,8,DW_NEG,8,DW_NEG,True,0.50812405
/content/drive/MyDrive/DeepWeeds/dataset/20180105-100706-2.jpg,8,DW_NEG,6,DW_SIWE,False,0.60187614
/content/drive/MyDrive/DeepWeeds/dataset/20180105-100729-2.jpg,8,DW_NEG,8,DW_NEG,True,0.8558251
/content/drive/MyDrive/DeepWeeds/dataset/20180105-100729-3.jpg,8,DW_NEG,6,DW_SIWE,False,0.49081463
/content/drive/MyDrive/DeepWeeds/dataset/20180105-100830-3.jpg,8,DW_NEG,8,DW_NEG,True,0.55828255
/content/drive/MyDrive/DeepWeeds/dataset/20180105-100843-2.jpg,8,DW_NEG,8,DW_NEG,True,0.9959896
/content/drive/MyDrive/DeepWeeds/dataset/20180105-100937-2.jpg,8,DW_NEG,8,DW_NEG,True,0.9718973
/content/drive/MyDrive/DeepWeeds/dataset/20180105-100957-2.jpg,8,DW_NEG,8,DW_NEG,True,0.7922318
/content/drive/MyDrive/DeepWeeds/dataset/20180105-101059-3.jpg,8,DW_NEG,6,DW_SIWE,False,0.57930565
/content/drive/MyDrive/DeepWeeds/dataset/20180105-101143-3.jpg,8,DW_NEG,8,DW_NEG,True,0.5148229
/content/drive/MyDrive/DeepWeeds/dataset/20180105-101147-2.jpg,8,DW_NEG,8,DW_NEG,True,0.9935789
/content/drive/MyDrive/DeepWeeds/dataset/20180105-101221-3.jpg,8,DW_NEG,8,DW_NEG,True,0.98035115
/content/drive/MyDrive/DeepWeeds/dataset/20180105-101232-2.jpg,8,DW_NEG,8,DW_NEG,True,0.9005362
/content/drive/MyDrive/DeepWeeds/dataset/20180105-101313-2.jpg,8,DW_NEG,6,DW_SIWE,False,0.5473275
/content/drive/MyDrive/DeepWeeds/dataset/20180105-101357-2.jpg,8,DW_NEG,8,DW_NEG,True,0.40785706
/content/drive/MyDrive/DeepWeeds/dataset/20180105-101504-2.jpg,8,DW_NEG,8,DW_NEG,True,0.9027754
/content/drive/MyDrive/DeepWeeds/dataset/20180105-101617-2.jpg,8,DW_NEG,8,DW_NEG,True,0.5691685
/content/drive/MyDrive/DeepWeeds/dataset/20180105-101653-2.jpg,8,DW_NEG,8,DW_NEG,True,0.99239266
/content/drive/MyDrive/DeepWeeds/dataset/20180105-101736-2.jpg,8,DW_NEG,6,DW_SIWE,False,0.6075845
/content/drive/MyDrive/DeepWeeds/dataset/20180105-101758-2.jpg,8,DW_NEG,8,DW_NEG,True,0.63368875
/content/drive/MyDrive/DeepWeeds/dataset/20180105-101825-2.jpg,8,DW_NEG,8,DW_NEG,True,0.9901456
/content/drive/MyDrive/DeepWeeds/dataset/20180105-101926-2.jpg,8,DW_NEG,8,DW_NEG,True,0.90548867
/content/drive/MyDrive/DeepWeeds/dataset/20180105-102009-2.jpg,8,DW_NEG,6,DW_SIWE,False,0.5700167
/content/drive/MyDrive/DeepWeeds/dataset/20180105-102115-2.jpg,8,DW_NEG,8,DW_NEG,True,0.91874754
/content/drive/MyDrive/DeepWeeds/dataset/20180105-102301-1.jpg,8,DW_NEG,8,DW_NEG,True,0.49873543
/content/drive/MyDrive/DeepWeeds/dataset/20180105-102401-1.jpg,8,DW_NEG,8,DW_NEG,True,0.7818466
/content/drive/MyDrive/DeepWeeds/dataset/20180105-102457-1.jpg,8,DW_NEG,6,DW_SIWE,False,0.688854
/content/drive/MyDrive/DeepWeeds/dataset/20180105-104158-1.jpg,8,DW_NEG,8,DW_NEG,True,0.8729361
/content/drive/MyDrive/DeepWeeds/dataset/20180105-104316-1.jpg,8,DW_NEG,8,DW_NEG,True,0.7697396
/content/drive/MyDrive/DeepWeeds/dataset/20180105-104407-1.jpg,8,DW_NEG,8,DW_NEG,True,0.63626635
/content/drive/MyDrive/DeepWeeds/dataset/20180105-104532-1.jpg,8,DW_NEG,8,DW_NEG,True,0.9865752
/content/drive/MyDrive/DeepWeeds/dataset/20180105-104712-1.jpg,8,DW_NEG,8,DW_NEG,True,0.9517991
/content/drive/MyDrive/DeepWeeds/dataset/20180109-065843-1.jpg,8,DW_NEG,8,DW_NEG,True,0.62366134
/content/drive/MyDrive/DeepWeeds/dataset/20180109-065901-2.jpg,8,DW_NEG,6,DW_SIWE,False,0.75538146
/content/drive/MyDrive/DeepWeeds/dataset/20180109-065937-1.jpg,8,DW_NEG,8,DW_NEG,True,0.996657
/content/drive/MyDrive/DeepWeeds/dataset/20180109-070011-1.jpg,8,DW_NEG,8,DW_NEG,True,0.99135125
/content/drive/MyDrive/DeepWeeds/dataset/20180109-070028-2.jpg,8,DW_NEG,8,DW_NEG,True,0.80774844
/content/drive/MyDrive/DeepWeeds/dataset/20180109-070059-2.jpg,8,DW_NEG,6,DW_SIWE,False,0.5350434
/content/drive/MyDrive/DeepWeeds/dataset/20180109-070118-2.jpg,8,DW_NEG,6,DW_SIWE,False,0.38030076
/content/drive/MyDrive/DeepWeeds/dataset/20180109-070147-1.jpg,8,DW_NEG,8,DW_NEG,True,0.7887144
/content/drive/MyDrive/DeepWeeds/dataset/20180109-070211-1.jpg,8,DW_NEG,6,DW_SIWE,False,0.8173057
/content/drive/MyDrive/DeepWeeds/dataset/20180109-070336-2.jpg,8,DW_NEG,6,DW_SIWE,False,0.84365594
/content/drive/MyDrive/DeepWeeds/dataset/20180109-070409-2.jpg,8,DW_NEG,8,DW_NEG,True,0.99358374
/content/drive/MyDrive/DeepWeeds/dataset/20180109-070449-1.jpg,8,DW_NEG,8,DW_NEG,True,0.9414122
/content/drive/MyDrive/DeepWeeds/dataset/20180109-070613-1.jpg,8,DW_NEG,8,DW_NEG,True,0.7753869
/content/drive/MyDrive/DeepWeeds/dataset/20180109-070648-1.jpg,8,DW_NEG,8,DW_NEG,True,0.9976997
/content/drive/MyDrive/DeepWeeds/dataset/20180109-070708-1.jpg,8,DW_NEG,8,DW_NEG,True,0.99562055
/content/drive/MyDrive/DeepWeeds/dataset/20180109-070719-2.jpg,8,DW_NEG,8,DW_NEG,True,0.7658026
/content/drive/MyDrive/DeepWeeds/dataset/20180109-070824-1.jpg,8,DW_NEG,8,DW_NEG,True,0.89539766
/content/drive/MyDrive/DeepWeeds/dataset/20180109-070856-2.jpg,8,DW_NEG,8,DW_NEG,True,0.9272138
/content/drive/MyDrive/DeepWeeds/dataset/20180109-070932-2.jpg,8,DW_NEG,8,DW_NEG,True,0.8971136
/content/drive/MyDrive/DeepWeeds/dataset/20180109-071030-2.jpg,8,DW_NEG,8,DW_NEG,True,0.6293343
/content/drive/MyDrive/DeepWeeds/dataset/20180109-071204-2.jpg,8,DW_NEG,2,DW_PARK,False,0.52289337
/content/drive/MyDrive/DeepWeeds/dataset/20180109-071224-2.jpg,8,DW_NEG,8,DW_NEG,True,0.69194967
/content/drive/MyDrive/DeepWeeds/dataset/20180109-071234-2.jpg,8,DW_NEG,8,DW_NEG,True,0.74574536
/content/drive/MyDrive/DeepWeeds/dataset/20180109-071302-2.jpg,8,DW_NEG,8,DW_NEG,True,0.95467716
/content/drive/MyDrive/DeepWeeds/dataset/20180109-071343-1.jpg,8,DW_NEG,8,DW_NEG,True,0.7319449
/content/drive/MyDrive/DeepWeeds/dataset/20180109-071343-2.jpg,8,DW_NEG,8,DW_NEG,True,0.9467989
/content/drive/MyDrive/DeepWeeds/dataset/20180109-071429-2.jpg,8,DW_NEG,8,DW_NEG,True,0.99034727
/content/drive/MyDrive/DeepWeeds/dataset/20180109-071431-1.jpg,8,DW_NEG,8,DW_NEG,True,0.9368866
/content/drive/MyDrive/DeepWeeds/dataset/20180109-071502-2.jpg,8,DW_NEG,8,DW_NEG,True,0.792837
/content/drive/MyDrive/DeepWeeds/dataset/20180109-071515-1.jpg,8,DW_NEG,8,DW_NEG,True,0.9956417
/content/drive/MyDrive/DeepWeeds/dataset/20180109-071528-2.jpg,8,DW_NEG,8,DW_NEG,True,0.9834948
/content/drive/MyDrive/DeepWeeds/dataset/20180109-071641-1.jpg,8,DW_NEG,6,DW_SIWE,False,0.6788342
/content/drive/MyDrive/DeepWeeds/dataset/20180109-071651-2.jpg,8,DW_NEG,8,DW_NEG,True,0.9026805
/content/drive/MyDrive/DeepWeeds/dataset/20180109-071728-1.jpg,8,DW_NEG,8,DW_NEG,True,0.89567894
/content/drive/MyDrive/DeepWeeds/dataset/20180109-071800-2.jpg,8,DW_NEG,8,DW_NEG,True,0.9131377
/content/drive/MyDrive/DeepWeeds/dataset/20180109-071834-1.jpg,8,DW_NEG,8,DW_NEG,True,0.42907208
/content/drive/MyDrive/DeepWeeds/dataset/20180109-071834-2.jpg,8,DW_NEG,8,DW_NEG,True,0.5726078
/content/drive/MyDrive/DeepWeeds/dataset/20180109-071852-2.jpg,8,DW_NEG,5,DW_RUBV,False,0.4136004
/content/drive/MyDrive/DeepWeeds/dataset/20180109-071922-1.jpg,8,DW_NEG,8,DW_NEG,True,0.73825
/content/drive/MyDrive/DeepWeeds/dataset/20180109-071945-1.jpg,8,DW_NEG,6,DW_SIWE,False,0.8226716
/content/drive/MyDrive/DeepWeeds/dataset/20180109-072019-1.jpg,8,DW_NEG,6,DW_SIWE,False,0.71907794
/content/drive/MyDrive/DeepWeeds/dataset/20180109-072019-2.jpg,8,DW_NEG,8,DW_NEG,True,0.8564739
/content/drive/MyDrive/DeepWeeds/dataset/20180109-072048-1.jpg,8,DW_NEG,8,DW_NEG,True,0.91131777
/content/drive/MyDrive/DeepWeeds/dataset/20180109-072118-2.jpg,8,DW_NEG,8,DW_NEG,True,0.98250157
/content/drive/MyDrive/DeepWeeds/dataset/20180109-072154-2.jpg,8,DW_NEG,8,DW_NEG,True,0.94692683
/content/drive/MyDrive/DeepWeeds/dataset/20180109-072211-1.jpg,8,DW_NEG,6,DW_SIWE,False,0.8574061
/content/drive/MyDrive/DeepWeeds/dataset/20180109-072211-2.jpg,8,DW_NEG,8,DW_NEG,True,0.94564396
/content/drive/MyDrive/DeepWeeds/dataset/20180109-072244-1.jpg,8,DW_NEG,6,DW_SIWE,False,0.64185953
/content/drive/MyDrive/DeepWeeds/dataset/20180109-072335-2.jpg,8,DW_NEG,6,DW_SIWE,False,0.8801582
/content/drive/MyDrive/DeepWeeds/dataset/20180109-072359-2.jpg,8,DW_NEG,8,DW_NEG,True,0.8679322
/content/drive/MyDrive/DeepWeeds/dataset/20180109-072422-2.jpg,8,DW_NEG,6,DW_SIWE,False,0.89033604
/content/drive/MyDrive/DeepWeeds/dataset/20180109-072442-2.jpg,8,DW_NEG,8,DW_NEG,True,0.9792899
/content/drive/MyDrive/DeepWeeds/dataset/20180109-072512-1.jpg,8,DW_NEG,6,DW_SIWE,False,0.58632433
/content/drive/MyDrive/DeepWeeds/dataset/20180109-072554-2.jpg,8,DW_NEG,6,DW_SIWE,False,0.8909269
/content/drive/MyDrive/DeepWeeds/dataset/20180109-072606-1.jpg,8,DW_NEG,6,DW_SIWE,False,0.71116495
/content/drive/MyDrive/DeepWeeds/dataset/20180109-072632-1.jpg,8,DW_NEG,8,DW_NEG,True,0.6512672
/content/drive/MyDrive/DeepWeeds/dataset/20180109-072720-2.jpg,8,DW_NEG,8,DW_NEG,True,0.7276519
/content/drive/MyDrive/DeepWeeds/dataset/20180109-072732-1.jpg,8,DW_NEG,8,DW_NEG,True,0.80248004
/content/drive/MyDrive/DeepWeeds/dataset/20180109-072801-2.jpg,8,DW_NEG,8,DW_NEG,True,0.9971349
/content/drive/MyDrive/DeepWeeds/dataset/20180109-072834-1.jpg,8,DW_NEG,8,DW_NEG,True,0.8833755
/content/drive/MyDrive/DeepWeeds/dataset/20180109-072904-2.jpg,8,DW_NEG,6,DW_SIWE,False,0.9255472
/content/drive/MyDrive/DeepWeeds/dataset/20180109-072945-2.jpg,8,DW_NEG,8,DW_NEG,True,0.92014796
/content/drive/MyDrive/DeepWeeds/dataset/20180109-072959-1.jpg,8,DW_NEG,6,DW_SIWE,False,0.51204157
/content/drive/MyDrive/DeepWeeds/dataset/20180109-073047-2.jpg,8,DW_NEG,6,DW_SIWE,False,0.7350919
/content/drive/MyDrive/DeepWeeds/dataset/20180109-073119-2.jpg,8,DW_NEG,6,DW_SIWE,False,0.86338866
/content/drive/MyDrive/DeepWeeds/dataset/20180109-073143-1.jpg,8,DW_NEG,6,DW_SIWE,False,0.78812367
/content/drive/MyDrive/DeepWeeds/dataset/20180109-073202-1.jpg,8,DW_NEG,8,DW_NEG,True,0.6342306
/content/drive/MyDrive/DeepWeeds/dataset/20180109-073223-1.jpg,8,DW_NEG,6,DW_SIWE,False,0.5231751
/content/drive/MyDrive/DeepWeeds/dataset/20180109-073257-1.jpg,8,DW_NEG,8,DW_NEG,True,0.87787825
/content/drive/MyDrive/DeepWeeds/dataset/20180109-073359-2.jpg,8,DW_NEG,1,DW_LANT,False,0.5825513
/content/drive/MyDrive/DeepWeeds/dataset/20180109-073915-1.jpg,8,DW_NEG,8,DW_NEG,True,0.8736022
/content/drive/MyDrive/DeepWeeds/dataset/20180109-073915-2.jpg,8,DW_NEG,8,DW_NEG,True,0.9431682
/content/drive/MyDrive/DeepWeeds/dataset/20180109-073943-1.jpg,8,DW_NEG,8,DW_NEG,True,0.9830698
/content/drive/MyDrive/DeepWeeds/dataset/20180109-074010-1.jpg,8,DW_NEG,8,DW_NEG,True,0.9640024
/content/drive/MyDrive/DeepWeeds/dataset/20180109-074030-2.jpg,8,DW_NEG,8,DW_NEG,True,0.78086007
/content/drive/MyDrive/DeepWeeds/dataset/20180109-074051-1.jpg,8,DW_NEG,6,DW_SIWE,False,0.9746149
/content/drive/MyDrive/DeepWeeds/dataset/20180109-074109-1.jpg,8,DW_NEG,8,DW_NEG,True,0.73061717
/content/drive/MyDrive/DeepWeeds/dataset/20180109-074212-2.jpg,8,DW_NEG,6,DW_SIWE,False,0.70556676
/content/drive/MyDrive/DeepWeeds/dataset/20180109-074243-2.jpg,8,DW_NEG,8,DW_NEG,True,0.99357504
/content/drive/MyDrive/DeepWeeds/dataset/20180109-074306-2.jpg,8,DW_NEG,8,DW_NEG,True,0.98949814
/content/drive/MyDrive/DeepWeeds/dataset/20180109-074346-1.jpg,8,DW_NEG,8,DW_NEG,True,0.96159285
/content/drive/MyDrive/DeepWeeds/dataset/20180109-074359-2.jpg,8,DW_NEG,8,DW_NEG,True,0.97448176
/content/drive/MyDrive/DeepWeeds/dataset/20180109-074440-1.jpg,8,DW_NEG,8,DW_NEG,True,0.99347246
/content/drive/MyDrive/DeepWeeds/dataset/20180109-074501-1.jpg,8,DW_NEG,8,DW_NEG,True,0.94976395
/content/drive/MyDrive/DeepWeeds/dataset/20180109-074512-1.jpg,8,DW_NEG,8,DW_NEG,True,0.98839605
/content/drive/MyDrive/DeepWeeds/dataset/20180109-074546-2.jpg,8,DW_NEG,8,DW_NEG,True,0.5961778
/content/drive/MyDrive/DeepWeeds/dataset/20180109-074553-2.jpg,8,DW_NEG,8,DW_NEG,True,0.9540942
/content/drive/MyDrive/DeepWeeds/dataset/20180109-074626-2.jpg,8,DW_NEG,8,DW_NEG,True,0.86486274
/content/drive/MyDrive/DeepWeeds/dataset/20180109-074652-2.jpg,8,DW_NEG,1,DW_LANT,False,0.61779827
/content/drive/MyDrive/DeepWeeds/dataset/20180109-074715-2.jpg,8,DW_NEG,8,DW_NEG,True,0.9792645
/content/drive/MyDrive/DeepWeeds/dataset/20180109-074754-2.jpg,8,DW_NEG,8,DW_NEG,True,0.9538535
/content/drive/MyDrive/DeepWeeds/dataset/20180109-074810-2.jpg,8,DW_NEG,8,DW_NEG,True,0.8505069
/content/drive/MyDrive/DeepWeeds/dataset/20180109-074852-2.jpg,8,DW_NEG,1,DW_LANT,False,0.6646926
/content/drive/MyDrive/DeepWeeds/dataset/20180109-074920-2.jpg,8,DW_NEG,8,DW_NEG,True,0.85387796
/content/drive/MyDrive/DeepWeeds/dataset/20180109-074956-1.jpg,8,DW_NEG,8,DW_NEG,True,0.8659577
/content/drive/MyDrive/DeepWeeds/dataset/20180109-075014-2.jpg,8,DW_NEG,6,DW_SIWE,False,0.46345454
/content/drive/MyDrive/DeepWeeds/dataset/20180109-075037-2.jpg,8,DW_NEG,8,DW_NEG,True,0.9135514
/content/drive/MyDrive/DeepWeeds/dataset/20180109-075116-1.jpg,8,DW_NEG,8,DW_NEG,True,0.97218645
/content/drive/MyDrive/DeepWeeds/dataset/20180109-075135-2.jpg,8,DW_NEG,8,DW_NEG,True,0.91055846
/content/drive/MyDrive/DeepWeeds/dataset/20180109-075144-1.jpg,8,DW_NEG,8,DW_NEG,True,0.9247822
/content/drive/MyDrive/DeepWeeds/dataset/20180109-075255-2.jpg,8,DW_NEG,6,DW_SIWE,False,0.84869975
/content/drive/MyDrive/DeepWeeds/dataset/20180109-075302-1.jpg,8,DW_NEG,6,DW_SIWE,False,0.4917936
/content/drive/MyDrive/DeepWeeds/dataset/20180109-075317-1.jpg,8,DW_NEG,8,DW_NEG,True,0.933244
/content/drive/MyDrive/DeepWeeds/dataset/20180109-075356-2.jpg,8,DW_NEG,6,DW_SIWE,False,0.99756855
/content/drive/MyDrive/DeepWeeds/dataset/20180109-075410-1.jpg,8,DW_NEG,8,DW_NEG,True,0.9764573
/content/drive/MyDrive/DeepWeeds/dataset/20180109-075410-2.jpg,8,DW_NEG,6,DW_SIWE,False,0.6200576
/content/drive/MyDrive/DeepWeeds/dataset/20180109-075446-2.jpg,8,DW_NEG,8,DW_NEG,True,0.7159761
/content/drive/MyDrive/DeepWeeds/dataset/20180109-075517-2.jpg,8,DW_NEG,6,DW_SIWE,False,0.73073184
/content/drive/MyDrive/DeepWeeds/dataset/20180109-075559-2.jpg,8,DW_NEG,8,DW_NEG,True,0.7049585
/content/drive/MyDrive/DeepWeeds/dataset/20180109-075647-2.jpg,8,DW_NEG,8,DW_NEG,True,0.8389172
/content/drive/MyDrive/DeepWeeds/dataset/20180109-075703-2.jpg,8,DW_NEG,8,DW_NEG,True,0.79990023
/content/drive/MyDrive/DeepWeeds/dataset/20180109-075808-2.jpg,8,DW_NEG,8,DW_NEG,True,0.99286157
/content/drive/MyDrive/DeepWeeds/dataset/20180109-075853-1.jpg,8,DW_NEG,6,DW_SIWE,False,0.46013287
/content/drive/MyDrive/DeepWeeds/dataset/20180109-075919-1.jpg,8,DW_NEG,8,DW_NEG,True,0.37171346
/content/drive/MyDrive/DeepWeeds/dataset/20180109-080042-1.jpg,8,DW_NEG,6,DW_SIWE,False,0.974082
/content/drive/MyDrive/DeepWeeds/dataset/20180109-080102-1.jpg,8,DW_NEG,8,DW_NEG,True,0.7795576
/content/drive/MyDrive/DeepWeeds/dataset/20180109-080130-1.jpg,8,DW_NEG,8,DW_NEG,True,0.97967565
/content/drive/MyDrive/DeepWeeds/dataset/20180109-080211-1.jpg,8,DW_NEG,8,DW_NEG,True,0.92333525
/content/drive/MyDrive/DeepWeeds/dataset/20180109-080258-2.jpg,7,DW_SNWE,6,DW_SIWE,False,0.9999443
/content/drive/MyDrive/DeepWeeds/dataset/20180109-080400-1.jpg,8,DW_NEG,6,DW_SIWE,False,0.9070626
/content/drive/MyDrive/DeepWeeds/dataset/20180109-080501-2.jpg,8,DW_NEG,6,DW_SIWE,False,0.8301935
/content/drive/MyDrive/DeepWeeds/dataset/20180109-080510-2.jpg,8,DW_NEG,6,DW_SIWE,False,0.81821233
/content/drive/MyDrive/DeepWeeds/dataset/20180109-080637-1.jpg,8,DW_NEG,8,DW_NEG,True,0.9949921
/content/drive/MyDrive/DeepWeeds/dataset/20180109-080723-2.jpg,8,DW_NEG,8,DW_NEG,True,0.8808964
/content/drive/MyDrive/DeepWeeds/dataset/20180109-085308-2.jpg,8,DW_NEG,1,DW_LANT,False,0.8778975
/content/drive/MyDrive/DeepWeeds/dataset/20180109-085337-1.jpg,8,DW_NEG,8,DW_NEG,True,0.712389
/content/drive/MyDrive/DeepWeeds/dataset/20180109-085406-1.jpg,8,DW_NEG,8,DW_NEG,True,0.5170073
/content/drive/MyDrive/DeepWeeds/dataset/20180109-085435-2.jpg,8,DW_NEG,6,DW_SIWE,False,0.46990708
/content/drive/MyDrive/DeepWeeds/dataset/20180109-085453-1.jpg,8,DW_NEG,8,DW_NEG,True,0.7399012
/content/drive/MyDrive/DeepWeeds/dataset/20180109-085511-2.jpg,8,DW_NEG,8,DW_NEG,True,0.97896975
/content/drive/MyDrive/DeepWeeds/dataset/20180109-085543-2.jpg,8,DW_NEG,8,DW_NEG,True,0.97943234
/content/drive/MyDrive/DeepWeeds/dataset/20180109-085623-2.jpg,8,DW_NEG,8,DW_NEG,True,0.685342
/content/drive/MyDrive/DeepWeeds/dataset/20180109-085639-2.jpg,8,DW_NEG,8,DW_NEG,True,0.6887728
/content/drive/MyDrive/DeepWeeds/dataset/20180109-085644-1.jpg,8,DW_NEG,5,DW_RUBV,False,0.58299613
/content/drive/MyDrive/DeepWeeds/dataset/20180109-085727-1.jpg,8,DW_NEG,8,DW_NEG,True,0.55253065
/content/drive/MyDrive/DeepWeeds/dataset/20180109-085806-1.jpg,8,DW_NEG,7,DW_SNWE,False,0.88038015
/content/drive/MyDrive/DeepWeeds/dataset/20180109-085911-1.jpg,8,DW_NEG,3,DW_PART,False,0.59114575
/content/drive/MyDrive/DeepWeeds/dataset/20180109-085911-2.jpg,8,DW_NEG,8,DW_NEG,True,0.80007493
/content/drive/MyDrive/DeepWeeds/dataset/20180109-085933-2.jpg,8,DW_NEG,8,DW_NEG,True,0.6112411
/content/drive/MyDrive/DeepWeeds/dataset/20180109-085954-2.jpg,8,DW_NEG,8,DW_NEG,True,0.8338213
/content/drive/MyDrive/DeepWeeds/dataset/20180109-090015-2.jpg,8,DW_NEG,6,DW_SIWE,False,0.3943191
/content/drive/MyDrive/DeepWeeds/dataset/20180109-090042-2.jpg,8,DW_NEG,8,DW_NEG,True,0.9334577
/content/drive/MyDrive/DeepWeeds/dataset/20180109-090058-2.jpg,8,DW_NEG,8,DW_NEG,True,0.78611064
/content/drive/MyDrive/DeepWeeds/dataset/20180109-090115-2.jpg,8,DW_NEG,5,DW_RUBV,False,0.7815907
/content/drive/MyDrive/DeepWeeds/dataset/20180109-090148-2.jpg,8,DW_NEG,8,DW_NEG,True,0.708129
/content/drive/MyDrive/DeepWeeds/dataset/20180109-090228-1.jpg,8,DW_NEG,8,DW_NEG,True,0.71428
/content/drive/MyDrive/DeepWeeds/dataset/20180109-090304-1.jpg,8,DW_NEG,8,DW_NEG,True,0.8014558
/content/drive/MyDrive/DeepWeeds/dataset/20180109-090333-2.jpg,8,DW_NEG,8,DW_NEG,True,0.7868492
/content/drive/MyDrive/DeepWeeds/dataset/20180109-090402-1.jpg,8,DW_NEG,8,DW_NEG,True,0.56310946
/content/drive/MyDrive/DeepWeeds/dataset/20180109-090435-1.jpg,8,DW_NEG,8,DW_NEG,True,0.97886044
/content/drive/MyDrive/DeepWeeds/dataset/20180109-090509-2.jpg,8,DW_NEG,5,DW_RUBV,False,0.47676626
/content/drive/MyDrive/DeepWeeds/dataset/20180109-090512-1.jpg,8,DW_NEG,8,DW_NEG,True,0.81627387
/content/drive/MyDrive/DeepWeeds/dataset/20180109-090530-1.jpg,8,DW_NEG,8,DW_NEG,True,0.79022723
/content/drive/MyDrive/DeepWeeds/dataset/20180109-090702-2.jpg,8,DW_NEG,8,DW_NEG,True,0.76574767
/content/drive/MyDrive/DeepWeeds/dataset/20180109-090737-2.jpg,8,DW_NEG,8,DW_NEG,True,0.8001585
/content/drive/MyDrive/DeepWeeds/dataset/20180109-090828-2.jpg,8,DW_NEG,8,DW_NEG,True,0.74920803
/content/drive/MyDrive/DeepWeeds/dataset/20180109-090914-2.jpg,8,DW_NEG,8,DW_NEG,True,0.67441463
/content/drive/MyDrive/DeepWeeds/dataset/20180109-090947-2.jpg,8,DW_NEG,8,DW_NEG,True,0.95375544
/content/drive/MyDrive/DeepWeeds/dataset/20180109-091058-2.jpg,8,DW_NEG,8,DW_NEG,True,0.9933429
/content/drive/MyDrive/DeepWeeds/dataset/20180109-091145-2.jpg,8,DW_NEG,8,DW_NEG,True,0.9133464
/content/drive/MyDrive/DeepWeeds/dataset/20180109-091218-2.jpg,8,DW_NEG,8,DW_NEG,True,0.43652153
/content/drive/MyDrive/DeepWeeds/dataset/20180109-091256-1.jpg,8,DW_NEG,8,DW_NEG,True,0.976717
/content/drive/MyDrive/DeepWeeds/dataset/20180109-091345-2.jpg,8,DW_NEG,8,DW_NEG,True,0.96748716
/content/drive/MyDrive/DeepWeeds/dataset/20180109-091432-1.jpg,8,DW_NEG,6,DW_SIWE,False,0.3980942
/content/drive/MyDrive/DeepWeeds/dataset/20180109-091440-1.jpg,8,DW_NEG,8,DW_NEG,True,0.85686034
/content/drive/MyDrive/DeepWeeds/dataset/20180109-091508-2.jpg,8,DW_NEG,8,DW_NEG,True,0.53435487
/content/drive/MyDrive/DeepWeeds/dataset/20180109-091546-1.jpg,8,DW_NEG,8,DW_NEG,True,0.5458698
/content/drive/MyDrive/DeepWeeds/dataset/20180109-091559-2.jpg,8,DW_NEG,8,DW_NEG,True,0.9913564
/content/drive/MyDrive/DeepWeeds/dataset/20180109-091734-1.jpg,8,DW_NEG,0,DW_CHAP,False,0.33326176
/content/drive/MyDrive/DeepWeeds/dataset/20180109-091822-1.jpg,8,DW_NEG,8,DW_NEG,True,0.68121654
/content/drive/MyDrive/DeepWeeds/dataset/20180109-091850-1.jpg,8,DW_NEG,6,DW_SIWE,False,0.5247935
/content/drive/MyDrive/DeepWeeds/dataset/20180109-091922-1.jpg,8,DW_NEG,8,DW_NEG,True,0.9079329
/content/drive/MyDrive/DeepWeeds/dataset/20180109-091934-2.jpg,8,DW_NEG,8,DW_NEG,True,0.9753762
/content/drive/MyDrive/DeepWeeds/dataset/20180109-092017-1.jpg,8,DW_NEG,8,DW_NEG,True,0.9074436
/content/drive/MyDrive/DeepWeeds/dataset/20180109-092108-2.jpg,7,DW_SNWE,7,DW_SNWE,True,0.9411246
/content/drive/MyDrive/DeepWeeds/dataset/20180109-092128-1.jpg,8,DW_NEG,8,DW_NEG,True,0.9512892
/content/drive/MyDrive/DeepWeeds/dataset/20180109-092223-2.jpg,8,DW_NEG,8,DW_NEG,True,0.96068907
/content/drive/MyDrive/DeepWeeds/dataset/20180109-092255-2.jpg,8,DW_NEG,8,DW_NEG,True,0.7609483
/content/drive/MyDrive/DeepWeeds/dataset/20180109-092317-1.jpg,8,DW_NEG,8,DW_NEG,True,0.99685836
/content/drive/MyDrive/DeepWeeds/dataset/20180109-092343-1.jpg,8,DW_NEG,8,DW_NEG,True,0.9991999
/content/drive/MyDrive/DeepWeeds/dataset/20180109-092421-2.jpg,8,DW_NEG,8,DW_NEG,True,0.8297657
/content/drive/MyDrive/DeepWeeds/dataset/20180109-092447-2.jpg,8,DW_NEG,8,DW_NEG,True,0.7511748
/content/drive/MyDrive/DeepWeeds/dataset/20180109-092518-1.jpg,8,DW_NEG,8,DW_NEG,True,0.9969422
/content/drive/MyDrive/DeepWeeds/dataset/20180109-092557-2.jpg,8,DW_NEG,8,DW_NEG,True,0.7372953
/content/drive/MyDrive/DeepWeeds/dataset/20180109-094515-2.jpg,7,DW_SNWE,0,DW_CHAP,False,0.7448325
/content/drive/MyDrive/DeepWeeds/dataset/20180109-094604-2.jpg,8,DW_NEG,8,DW_NEG,True,0.86354727
/content/drive/MyDrive/DeepWeeds/dataset/20180109-094641-1.jpg,8,DW_NEG,8,DW_NEG,True,0.5955772
/content/drive/MyDrive/DeepWeeds/dataset/20180109-094655-2.jpg,8,DW_NEG,8,DW_NEG,True,0.86250556
/content/drive/MyDrive/DeepWeeds/dataset/20180109-094659-1.jpg,8,DW_NEG,8,DW_NEG,True,0.6673011
/content/drive/MyDrive/DeepWeeds/dataset/20180109-094731-1.jpg,8,DW_NEG,8,DW_NEG,True,0.93814236
/content/drive/MyDrive/DeepWeeds/dataset/20180109-094756-2.jpg,8,DW_NEG,8,DW_NEG,True,0.85567594
/content/drive/MyDrive/DeepWeeds/dataset/20180109-094849-2.jpg,8,DW_NEG,8,DW_NEG,True,0.81524026
/content/drive/MyDrive/DeepWeeds/dataset/20180109-094911-1.jpg,8,DW_NEG,8,DW_NEG,True,0.9808425
/content/drive/MyDrive/DeepWeeds/dataset/20180109-094939-2.jpg,8,DW_NEG,8,DW_NEG,True,0.99543154
/content/drive/MyDrive/DeepWeeds/dataset/20180109-095016-2.jpg,8,DW_NEG,8,DW_NEG,True,0.99984396
/content/drive/MyDrive/DeepWeeds/dataset/20180109-095038-2.jpg,8,DW_NEG,8,DW_NEG,True,0.972703
/content/drive/MyDrive/DeepWeeds/dataset/20180109-095145-1.jpg,8,DW_NEG,8,DW_NEG,True,0.7671464
/content/drive/MyDrive/DeepWeeds/dataset/20180109-095145-2.jpg,8,DW_NEG,8,DW_NEG,True,0.9884765
/content/drive/MyDrive/DeepWeeds/dataset/20180109-095212-2.jpg,8,DW_NEG,8,DW_NEG,True,0.97533095
/content/drive/MyDrive/DeepWeeds/dataset/20180109-095239-2.jpg,8,DW_NEG,7,DW_SNWE,False,0.5117626
/content/drive/MyDrive/DeepWeeds/dataset/20180109-095310-2.jpg,8,DW_NEG,5,DW_RUBV,False,0.81610227
/content/drive/MyDrive/DeepWeeds/dataset/20180109-095348-1.jpg,8,DW_NEG,8,DW_NEG,True,0.91792476
/content/drive/MyDrive/DeepWeeds/dataset/20180109-095412-2.jpg,8,DW_NEG,7,DW_SNWE,False,0.66458416
/content/drive/MyDrive/DeepWeeds/dataset/20180109-095520-2.jpg,8,DW_NEG,8,DW_NEG,True,0.87650996
/content/drive/MyDrive/DeepWeeds/dataset/20180109-095534-1.jpg,8,DW_NEG,8,DW_NEG,True,0.98860687
/content/drive/MyDrive/DeepWeeds/dataset/20180109-095621-1.jpg,8,DW_NEG,8,DW_NEG,True,0.99633056
/content/drive/MyDrive/DeepWeeds/dataset/20180109-095652-1.jpg,8,DW_NEG,8,DW_NEG,True,0.9862743
/content/drive/MyDrive/DeepWeeds/dataset/20180109-095743-1.jpg,8,DW_NEG,7,DW_SNWE,False,0.4433758
/content/drive/MyDrive/DeepWeeds/dataset/20180109-095839-1.jpg,8,DW_NEG,8,DW_NEG,True,0.99110526
/content/drive/MyDrive/DeepWeeds/dataset/20180109-095848-2.jpg,8,DW_NEG,3,DW_PART,False,0.47205904
/content/drive/MyDrive/DeepWeeds/dataset/20180109-095926-1.jpg,8,DW_NEG,8,DW_NEG,True,0.9957125
/content/drive/MyDrive/DeepWeeds/dataset/20180109-095946-1.jpg,8,DW_NEG,8,DW_NEG,True,0.8564525
/content/drive/MyDrive/DeepWeeds/dataset/20180109-100022-1.jpg,8,DW_NEG,8,DW_NEG,True,0.81131357
/content/drive/MyDrive/DeepWeeds/dataset/20180109-100046-1.jpg,8,DW_NEG,8,DW_NEG,True,0.82870156
/content/drive/MyDrive/DeepWeeds/dataset/20180109-100136-1.jpg,8,DW_NEG,8,DW_NEG,True,0.9590445
/content/drive/MyDrive/DeepWeeds/dataset/20180109-100223-2.jpg,8,DW_NEG,8,DW_NEG,True,0.5223835
/content/drive/MyDrive/DeepWeeds/dataset/20180109-100243-2.jpg,8,DW_NEG,8,DW_NEG,True,0.7792833
/content/drive/MyDrive/DeepWeeds/dataset/20180109-100309-2.jpg,8,DW_NEG,5,DW_RUBV,False,0.69095325
/content/drive/MyDrive/DeepWeeds/dataset/20180109-100311-1.jpg,8,DW_NEG,8,DW_NEG,True,0.9817878
/content/drive/MyDrive/DeepWeeds/dataset/20180109-100348-2.jpg,8,DW_NEG,3,DW_PART,False,0.44349
/content/drive/MyDrive/DeepWeeds/dataset/20180109-100433-1.jpg,8,DW_NEG,6,DW_SIWE,False,0.38431755
/content/drive/MyDrive/DeepWeeds/dataset/20180109-100506-1.jpg,8,DW_NEG,8,DW_NEG,True,0.7477043
/content/drive/MyDrive/DeepWeeds/dataset/20180109-100626-1.jpg,8,DW_NEG,3,DW_PART,False,0.7772122
/content/drive/MyDrive/DeepWeeds/dataset/20180109-100635-1.jpg,8,DW_NEG,8,DW_NEG,True,0.9841777
/content/drive/MyDrive/DeepWeeds/dataset/20180109-100717-2.jpg,8,DW_NEG,8,DW_NEG,True,0.6929171
/content/drive/MyDrive/DeepWeeds/dataset/20180109-100749-2.jpg,8,DW_NEG,8,DW_NEG,True,0.9736878
/content/drive/MyDrive/DeepWeeds/dataset/20180109-100822-1.jpg,8,DW_NEG,8,DW_NEG,True,0.95050997
/content/drive/MyDrive/DeepWeeds/dataset/20180109-100935-1.jpg,8,DW_NEG,8,DW_NEG,True,0.51640594
/content/drive/MyDrive/DeepWeeds/dataset/20180109-101036-2.jpg,8,DW_NEG,8,DW_NEG,True,0.8851222
/content/drive/MyDrive/DeepWeeds/dataset/20180109-101059-1.jpg,8,DW_NEG,8,DW_NEG,True,0.42167866
/content/drive/MyDrive/DeepWeeds/dataset/20180109-101109-1.jpg,8,DW_NEG,8,DW_NEG,True,0.71917474
/content/drive/MyDrive/DeepWeeds/dataset/20180109-101131-2.jpg,8,DW_NEG,6,DW_SIWE,False,0.8386507
/content/drive/MyDrive/DeepWeeds/dataset/20180109-101147-2.jpg,8,DW_NEG,8,DW_NEG,True,0.8973675
/content/drive/MyDrive/DeepWeeds/dataset/20180109-101245-1.jpg,8,DW_NEG,8,DW_NEG,True,0.9391398
/content/drive/MyDrive/DeepWeeds/dataset/20180109-101245-2.jpg,8,DW_NEG,6,DW_SIWE,False,0.7732478
/content/drive/MyDrive/DeepWeeds/dataset/20180109-101318-2.jpg,8,DW_NEG,8,DW_NEG,True,0.9684875
/content/drive/MyDrive/DeepWeeds/dataset/20180109-101333-2.jpg,8,DW_NEG,8,DW_NEG,True,0.85098493
/content/drive/MyDrive/DeepWeeds/dataset/20180109-101406-2.jpg,8,DW_NEG,8,DW_NEG,True,0.9042665
/content/drive/MyDrive/DeepWeeds/dataset/20180109-101420-2.jpg,8,DW_NEG,6,DW_SIWE,False,0.85114104
/content/drive/MyDrive/DeepWeeds/dataset/20180109-101513-2.jpg,8,DW_NEG,6,DW_SIWE,False,0.5582015
/content/drive/MyDrive/DeepWeeds/dataset/20180109-101538-1.jpg,8,DW_NEG,8,DW_NEG,True,0.85069984
/content/drive/MyDrive/DeepWeeds/dataset/20180109-101618-1.jpg,8,DW_NEG,8,DW_NEG,True,0.74271905
/content/drive/MyDrive/DeepWeeds/dataset/20180109-101629-2.jpg,8,DW_NEG,8,DW_NEG,True,0.83172816
/content/drive/MyDrive/DeepWeeds/dataset/20180109-102710-2.jpg,8,DW_NEG,8,DW_NEG,True,0.63657683
/content/drive/MyDrive/DeepWeeds/dataset/20180109-102745-2.jpg,8,DW_NEG,8,DW_NEG,True,0.92050487
/content/drive/MyDrive/DeepWeeds/dataset/20180109-102822-2.jpg,8,DW_NEG,8,DW_NEG,True,0.6494764
/content/drive/MyDrive/DeepWeeds/dataset/20180109-102849-2.jpg,8,DW_NEG,8,DW_NEG,True,0.740845
/content/drive/MyDrive/DeepWeeds/dataset/20180109-102907-2.jpg,8,DW_NEG,8,DW_NEG,True,0.3727724
/content/drive/MyDrive/DeepWeeds/dataset/20180109-102947-1.jpg,8,DW_NEG,8,DW_NEG,True,0.9947496
/content/drive/MyDrive/DeepWeeds/dataset/20180109-103003-2.jpg,8,DW_NEG,8,DW_NEG,True,0.7354463
/content/drive/MyDrive/DeepWeeds/dataset/20180109-103033-1.jpg,8,DW_NEG,8,DW_NEG,True,0.89189845
/content/drive/MyDrive/DeepWeeds/dataset/20180109-103116-2.jpg,8,DW_NEG,8,DW_NEG,True,0.82605743
/content/drive/MyDrive/DeepWeeds/dataset/20180109-103138-2.jpg,8,DW_NEG,2,DW_PARK,False,0.4483389
/content/drive/MyDrive/DeepWeeds/dataset/20180109-103225-1.jpg,8,DW_NEG,8,DW_NEG,True,0.47172752
/content/drive/MyDrive/DeepWeeds/dataset/20180109-103229-2.jpg,8,DW_NEG,8,DW_NEG,True,0.90611255
/content/drive/MyDrive/DeepWeeds/dataset/20180109-103306-2.jpg,8,DW_NEG,5,DW_RUBV,False,0.7095345
/content/drive/MyDrive/DeepWeeds/dataset/20180109-103404-1.jpg,8,DW_NEG,6,DW_SIWE,False,0.51596224
/content/drive/MyDrive/DeepWeeds/dataset/20180109-103455-1.jpg,8,DW_NEG,8,DW_NEG,True,0.849157
/content/drive/MyDrive/DeepWeeds/dataset/20180109-103502-2.jpg,8,DW_NEG,8,DW_NEG,True,0.5186714
/content/drive/MyDrive/DeepWeeds/dataset/20180109-103524-1.jpg,8,DW_NEG,8,DW_NEG,True,0.5488028
/content/drive/MyDrive/DeepWeeds/dataset/20180109-103551-1.jpg,8,DW_NEG,3,DW_PART,False,0.28462955
/content/drive/MyDrive/DeepWeeds/dataset/20180109-103631-1.jpg,8,DW_NEG,3,DW_PART,False,0.4084378
/content/drive/MyDrive/DeepWeeds/dataset/20180109-103633-2.jpg,8,DW_NEG,8,DW_NEG,True,0.3053815
/content/drive/MyDrive/DeepWeeds/dataset/20180109-103723-1.jpg,8,DW_NEG,8,DW_NEG,True,0.9454234
/content/drive/MyDrive/DeepWeeds/dataset/20180109-103757-1.jpg,8,DW_NEG,4,DW_PRAC,False,0.3985887
/content/drive/MyDrive/DeepWeeds/dataset/20180109-103821-2.jpg,8,DW_NEG,8,DW_NEG,True,0.51207846
/content/drive/MyDrive/DeepWeeds/dataset/20180109-103853-1.jpg,8,DW_NEG,8,DW_NEG,True,0.804719
/content/drive/MyDrive/DeepWeeds/dataset/20180109-103937-2.jpg,8,DW_NEG,8,DW_NEG,True,0.5965541
/content/drive/MyDrive/DeepWeeds/dataset/20180109-104107-2.jpg,8,DW_NEG,8,DW_NEG,True,0.99159425
/content/drive/MyDrive/DeepWeeds/dataset/20180109-104126-2.jpg,8,DW_NEG,8,DW_NEG,True,0.79927623
/content/drive/MyDrive/DeepWeeds/dataset/20180109-104218-2.jpg,8,DW_NEG,8,DW_NEG,True,0.6319952
/content/drive/MyDrive/DeepWeeds/dataset/20180109-104236-2.jpg,8,DW_NEG,8,DW_NEG,True,0.939453
/content/drive/MyDrive/DeepWeeds/dataset/20180109-104245-2.jpg,8,DW_NEG,8,DW_NEG,True,0.65428746
/content/drive/MyDrive/DeepWeeds/dataset/20180109-104327-1.jpg,8,DW_NEG,8,DW_NEG,True,0.644163
/content/drive/MyDrive/DeepWeeds/dataset/20180109-104342-2.jpg,8,DW_NEG,8,DW_NEG,True,0.85943377
/content/drive/MyDrive/DeepWeeds/dataset/20180109-104408-2.jpg,8,DW_NEG,8,DW_NEG,True,0.60572726
/content/drive/MyDrive/DeepWeeds/dataset/20180109-104443-1.jpg,8,DW_NEG,8,DW_NEG,True,0.7874351
/content/drive/MyDrive/DeepWeeds/dataset/20180109-104513-2.jpg,8,DW_NEG,8,DW_NEG,True,0.8988897
/content/drive/MyDrive/DeepWeeds/dataset/20180109-104529-2.jpg,8,DW_NEG,8,DW_NEG,True,0.967164
/content/drive/MyDrive/DeepWeeds/dataset/20180109-104555-2.jpg,8,DW_NEG,8,DW_NEG,True,0.93882406
/content/drive/MyDrive/DeepWeeds/dataset/20180109-104634-2.jpg,8,DW_NEG,8,DW_NEG,True,0.54029816
/content/drive/MyDrive/DeepWeeds/dataset/20180109-104723-1.jpg,8,DW_NEG,3,DW_PART,False,0.7350859
/content/drive/MyDrive/DeepWeeds/dataset/20180109-104742-1.jpg,8,DW_NEG,8,DW_NEG,True,0.6140514
/content/drive/MyDrive/DeepWeeds/dataset/20180109-104802-1.jpg,8,DW_NEG,3,DW_PART,False,0.95698565
/content/drive/MyDrive/DeepWeeds/dataset/20180109-104840-2.jpg,8,DW_NEG,5,DW_RUBV,False,0.9409073
/content/drive/MyDrive/DeepWeeds/dataset/20180109-104917-1.jpg,8,DW_NEG,8,DW_NEG,True,0.96475405
/content/drive/MyDrive/DeepWeeds/dataset/20180109-104917-2.jpg,8,DW_NEG,8,DW_NEG,True,0.886699
/content/drive/MyDrive/DeepWeeds/dataset/20180109-104955-2.jpg,8,DW_NEG,8,DW_NEG,True,0.8435033
/content/drive/MyDrive/DeepWeeds/dataset/20180109-105035-2.jpg,8,DW_NEG,8,DW_NEG,True,0.5952944
/content/drive/MyDrive/DeepWeeds/dataset/20180109-105101-1.jpg,8,DW_NEG,8,DW_NEG,True,0.9815637
/content/drive/MyDrive/DeepWeeds/dataset/20180109-105213-2.jpg,8,DW_NEG,8,DW_NEG,True,0.944704
/content/drive/MyDrive/DeepWeeds/dataset/20180109-105401-2.jpg,8,DW_NEG,8,DW_NEG,True,0.98305064
/content/drive/MyDrive/DeepWeeds/dataset/20180109-105430-1.jpg,8,DW_NEG,8,DW_NEG,True,0.719332
/content/drive/MyDrive/DeepWeeds/dataset/20180109-105441-1.jpg,8,DW_NEG,8,DW_NEG,True,0.699275
/content/drive/MyDrive/DeepWeeds/dataset/20180109-105537-1.jpg,8,DW_NEG,8,DW_NEG,True,0.5772384
/content/drive/MyDrive/DeepWeeds/dataset/20180109-105637-2.jpg,8,DW_NEG,8,DW_NEG,True,0.8158673
/content/drive/MyDrive/DeepWeeds/dataset/20180109-105705-2.jpg,8,DW_NEG,8,DW_NEG,True,0.9288016
/content/drive/MyDrive/DeepWeeds/dataset/20180109-105732-1.jpg,8,DW_NEG,8,DW_NEG,True,0.90493536
/content/drive/MyDrive/DeepWeeds/dataset/20180109-105752-1.jpg,8,DW_NEG,8,DW_NEG,True,0.8518423
/content/drive/MyDrive/DeepWeeds/dataset/20180109-105824-1.jpg,8,DW_NEG,8,DW_NEG,True,0.96519345
/content/drive/MyDrive/DeepWeeds/dataset/20180109-105903-2.jpg,8,DW_NEG,8,DW_NEG,True,0.9734344
/content/drive/MyDrive/DeepWeeds/dataset/20180109-105907-1.jpg,8,DW_NEG,8,DW_NEG,True,0.42252862
/content/drive/MyDrive/DeepWeeds/dataset/20180109-110005-1.jpg,8,DW_NEG,8,DW_NEG,True,0.7222693
/content/drive/MyDrive/DeepWeeds/dataset/20180109-110057-2.jpg,8,DW_NEG,2,DW_PARK,False,0.54903746
/content/drive/MyDrive/DeepWeeds/dataset/20180109-110130-2.jpg,8,DW_NEG,8,DW_NEG,True,0.8806397
/content/drive/MyDrive/DeepWeeds/dataset/20180109-110201-2.jpg,8,DW_NEG,8,DW_NEG,True,0.99079657
/content/drive/MyDrive/DeepWeeds/dataset/20180112-070111-2.jpg,8,DW_NEG,3,DW_PART,False,0.60669774
/content/drive/MyDrive/DeepWeeds/dataset/20180112-070327-2.jpg,8,DW_NEG,8,DW_NEG,True,0.4748921
/content/drive/MyDrive/DeepWeeds/dataset/20180112-070402-2.jpg,8,DW_NEG,8,DW_NEG,True,0.75156593
/content/drive/MyDrive/DeepWeeds/dataset/20180112-070433-2.jpg,8,DW_NEG,0,DW_CHAP,False,0.7198021
/content/drive/MyDrive/DeepWeeds/dataset/20180112-070517-2.jpg,8,DW_NEG,3,DW_PART,False,0.43196774
/content/drive/MyDrive/DeepWeeds/dataset/20180112-070622-2.jpg,8,DW_NEG,8,DW_NEG,True,0.5491829
/content/drive/MyDrive/DeepWeeds/dataset/20180112-070658-2.jpg,8,DW_NEG,8,DW_NEG,True,0.925416
/content/drive/MyDrive/DeepWeeds/dataset/20180112-070741-2.jpg,8,DW_NEG,8,DW_NEG,True,0.70053273
/content/drive/MyDrive/DeepWeeds/dataset/20180112-070845-2.jpg,8,DW_NEG,8,DW_NEG,True,0.51650244
/content/drive/MyDrive/DeepWeeds/dataset/20180112-070945-2.jpg,8,DW_NEG,8,DW_NEG,True,0.9554653
/content/drive/MyDrive/DeepWeeds/dataset/20180112-070946-2.jpg,8,DW_NEG,8,DW_NEG,True,0.7856947
/content/drive/MyDrive/DeepWeeds/dataset/20180112-071018-2.jpg,8,DW_NEG,8,DW_NEG,True,0.7022086
/content/drive/MyDrive/DeepWeeds/dataset/20180112-071143-2.jpg,8,DW_NEG,8,DW_NEG,True,0.87542886
/content/drive/MyDrive/DeepWeeds/dataset/20180112-071310-2.jpg,8,DW_NEG,8,DW_NEG,True,0.37099218
/content/drive/MyDrive/DeepWeeds/dataset/20180112-071336-2.jpg,8,DW_NEG,8,DW_NEG,True,0.8706208
/content/drive/MyDrive/DeepWeeds/dataset/20180112-071458-2.jpg,8,DW_NEG,8,DW_NEG,True,0.9589339
/content/drive/MyDrive/DeepWeeds/dataset/20180112-071549-2.jpg,8,DW_NEG,8,DW_NEG,True,0.98133975
/content/drive/MyDrive/DeepWeeds/dataset/20180112-071617-2.jpg,8,DW_NEG,0,DW_CHAP,False,0.64593637
/content/drive/MyDrive/DeepWeeds/dataset/20180112-071741-2.jpg,8,DW_NEG,7,DW_SNWE,False,0.54005617
/content/drive/MyDrive/DeepWeeds/dataset/20180112-071809-1.jpg,8,DW_NEG,3,DW_PART,False,0.4294812
/content/drive/MyDrive/DeepWeeds/dataset/20180112-071836-2.jpg,8,DW_NEG,4,DW_PRAC,False,0.88602364
/content/drive/MyDrive/DeepWeeds/dataset/20180112-071909-1.jpg,8,DW_NEG,8,DW_NEG,True,0.98251694
/content/drive/MyDrive/DeepWeeds/dataset/20180112-071931-2.jpg,8,DW_NEG,7,DW_SNWE,False,0.49231797
/content/drive/MyDrive/DeepWeeds/dataset/20180112-072021-2.jpg,8,DW_NEG,0,DW_CHAP,False,0.43570268
/content/drive/MyDrive/DeepWeeds/dataset/20180112-072058-1.jpg,8,DW_NEG,8,DW_NEG,True,0.97703165
/content/drive/MyDrive/DeepWeeds/dataset/20180112-072117-2.jpg,8,DW_NEG,7,DW_SNWE,False,0.81788146
/content/drive/MyDrive/DeepWeeds/dataset/20180112-072203-1.jpg,8,DW_NEG,7,DW_SNWE,False,0.8273789
/content/drive/MyDrive/DeepWeeds/dataset/20180112-072230-1.jpg,8,DW_NEG,8,DW_NEG,True,0.4094127
/content/drive/MyDrive/DeepWeeds/dataset/20180112-072301-1.jpg,8,DW_NEG,8,DW_NEG,True,0.91378224
/content/drive/MyDrive/DeepWeeds/dataset/20180112-072339-2.jpg,8,DW_NEG,7,DW_SNWE,False,0.8719485
/content/drive/MyDrive/DeepWeeds/dataset/20180112-072415-1.jpg,8,DW_NEG,7,DW_SNWE,False,0.3647908
/content/drive/MyDrive/DeepWeeds/dataset/20180112-072450-2.jpg,8,DW_NEG,6,DW_SIWE,False,0.5529894
/content/drive/MyDrive/DeepWeeds/dataset/20180112-072541-2.jpg,8,DW_NEG,7,DW_SNWE,False,0.41945186
/content/drive/MyDrive/DeepWeeds/dataset/20180112-072557-1.jpg,8,DW_NEG,8,DW_NEG,True,0.79404175
/content/drive/MyDrive/DeepWeeds/dataset/20180112-072643-1.jpg,8,DW_NEG,8,DW_NEG,True,0.9648323
/content/drive/MyDrive/DeepWeeds/dataset/20180112-072649-2.jpg,8,DW_NEG,2,DW_PARK,False,0.68861973
/content/drive/MyDrive/DeepWeeds/dataset/20180112-072707-2.jpg,8,DW_NEG,8,DW_NEG,True,0.73386574
/content/drive/MyDrive/DeepWeeds/dataset/20180112-072738-2.jpg,8,DW_NEG,8,DW_NEG,True,0.7474194
/content/drive/MyDrive/DeepWeeds/dataset/20180112-072821-1.jpg,8,DW_NEG,8,DW_NEG,True,0.71392745
/content/drive/MyDrive/DeepWeeds/dataset/20180112-072901-2.jpg,8,DW_NEG,4,DW_PRAC,False,0.5107508
/content/drive/MyDrive/DeepWeeds/dataset/20180112-072933-2.jpg,8,DW_NEG,8,DW_NEG,True,0.5672972
/content/drive/MyDrive/DeepWeeds/dataset/20180112-073028-1.jpg,8,DW_NEG,8,DW_NEG,True,0.95122147
/content/drive/MyDrive/DeepWeeds/dataset/20180112-073106-1.jpg,8,DW_NEG,7,DW_SNWE,False,0.74381703
/content/drive/MyDrive/DeepWeeds/dataset/20180112-073136-2.jpg,8,DW_NEG,8,DW_NEG,True,0.87418383
/content/drive/MyDrive/DeepWeeds/dataset/20180112-073205-2.jpg,8,DW_NEG,8,DW_NEG,True,0.80607957
/content/drive/MyDrive/DeepWeeds/dataset/20180112-073224-1.jpg,8,DW_NEG,7,DW_SNWE,False,0.26513883
/content/drive/MyDrive/DeepWeeds/dataset/20180112-073224-2.jpg,8,DW_NEG,8,DW_NEG,True,0.81612045
/content/drive/MyDrive/DeepWeeds/dataset/20180112-073258-1.jpg,8,DW_NEG,8,DW_NEG,True,0.45663425
/content/drive/MyDrive/DeepWeeds/dataset/20180112-073335-1.jpg,8,DW_NEG,7,DW_SNWE,False,0.6740602
/content/drive/MyDrive/DeepWeeds/dataset/20180112-073347-1.jpg,8,DW_NEG,7,DW_SNWE,False,0.7417047
/content/drive/MyDrive/DeepWeeds/dataset/20180112-073449-1.jpg,8,DW_NEG,8,DW_NEG,True,0.91843504
/content/drive/MyDrive/DeepWeeds/dataset/20180112-073452-2.jpg,8,DW_NEG,8,DW_NEG,True,0.937525
/content/drive/MyDrive/DeepWeeds/dataset/20180112-073652-1.jpg,8,DW_NEG,8,DW_NEG,True,0.8197057
/content/drive/MyDrive/DeepWeeds/dataset/20180112-073953-1.jpg,8,DW_NEG,7,DW_SNWE,False,0.62004715
/content/drive/MyDrive/DeepWeeds/dataset/20180112-074017-1.jpg,8,DW_NEG,8,DW_NEG,True,0.623241
/content/drive/MyDrive/DeepWeeds/dataset/20180112-074059-1.jpg,8,DW_NEG,8,DW_NEG,True,0.43086445
/content/drive/MyDrive/DeepWeeds/dataset/20180112-074345-1.jpg,8,DW_NEG,8,DW_NEG,True,0.7692446
/content/drive/MyDrive/DeepWeeds/dataset/20180112-074411-1.jpg,8,DW_NEG,8,DW_NEG,True,0.6963112
/content/drive/MyDrive/DeepWeeds/dataset/20180112-074454-1.jpg,8,DW_NEG,8,DW_NEG,True,0.50480217
/content/drive/MyDrive/DeepWeeds/dataset/20180112-074454-2.jpg,8,DW_NEG,8,DW_NEG,True,0.576873
/content/drive/MyDrive/DeepWeeds/dataset/20180112-074554-2.jpg,8,DW_NEG,7,DW_SNWE,False,0.48047724
/content/drive/MyDrive/DeepWeeds/dataset/20180112-074642-2.jpg,8,DW_NEG,7,DW_SNWE,False,0.46078604
/content/drive/MyDrive/DeepWeeds/dataset/20180112-074718-2.jpg,8,DW_NEG,8,DW_NEG,True,0.38996387
/content/drive/MyDrive/DeepWeeds/dataset/20180112-074759-1.jpg,8,DW_NEG,8,DW_NEG,True,0.8018712
/content/drive/MyDrive/DeepWeeds/dataset/20180112-074902-2.jpg,8,DW_NEG,4,DW_PRAC,False,0.9872754
/content/drive/MyDrive/DeepWeeds/dataset/20180112-075012-2.jpg,8,DW_NEG,0,DW_CHAP,False,0.4120241
/content/drive/MyDrive/DeepWeeds/dataset/20180112-075106-2.jpg,8,DW_NEG,7,DW_SNWE,False,0.36411026
/content/drive/MyDrive/DeepWeeds/dataset/20180112-075208-2.jpg,8,DW_NEG,3,DW_PART,False,0.8152316
/content/drive/MyDrive/DeepWeeds/dataset/20180112-075306-2.jpg,8,DW_NEG,7,DW_SNWE,False,0.28320172
/content/drive/MyDrive/DeepWeeds/dataset/20180112-075443-2.jpg,8,DW_NEG,8,DW_NEG,True,0.59061784
/content/drive/MyDrive/DeepWeeds/dataset/20180112-075445-2.jpg,8,DW_NEG,7,DW_SNWE,False,0.45613927
/content/drive/MyDrive/DeepWeeds/dataset/20180112-075611-2.jpg,8,DW_NEG,8,DW_NEG,True,0.64578056
/content/drive/MyDrive/DeepWeeds/dataset/20180112-075718-2.jpg,8,DW_NEG,3,DW_PART,False,0.33066663
/content/drive/MyDrive/DeepWeeds/dataset/20180112-075756-2.jpg,8,DW_NEG,7,DW_SNWE,False,0.5722381
/content/drive/MyDrive/DeepWeeds/dataset/20180112-075900-2.jpg,8,DW_NEG,8,DW_NEG,True,0.4119174
/content/drive/MyDrive/DeepWeeds/dataset/20180112-080001-2.jpg,8,DW_NEG,8,DW_NEG,True,0.43429676
/content/drive/MyDrive/DeepWeeds/dataset/20180112-080107-2.jpg,8,DW_NEG,7,DW_SNWE,False,0.9379912
/content/drive/MyDrive/DeepWeeds/dataset/20180112-080151-2.jpg,8,DW_NEG,8,DW_NEG,True,0.6262064
/content/drive/MyDrive/DeepWeeds/dataset/20180112-080317-2.jpg,8,DW_NEG,3,DW_PART,False,0.6192492
/content/drive/MyDrive/DeepWeeds/dataset/20180112-080356-2.jpg,8,DW_NEG,8,DW_NEG,True,0.921509
/content/drive/MyDrive/DeepWeeds/dataset/20180112-080358-2.jpg,8,DW_NEG,8,DW_NEG,True,0.81335384
/content/drive/MyDrive/DeepWeeds/dataset/20180112-080444-1.jpg,8,DW_NEG,8,DW_NEG,True,0.5076887
/content/drive/MyDrive/DeepWeeds/dataset/20180112-080505-1.jpg,8,DW_NEG,3,DW_PART,False,0.88155866
/content/drive/MyDrive/DeepWeeds/dataset/20180112-080538-1.jpg,8,DW_NEG,7,DW_SNWE,False,0.7553841
/content/drive/MyDrive/DeepWeeds/dataset/20180112-080609-2.jpg,8,DW_NEG,0,DW_CHAP,False,0.6130064
/content/drive/MyDrive/DeepWeeds/dataset/20180112-080623-2.jpg,8,DW_NEG,8,DW_NEG,True,0.94452786
/content/drive/MyDrive/DeepWeeds/dataset/20180112-080634-2.jpg,8,DW_NEG,2,DW_PARK,False,0.45974967
/content/drive/MyDrive/DeepWeeds/dataset/20180112-080753-1.jpg,8,DW_NEG,8,DW_NEG,True,0.8615267
/content/drive/MyDrive/DeepWeeds/dataset/20180112-080813-1.jpg,8,DW_NEG,7,DW_SNWE,False,0.6599139
/content/drive/MyDrive/DeepWeeds/dataset/20180112-080904-2.jpg,8,DW_NEG,8,DW_NEG,True,0.64735234
/content/drive/MyDrive/DeepWeeds/dataset/20180112-080936-2.jpg,8,DW_NEG,8,DW_NEG,True,0.6764671
/content/drive/MyDrive/DeepWeeds/dataset/20180112-081003-1.jpg,8,DW_NEG,8,DW_NEG,True,0.80900514
/content/drive/MyDrive/DeepWeeds/dataset/20180112-081040-2.jpg,8,DW_NEG,8,DW_NEG,True,0.9873159
/content/drive/MyDrive/DeepWeeds/dataset/20180112-081057-1.jpg,8,DW_NEG,8,DW_NEG,True,0.92526287
/content/drive/MyDrive/DeepWeeds/dataset/20180112-081125-2.jpg,8,DW_NEG,8,DW_NEG,True,0.6354982
/content/drive/MyDrive/DeepWeeds/dataset/20180112-081156-1.jpg,8,DW_NEG,8,DW_NEG,True,0.66495854
/content/drive/MyDrive/DeepWeeds/dataset/20180112-081230-2.jpg,8,DW_NEG,8,DW_NEG,True,0.8009348
/content/drive/MyDrive/DeepWeeds/dataset/20180112-081303-2.jpg,8,DW_NEG,8,DW_NEG,True,0.70264757
/content/drive/MyDrive/DeepWeeds/dataset/20180112-081326-2.jpg,8,DW_NEG,8,DW_NEG,True,0.80693406
/content/drive/MyDrive/DeepWeeds/dataset/20180112-081341-1.jpg,8,DW_NEG,8,DW_NEG,True,0.5749128
/content/drive/MyDrive/DeepWeeds/dataset/20180112-081429-1.jpg,8,DW_NEG,8,DW_NEG,True,0.7839817
/content/drive/MyDrive/DeepWeeds/dataset/20180112-081449-2.jpg,8,DW_NEG,8,DW_NEG,True,0.6058549
/content/drive/MyDrive/DeepWeeds/dataset/20180112-081605-1.jpg,8,DW_NEG,8,DW_NEG,True,0.6293926
/content/drive/MyDrive/DeepWeeds/dataset/20180112-081634-2.jpg,8,DW_NEG,8,DW_NEG,True,0.6581439
/content/drive/MyDrive/DeepWeeds/dataset/20180112-081708-1.jpg,8,DW_NEG,8,DW_NEG,True,0.465088
/content/drive/MyDrive/DeepWeeds/dataset/20180112-081826-1.jpg,8,DW_NEG,3,DW_PART,False,0.8773952
/content/drive/MyDrive/DeepWeeds/dataset/20180112-081919-2.jpg,8,DW_NEG,8,DW_NEG,True,0.9554321
/content/drive/MyDrive/DeepWeeds/dataset/20180112-081952-1.jpg,8,DW_NEG,7,DW_SNWE,False,0.6782288
/content/drive/MyDrive/DeepWeeds/dataset/20180112-082059-2.jpg,8,DW_NEG,4,DW_PRAC,False,0.7013636
/content/drive/MyDrive/DeepWeeds/dataset/20180112-082156-2.jpg,8,DW_NEG,8,DW_NEG,True,0.64160556
/content/drive/MyDrive/DeepWeeds/dataset/20180112-082206-2.jpg,8,DW_NEG,8,DW_NEG,True,0.5546408
/content/drive/MyDrive/DeepWeeds/dataset/20180112-082239-2.jpg,8,DW_NEG,8,DW_NEG,True,0.43335173
/content/drive/MyDrive/DeepWeeds/dataset/20180112-082327-1.jpg,8,DW_NEG,7,DW_SNWE,False,0.48143432
/content/drive/MyDrive/DeepWeeds/dataset/20180112-082405-1.jpg,8,DW_NEG,8,DW_NEG,True,0.50095785
/content/drive/MyDrive/DeepWeeds/dataset/20180112-082534-1.jpg,8,DW_NEG,8,DW_NEG,True,0.67517394
/content/drive/MyDrive/DeepWeeds/dataset/20180112-082611-1.jpg,8,DW_NEG,8,DW_NEG,True,0.5006362
/content/drive/MyDrive/DeepWeeds/dataset/20180112-082753-1.jpg,8,DW_NEG,0,DW_CHAP,False,0.8461899
/content/drive/MyDrive/DeepWeeds/dataset/20180112-082913-1.jpg,8,DW_NEG,3,DW_PART,False,0.9065619
/content/drive/MyDrive/DeepWeeds/dataset/20180112-083043-1.jpg,8,DW_NEG,7,DW_SNWE,False,0.40086168
/content/drive/MyDrive/DeepWeeds/dataset/20180112-083203-1.jpg,8,DW_NEG,8,DW_NEG,True,0.43006563
/content/drive/MyDrive/DeepWeeds/dataset/20180112-083224-1.jpg,8,DW_NEG,3,DW_PART,False,0.46621245
/content/drive/MyDrive/DeepWeeds/dataset/20180112-083344-1.jpg,8,DW_NEG,7,DW_SNWE,False,0.7379258
/content/drive/MyDrive/DeepWeeds/dataset/20180112-083406-1.jpg,8,DW_NEG,7,DW_SNWE,False,0.4472247
/content/drive/MyDrive/DeepWeeds/dataset/20180112-083600-1.jpg,8,DW_NEG,7,DW_SNWE,False,0.52381057
/content/drive/MyDrive/DeepWeeds/dataset/20180112-083645-1.jpg,8,DW_NEG,8,DW_NEG,True,0.3580321
/content/drive/MyDrive/DeepWeeds/dataset/20180112-091121-2.jpg,8,DW_NEG,0,DW_CHAP,False,0.8704187
/content/drive/MyDrive/DeepWeeds/dataset/20180112-091123-2.jpg,8,DW_NEG,8,DW_NEG,True,0.972935
/content/drive/MyDrive/DeepWeeds/dataset/20180112-091207-2.jpg,8,DW_NEG,8,DW_NEG,True,0.9385623
/content/drive/MyDrive/DeepWeeds/dataset/20180112-091209-2.jpg,8,DW_NEG,8,DW_NEG,True,0.91276836
/content/drive/MyDrive/DeepWeeds/dataset/20180112-091351-2.jpg,8,DW_NEG,8,DW_NEG,True,0.76865244
/content/drive/MyDrive/DeepWeeds/dataset/20180112-091552-1.jpg,8,DW_NEG,8,DW_NEG,True,0.5408577
/content/drive/MyDrive/DeepWeeds/dataset/20180112-091612-2.jpg,8,DW_NEG,8,DW_NEG,True,0.6006871
/content/drive/MyDrive/DeepWeeds/dataset/20180112-091613-2.jpg,8,DW_NEG,8,DW_NEG,True,0.96270776
/content/drive/MyDrive/DeepWeeds/dataset/20180112-091721-2.jpg,8,DW_NEG,7,DW_SNWE,False,0.6218138
/content/drive/MyDrive/DeepWeeds/dataset/20180112-091749-2.jpg,8,DW_NEG,7,DW_SNWE,False,0.47036764
/content/drive/MyDrive/DeepWeeds/dataset/20180112-091810-2.jpg,8,DW_NEG,8,DW_NEG,True,0.4460696
/content/drive/MyDrive/DeepWeeds/dataset/20180112-091828-1.jpg,8,DW_NEG,8,DW_NEG,True,0.8645104
/content/drive/MyDrive/DeepWeeds/dataset/20180112-091938-2.jpg,8,DW_NEG,8,DW_NEG,True,0.6911633
/content/drive/MyDrive/DeepWeeds/dataset/20180112-092003-1.jpg,8,DW_NEG,8,DW_NEG,True,0.3107959
/content/drive/MyDrive/DeepWeeds/dataset/20180112-092057-1.jpg,8,DW_NEG,8,DW_NEG,True,0.78861386
/content/drive/MyDrive/DeepWeeds/dataset/20180112-092133-2.jpg,8,DW_NEG,8,DW_NEG,True,0.39118803
/content/drive/MyDrive/DeepWeeds/dataset/20180112-092208-1.jpg,8,DW_NEG,7,DW_SNWE,False,0.62080973
/content/drive/MyDrive/DeepWeeds/dataset/20180112-092221-2.jpg,8,DW_NEG,8,DW_NEG,True,0.69145393
/content/drive/MyDrive/DeepWeeds/dataset/20180112-092256-2.jpg,8,DW_NEG,0,DW_CHAP,False,0.68710023
/content/drive/MyDrive/DeepWeeds/dataset/20180112-092356-1.jpg,8,DW_NEG,8,DW_NEG,True,0.8579601
/content/drive/MyDrive/DeepWeeds/dataset/20180112-092429-2.jpg,8,DW_NEG,0,DW_CHAP,False,0.600462
/content/drive/MyDrive/DeepWeeds/dataset/20180112-092446-1.jpg,8,DW_NEG,8,DW_NEG,True,0.778669
/content/drive/MyDrive/DeepWeeds/dataset/20180112-092529-2.jpg,8,DW_NEG,8,DW_NEG,True,0.63926595
/content/drive/MyDrive/DeepWeeds/dataset/20180112-092559-1.jpg,8,DW_NEG,8,DW_NEG,True,0.97348815
/content/drive/MyDrive/DeepWeeds/dataset/20180112-092647-1.jpg,8,DW_NEG,8,DW_NEG,True,0.6086851
/content/drive/MyDrive/DeepWeeds/dataset/20180112-092705-2.jpg,8,DW_NEG,8,DW_NEG,True,0.666256
/content/drive/MyDrive/DeepWeeds/dataset/20180112-092752-1.jpg,8,DW_NEG,4,DW_PRAC,False,0.46550983
/content/drive/MyDrive/DeepWeeds/dataset/20180112-092820-2.jpg,8,DW_NEG,7,DW_SNWE,False,0.7446271
/content/drive/MyDrive/DeepWeeds/dataset/20180112-092849-2.jpg,8,DW_NEG,8,DW_NEG,True,0.7989245
/content/drive/MyDrive/DeepWeeds/dataset/20180112-093034-1.jpg,8,DW_NEG,8,DW_NEG,True,0.6177127
/content/drive/MyDrive/DeepWeeds/dataset/20180112-093055-1.jpg,8,DW_NEG,8,DW_NEG,True,0.52435315
/content/drive/MyDrive/DeepWeeds/dataset/20180112-093114-2.jpg,8,DW_NEG,8,DW_NEG,True,0.97386724
/content/drive/MyDrive/DeepWeeds/dataset/20180112-093145-1.jpg,8,DW_NEG,8,DW_NEG,True,0.9516026
/content/drive/MyDrive/DeepWeeds/dataset/20180112-093216-2.jpg,8,DW_NEG,2,DW_PARK,False,0.5904413
/content/drive/MyDrive/DeepWeeds/dataset/20180112-093255-1.jpg,8,DW_NEG,3,DW_PART,False,0.59137523
/content/drive/MyDrive/DeepWeeds/dataset/20180112-093401-2.jpg,8,DW_NEG,0,DW_CHAP,False,0.9193794
/content/drive/MyDrive/DeepWeeds/dataset/20180112-093449-1.jpg,8,DW_NEG,8,DW_NEG,True,0.5273398
/content/drive/MyDrive/DeepWeeds/dataset/20180112-093522-2.jpg,8,DW_NEG,8,DW_NEG,True,0.9965599
/content/drive/MyDrive/DeepWeeds/dataset/20180112-093602-1.jpg,8,DW_NEG,8,DW_NEG,True,0.7774891
/content/drive/MyDrive/DeepWeeds/dataset/20180112-093602-2.jpg,8,DW_NEG,8,DW_NEG,True,0.9873067
/content/drive/MyDrive/DeepWeeds/dataset/20180112-093636-2.jpg,8,DW_NEG,8,DW_NEG,True,0.97328705
/content/drive/MyDrive/DeepWeeds/dataset/20180112-093646-1.jpg,8,DW_NEG,8,DW_NEG,True,0.9501296
/content/drive/MyDrive/DeepWeeds/dataset/20180112-093743-1.jpg,8,DW_NEG,7,DW_SNWE,False,0.4879324
/content/drive/MyDrive/DeepWeeds/dataset/20180112-093825-1.jpg,8,DW_NEG,0,DW_CHAP,False,0.8284045
/content/drive/MyDrive/DeepWeeds/dataset/20180112-093835-1.jpg,8,DW_NEG,8,DW_NEG,True,0.98683655
/content/drive/MyDrive/DeepWeeds/dataset/20180112-093951-1.jpg,8,DW_NEG,8,DW_NEG,True,0.9762887
/content/drive/MyDrive/DeepWeeds/dataset/20180112-094038-2.jpg,8,DW_NEG,8,DW_NEG,True,0.68287796
/content/drive/MyDrive/DeepWeeds/dataset/20180112-094122-2.jpg,8,DW_NEG,8,DW_NEG,True,0.980291
/content/drive/MyDrive/DeepWeeds/dataset/20180112-094216-1.jpg,8,DW_NEG,3,DW_PART,False,0.4385109
/content/drive/MyDrive/DeepWeeds/dataset/20180112-094236-1.jpg,8,DW_NEG,7,DW_SNWE,False,0.32031414
/content/drive/MyDrive/DeepWeeds/dataset/20180112-094305-1.jpg,8,DW_NEG,7,DW_SNWE,False,0.5342564
/content/drive/MyDrive/DeepWeeds/dataset/20180112-094329-1.jpg,8,DW_NEG,8,DW_NEG,True,0.45218346
/content/drive/MyDrive/DeepWeeds/dataset/20180112-094343-1.jpg,8,DW_NEG,8,DW_NEG,True,0.6410738
/content/drive/MyDrive/DeepWeeds/dataset/20180112-094417-1.jpg,8,DW_NEG,8,DW_NEG,True,0.54205596
/content/drive/MyDrive/DeepWeeds/dataset/20180112-094500-2.jpg,8,DW_NEG,6,DW_SIWE,False,0.8566031
/content/drive/MyDrive/DeepWeeds/dataset/20180112-094523-2.jpg,8,DW_NEG,6,DW_SIWE,False,0.7770558
/content/drive/MyDrive/DeepWeeds/dataset/20180112-094534-2.jpg,8,DW_NEG,3,DW_PART,False,0.83761275
/content/drive/MyDrive/DeepWeeds/dataset/20180112-094620-1.jpg,8,DW_NEG,8,DW_NEG,True,0.9137375
/content/drive/MyDrive/DeepWeeds/dataset/20180112-094653-2.jpg,8,DW_NEG,6,DW_SIWE,False,0.93907726
/content/drive/MyDrive/DeepWeeds/dataset/20180112-094723-1.jpg,8,DW_NEG,8,DW_NEG,True,0.91863626
/content/drive/MyDrive/DeepWeeds/dataset/20180112-094807-2.jpg,8,DW_NEG,8,DW_NEG,True,0.4833138
/content/drive/MyDrive/DeepWeeds/dataset/20180112-095000-2.jpg,8,DW_NEG,8,DW_NEG,True,0.78156585
/content/drive/MyDrive/DeepWeeds/dataset/20180112-095104-2.jpg,8,DW_NEG,8,DW_NEG,True,0.38472214
/content/drive/MyDrive/DeepWeeds/dataset/20180112-100517-1.jpg,8,DW_NEG,8,DW_NEG,True,0.9925869
/content/drive/MyDrive/DeepWeeds/dataset/20180112-100536-2.jpg,8,DW_NEG,8,DW_NEG,True,0.42373672
/content/drive/MyDrive/DeepWeeds/dataset/20180112-100613-1.jpg,8,DW_NEG,8,DW_NEG,True,0.7408754
/content/drive/MyDrive/DeepWeeds/dataset/20180112-100613-2.jpg,8,DW_NEG,8,DW_NEG,True,0.34377226
/content/drive/MyDrive/DeepWeeds/dataset/20180112-100705-1.jpg,8,DW_NEG,8,DW_NEG,True,0.708049
/content/drive/MyDrive/DeepWeeds/dataset/20180112-100745-2.jpg,8,DW_NEG,8,DW_NEG,True,0.5682513
/content/drive/MyDrive/DeepWeeds/dataset/20180112-100832-2.jpg,8,DW_NEG,8,DW_NEG,True,0.25050536
/content/drive/MyDrive/DeepWeeds/dataset/20180112-100900-2.jpg,8,DW_NEG,5,DW_RUBV,False,0.4476304
/content/drive/MyDrive/DeepWeeds/dataset/20180112-100910-2.jpg,8,DW_NEG,8,DW_NEG,True,0.49767444
/content/drive/MyDrive/DeepWeeds/dataset/20180112-100949-1.jpg,8,DW_NEG,8,DW_NEG,True,0.5833311
/content/drive/MyDrive/DeepWeeds/dataset/20180112-101020-2.jpg,8,DW_NEG,6,DW_SIWE,False,0.6481646
/content/drive/MyDrive/DeepWeeds/dataset/20180112-101045-2.jpg,8,DW_NEG,6,DW_SIWE,False,0.7540041
/content/drive/MyDrive/DeepWeeds/dataset/20180112-101202-2.jpg,8,DW_NEG,8,DW_NEG,True,0.8408396
/content/drive/MyDrive/DeepWeeds/dataset/20180112-101305-2.jpg,8,DW_NEG,0,DW_CHAP,False,0.5060537
/content/drive/MyDrive/DeepWeeds/dataset/20180112-101335-2.jpg,8,DW_NEG,8,DW_NEG,True,0.44004613
/content/drive/MyDrive/DeepWeeds/dataset/20180112-101359-1.jpg,8,DW_NEG,0,DW_CHAP,False,0.4549839
/content/drive/MyDrive/DeepWeeds/dataset/20180112-101417-2.jpg,8,DW_NEG,8,DW_NEG,True,0.88454145
/content/drive/MyDrive/DeepWeeds/dataset/20180112-101525-2.jpg,8,DW_NEG,8,DW_NEG,True,0.9420567
/content/drive/MyDrive/DeepWeeds/dataset/20180112-101539-1.jpg,8,DW_NEG,8,DW_NEG,True,0.68174875
/content/drive/MyDrive/DeepWeeds/dataset/20180112-101608-2.jpg,8,DW_NEG,8,DW_NEG,True,0.99773943
/content/drive/MyDrive/DeepWeeds/dataset/20180112-101643-1.jpg,8,DW_NEG,0,DW_CHAP,False,0.4411207
/content/drive/MyDrive/DeepWeeds/dataset/20180112-101728-2.jpg,8,DW_NEG,8,DW_NEG,True,0.96461874
/content/drive/MyDrive/DeepWeeds/dataset/20180112-101747-1.jpg,8,DW_NEG,8,DW_NEG,True,0.39646384
/content/drive/MyDrive/DeepWeeds/dataset/20180112-101815-1.jpg,8,DW_NEG,8,DW_NEG,True,0.62124807
/content/drive/MyDrive/DeepWeeds/dataset/20180112-101842-1.jpg,8,DW_NEG,8,DW_NEG,True,0.6139666
/content/drive/MyDrive/DeepWeeds/dataset/20180112-101854-2.jpg,8,DW_NEG,8,DW_NEG,True,0.9965431
/content/drive/MyDrive/DeepWeeds/dataset/20180112-102111-2.jpg,8,DW_NEG,8,DW_NEG,True,0.99168336
/content/drive/MyDrive/DeepWeeds/dataset/20180112-102259-2.jpg,8,DW_NEG,8,DW_NEG,True,0.8632195
/content/drive/MyDrive/DeepWeeds/dataset/20180112-102332-2.jpg,8,DW_NEG,7,DW_SNWE,False,0.4680676
/content/drive/MyDrive/DeepWeeds/dataset/20180112-102402-2.jpg,8,DW_NEG,8,DW_NEG,True,0.6126853
/content/drive/MyDrive/DeepWeeds/dataset/20180112-102450-1.jpg,8,DW_NEG,6,DW_SIWE,False,0.7109382
/content/drive/MyDrive/DeepWeeds/dataset/20180112-102450-2.jpg,8,DW_NEG,8,DW_NEG,True,0.97658074
/content/drive/MyDrive/DeepWeeds/dataset/20180112-102550-1.jpg,8,DW_NEG,7,DW_SNWE,False,0.21823724
/content/drive/MyDrive/DeepWeeds/dataset/20180112-102613-2.jpg,8,DW_NEG,8,DW_NEG,True,0.7677568
/content/drive/MyDrive/DeepWeeds/dataset/20180112-102634-2.jpg,8,DW_NEG,8,DW_NEG,True,0.92444354
/content/drive/MyDrive/DeepWeeds/dataset/20180112-102657-1.jpg,8,DW_NEG,8,DW_NEG,True,0.7818593
/content/drive/MyDrive/DeepWeeds/dataset/20180112-102723-2.jpg,8,DW_NEG,8,DW_NEG,True,0.7372045
/content/drive/MyDrive/DeepWeeds/dataset/20180112-102811-2.jpg,8,DW_NEG,6,DW_SIWE,False,0.6362715
/content/drive/MyDrive/DeepWeeds/dataset/20180112-102831-1.jpg,8,DW_NEG,8,DW_NEG,True,0.6337709
/content/drive/MyDrive/DeepWeeds/dataset/20180112-102908-2.jpg,8,DW_NEG,8,DW_NEG,True,0.81068134
/content/drive/MyDrive/DeepWeeds/dataset/20180112-102936-2.jpg,8,DW_NEG,6,DW_SIWE,False,0.75376815
/content/drive/MyDrive/DeepWeeds/dataset/20180112-103034-1.jpg,8,DW_NEG,8,DW_NEG,True,0.99458295
/content/drive/MyDrive/DeepWeeds/dataset/20180112-103053-1.jpg,8,DW_NEG,8,DW_NEG,True,0.74799275
/content/drive/MyDrive/DeepWeeds/dataset/20180112-103123-1.jpg,8,DW_NEG,0,DW_CHAP,False,0.44743514
/content/drive/MyDrive/DeepWeeds/dataset/20180112-103209-1.jpg,8,DW_NEG,7,DW_SNWE,False,0.6580152
/content/drive/MyDrive/DeepWeeds/dataset/20180112-103310-2.jpg,8,DW_NEG,8,DW_NEG,True,0.92248327
/content/drive/MyDrive/DeepWeeds/dataset/20180112-103333-2.jpg,8,DW_NEG,8,DW_NEG,True,0.898151
/content/drive/MyDrive/DeepWeeds/dataset/20180112-103449-2.jpg,8,DW_NEG,8,DW_NEG,True,0.9831367
/content/drive/MyDrive/DeepWeeds/dataset/20180112-103552-1.jpg,8,DW_NEG,0,DW_CHAP,False,0.29392657
/content/drive/MyDrive/DeepWeeds/dataset/20180112-103618-2.jpg,8,DW_NEG,8,DW_NEG,True,0.9745101
/content/drive/MyDrive/DeepWeeds/dataset/20180112-103659-2.jpg,8,DW_NEG,8,DW_NEG,True,0.91342676
/content/drive/MyDrive/DeepWeeds/dataset/20180112-103709-1.jpg,8,DW_NEG,8,DW_NEG,True,0.50959665
/content/drive/MyDrive/DeepWeeds/dataset/20180112-103832-2.jpg,8,DW_NEG,8,DW_NEG,True,0.9384991
/content/drive/MyDrive/DeepWeeds/dataset/20180112-103948-2.jpg,8,DW_NEG,8,DW_NEG,True,0.9883172
/content/drive/MyDrive/DeepWeeds/dataset/20180112-104053-2.jpg,8,DW_NEG,8,DW_NEG,True,0.9050541
/content/drive/MyDrive/DeepWeeds/dataset/20180112-104200-2.jpg,8,DW_NEG,8,DW_NEG,True,0.5932183
/content/drive/MyDrive/DeepWeeds/dataset/20180112-104257-2.jpg,8,DW_NEG,8,DW_NEG,True,0.95981514
/content/drive/MyDrive/DeepWeeds/dataset/20180119-104336-1.jpg,8,DW_NEG,8,DW_NEG,True,0.7550265
/content/drive/MyDrive/DeepWeeds/dataset/20180119-104505-1.jpg,8,DW_NEG,8,DW_NEG,True,0.782345
/content/drive/MyDrive/DeepWeeds/dataset/20180119-104537-2.jpg,8,DW_NEG,8,DW_NEG,True,0.7797434
/content/drive/MyDrive/DeepWeeds/dataset/20180119-104600-1.jpg,8,DW_NEG,8,DW_NEG,True,0.58405876
/content/drive/MyDrive/DeepWeeds/dataset/20180119-104654-2.jpg,8,DW_NEG,2,DW_PARK,False,0.33129427
/content/drive/MyDrive/DeepWeeds/dataset/20180119-104741-1.jpg,8,DW_NEG,1,DW_LANT,False,0.8830148
/content/drive/MyDrive/DeepWeeds/dataset/20180119-104748-2.jpg,8,DW_NEG,8,DW_NEG,True,0.5962515
/content/drive/MyDrive/DeepWeeds/dataset/20180119-104826-1.jpg,8,DW_NEG,1,DW_LANT,False,0.44773906
/content/drive/MyDrive/DeepWeeds/dataset/20180119-104919-2.jpg,8,DW_NEG,8,DW_NEG,True,0.8002633
/content/drive/MyDrive/DeepWeeds/dataset/20180119-104958-1.jpg,8,DW_NEG,8,DW_NEG,True,0.736615
/content/drive/MyDrive/DeepWeeds/dataset/20180119-105101-1.jpg,8,DW_NEG,8,DW_NEG,True,0.937254
/content/drive/MyDrive/DeepWeeds/dataset/20180119-105125-1.jpg,8,DW_NEG,8,DW_NEG,True,0.97370964
/content/drive/MyDrive/DeepWeeds/dataset/20180119-105201-1.jpg,8,DW_NEG,8,DW_NEG,True,0.7493069
/content/drive/MyDrive/DeepWeeds/dataset/20180119-105231-1.jpg,8,DW_NEG,6,DW_SIWE,False,0.7775281
/content/drive/MyDrive/DeepWeeds/dataset/20180119-105259-1.jpg,8,DW_NEG,8,DW_NEG,True,0.8962836
/content/drive/MyDrive/DeepWeeds/dataset/20180119-105347-1.jpg,8,DW_NEG,8,DW_NEG,True,0.5053706
/content/drive/MyDrive/DeepWeeds/dataset/20180119-105407-1.jpg,8,DW_NEG,8,DW_NEG,True,0.63147146
/content/drive/MyDrive/DeepWeeds/dataset/20180119-105628-1.jpg,8,DW_NEG,1,DW_LANT,False,0.7843904
/content/drive/MyDrive/DeepWeeds/dataset/20180119-105736-1.jpg,8,DW_NEG,8,DW_NEG,True,0.85781
/content/drive/MyDrive/DeepWeeds/dataset/20180119-105823-1.jpg,8,DW_NEG,8,DW_NEG,True,0.4777733
/content/drive/MyDrive/DeepWeeds/dataset/20180119-105823-2.jpg,8,DW_NEG,8,DW_NEG,True,0.2474522
/content/drive/MyDrive/DeepWeeds/dataset/20180119-105837-2.jpg,8,DW_NEG,1,DW_LANT,False,0.29985064
/content/drive/MyDrive/DeepWeeds/dataset/20180119-105929-2.jpg,8,DW_NEG,6,DW_SIWE,False,0.55472964
/content/drive/MyDrive/DeepWeeds/dataset/20180119-105952-2.jpg,8,DW_NEG,1,DW_LANT,False,0.5472402
/content/drive/MyDrive/DeepWeeds/dataset/20180119-110046-2.jpg,8,DW_NEG,8,DW_NEG,True,0.9401753
/content/drive/MyDrive/DeepWeeds/dataset/20180119-110105-1.jpg,8,DW_NEG,8,DW_NEG,True,0.67729515
/content/drive/MyDrive/DeepWeeds/dataset/20180119-110124-1.jpg,8,DW_NEG,1,DW_LANT,False,0.82154566
/content/drive/MyDrive/DeepWeeds/dataset/20180119-110218-2.jpg,8,DW_NEG,8,DW_NEG,True,0.71592224
/content/drive/MyDrive/DeepWeeds/dataset/20180119-110227-1.jpg,8,DW_NEG,8,DW_NEG,True,0.47743317
/content/drive/MyDrive/DeepWeeds/dataset/20180119-110255-1.jpg,8,DW_NEG,8,DW_NEG,True,0.5470188
/content/drive/MyDrive/DeepWeeds/dataset/20180119-110317-2.jpg,8,DW_NEG,8,DW_NEG,True,0.94350576
/content/drive/MyDrive/DeepWeeds/dataset/20180119-110347-1.jpg,8,DW_NEG,8,DW_NEG,True,0.9529201
/content/drive/MyDrive/DeepWeeds/dataset/20180119-110347-2.jpg,8,DW_NEG,8,DW_NEG,True,0.8865326
/content/drive/MyDrive/DeepWeeds/dataset/20180119-110407-1.jpg,8,DW_NEG,5,DW_RUBV,False,0.6923889
/content/drive/MyDrive/DeepWeeds/dataset/20180119-110437-2.jpg,8,DW_NEG,8,DW_NEG,True,0.93044454
/content/drive/MyDrive/DeepWeeds/dataset/20180119-110505-1.jpg,8,DW_NEG,1,DW_LANT,False,0.5403046
/content/drive/MyDrive/DeepWeeds/dataset/20180119-110537-2.jpg,8,DW_NEG,2,DW_PARK,False,0.6344463
/content/drive/MyDrive/DeepWeeds/dataset/20180119-110550-1.jpg,8,DW_NEG,1,DW_LANT,False,0.44895533
/content/drive/MyDrive/DeepWeeds/dataset/20180119-110709-1.jpg,8,DW_NEG,8,DW_NEG,True,0.84630847
/content/drive/MyDrive/DeepWeeds/dataset/20180119-110729-1.jpg,8,DW_NEG,6,DW_SIWE,False,0.37884715
/content/drive/MyDrive/DeepWeeds/dataset/20180119-110729-2.jpg,8,DW_NEG,8,DW_NEG,True,0.8359074
/content/drive/MyDrive/DeepWeeds/dataset/20180119-110902-2.jpg,8,DW_NEG,8,DW_NEG,True,0.82250375
/content/drive/MyDrive/DeepWeeds/dataset/20180119-110933-1.jpg,8,DW_NEG,8,DW_NEG,True,0.8003396
/content/drive/MyDrive/DeepWeeds/dataset/20180119-111026-2.jpg,8,DW_NEG,8,DW_NEG,True,0.78924173
/content/drive/MyDrive/DeepWeeds/dataset/20180119-111050-2.jpg,8,DW_NEG,8,DW_NEG,True,0.36652225
/content/drive/MyDrive/DeepWeeds/dataset/20180119-111132-1.jpg,8,DW_NEG,8,DW_NEG,True,0.44484913
/content/drive/MyDrive/DeepWeeds/dataset/20180119-111200-2.jpg,8,DW_NEG,8,DW_NEG,True,0.9344826
/content/drive/MyDrive/DeepWeeds/dataset/20180119-111225-2.jpg,8,DW_NEG,8,DW_NEG,True,0.85097617
/content/drive/MyDrive/DeepWeeds/dataset/20180119-111241-1.jpg,8,DW_NEG,6,DW_SIWE,False,0.4227147
/content/drive/MyDrive/DeepWeeds/dataset/20180119-111301-2.jpg,8,DW_NEG,8,DW_NEG,True,0.91930664
/content/drive/MyDrive/DeepWeeds/dataset/20180119-111328-2.jpg,8,DW_NEG,8,DW_NEG,True,0.8637159
/content/drive/MyDrive/DeepWeeds/dataset/20180119-111359-2.jpg,8,DW_NEG,6,DW_SIWE,False,0.41113573
/content/drive/MyDrive/DeepWeeds/dataset/20180119-111450-1.jpg,8,DW_NEG,1,DW_LANT,False,0.743267
/content/drive/MyDrive/DeepWeeds/dataset/20180119-111554-2.jpg,8,DW_NEG,8,DW_NEG,True,0.48181215
/content/drive/MyDrive/DeepWeeds/dataset/20180119-111644-2.jpg,8,DW_NEG,8,DW_NEG,True,0.53484946
/content/drive/MyDrive/DeepWeeds/dataset/20180119-112837-2.jpg,8,DW_NEG,0,DW_CHAP,False,0.31865135
/content/drive/MyDrive/DeepWeeds/dataset/20180119-112928-2.jpg,8,DW_NEG,8,DW_NEG,True,0.94524616
/content/drive/MyDrive/DeepWeeds/dataset/20180119-113009-2.jpg,8,DW_NEG,3,DW_PART,False,0.73165435
/content/drive/MyDrive/DeepWeeds/dataset/20180119-113051-1.jpg,8,DW_NEG,8,DW_NEG,True,0.7909407
/content/drive/MyDrive/DeepWeeds/dataset/20180119-113105-2.jpg,8,DW_NEG,8,DW_NEG,True,0.32784846
/content/drive/MyDrive/DeepWeeds/dataset/20180119-113132-1.jpg,8,DW_NEG,8,DW_NEG,True,0.6727859
/content/drive/MyDrive/DeepWeeds/dataset/20180119-113158-1.jpg,8,DW_NEG,8,DW_NEG,True,0.65605396
/content/drive/MyDrive/DeepWeeds/dataset/20180119-113224-2.jpg,8,DW_NEG,8,DW_NEG,True,0.99940646
/content/drive/MyDrive/DeepWeeds/dataset/20180119-113309-1.jpg,8,DW_NEG,1,DW_LANT,False,0.30202094
/content/drive/MyDrive/DeepWeeds/dataset/20180119-113346-1.jpg,8,DW_NEG,8,DW_NEG,True,0.44395214
/content/drive/MyDrive/DeepWeeds/dataset/20180119-113422-1.jpg,8,DW_NEG,8,DW_NEG,True,0.5065903
/content/drive/MyDrive/DeepWeeds/dataset/20180119-113441-1.jpg,8,DW_NEG,8,DW_NEG,True,0.5750274
/content/drive/MyDrive/DeepWeeds/dataset/20180119-113500-2.jpg,8,DW_NEG,8,DW_NEG,True,0.5842054
/content/drive/MyDrive/DeepWeeds/dataset/20180119-113547-1.jpg,8,DW_NEG,8,DW_NEG,True,0.746378
/content/drive/MyDrive/DeepWeeds/dataset/20180119-113616-1.jpg,8,DW_NEG,1,DW_LANT,False,0.57416695
/content/drive/MyDrive/DeepWeeds/dataset/20180119-113650-2.jpg,8,DW_NEG,8,DW_NEG,True,0.53394
/content/drive/MyDrive/DeepWeeds/dataset/20180119-113724-1.jpg,8,DW_NEG,1,DW_LANT,False,0.62694645
/content/drive/MyDrive/DeepWeeds/dataset/20180119-113724-2.jpg,8,DW_NEG,8,DW_NEG,True,0.58460945
/content/drive/MyDrive/DeepWeeds/dataset/20180119-113758-2.jpg,8,DW_NEG,8,DW_NEG,True,0.8910238
/content/drive/MyDrive/DeepWeeds/dataset/20180119-113829-1.jpg,8,DW_NEG,8,DW_NEG,True,0.7413472
/content/drive/MyDrive/DeepWeeds/dataset/20180119-113852-2.jpg,8,DW_NEG,8,DW_NEG,True,0.79962254
/content/drive/MyDrive/DeepWeeds/dataset/20180119-113936-1.jpg,8,DW_NEG,0,DW_CHAP,False,0.58817464
/content/drive/MyDrive/DeepWeeds/dataset/20180119-114016-1.jpg,8,DW_NEG,1,DW_LANT,False,0.6910267
/content/drive/MyDrive/DeepWeeds/dataset/20180119-114049-1.jpg,8,DW_NEG,6,DW_SIWE,False,0.7287342
/content/drive/MyDrive/DeepWeeds/dataset/20180119-114110-2.jpg,8,DW_NEG,8,DW_NEG,True,0.8522924
/content/drive/MyDrive/DeepWeeds/dataset/20180119-114131-2.jpg,8,DW_NEG,8,DW_NEG,True,0.7400265
/content/drive/MyDrive/DeepWeeds/dataset/20180119-114239-1.jpg,8,DW_NEG,1,DW_LANT,False,0.85370076
/content/drive/MyDrive/DeepWeeds/dataset/20180119-114305-1.jpg,8,DW_NEG,1,DW_LANT,False,0.35816327
/content/drive/MyDrive/DeepWeeds/dataset/20180119-114416-2.jpg,8,DW_NEG,8,DW_NEG,True,0.54828143
/content/drive/MyDrive/DeepWeeds/dataset/20180119-114446-2.jpg,8,DW_NEG,8,DW_NEG,True,0.6907114
/content/drive/MyDrive/DeepWeeds/dataset/20180119-114516-1.jpg,8,DW_NEG,8,DW_NEG,True,0.84525377
/content/drive/MyDrive/DeepWeeds/dataset/20180119-114533-1.jpg,8,DW_NEG,8,DW_NEG,True,0.98227525
/content/drive/MyDrive/DeepWeeds/dataset/20180119-114649-1.jpg,8,DW_NEG,8,DW_NEG,True,0.9230387
/content/drive/MyDrive/DeepWeeds/dataset/20180119-114718-1.jpg,8,DW_NEG,8,DW_NEG,True,0.9358468
/content/drive/MyDrive/DeepWeeds/dataset/20180119-114801-2.jpg,8,DW_NEG,8,DW_NEG,True,0.5388903
/content/drive/MyDrive/DeepWeeds/dataset/20180119-114837-2.jpg,8,DW_NEG,8,DW_NEG,True,0.6465342
/content/drive/MyDrive/DeepWeeds/dataset/20180119-114910-1.jpg,8,DW_NEG,8,DW_NEG,True,0.9318538
/content/drive/MyDrive/DeepWeeds/dataset/20180119-114943-1.jpg,8,DW_NEG,7,DW_SNWE,False,0.5643728
/content/drive/MyDrive/DeepWeeds/dataset/20180119-115013-2.jpg,8,DW_NEG,8,DW_NEG,True,0.99725765
/content/drive/MyDrive/DeepWeeds/dataset/20180119-115052-1.jpg,8,DW_NEG,8,DW_NEG,True,0.74382657
/content/drive/MyDrive/DeepWeeds/dataset/20180119-115120-1.jpg,8,DW_NEG,6,DW_SIWE,False,0.4516104
/content/drive/MyDrive/DeepWeeds/dataset/20180119-115155-2.jpg,8,DW_NEG,0,DW_CHAP,False,0.6335594
/content/drive/MyDrive/DeepWeeds/dataset/20180119-115240-2.jpg,8,DW_NEG,8,DW_NEG,True,0.74558985
/content/drive/MyDrive/DeepWeeds/dataset/20180119-115303-1.jpg,8,DW_NEG,8,DW_NEG,True,0.52779883
/content/drive/MyDrive/DeepWeeds/dataset/20180119-115352-2.jpg,8,DW_NEG,7,DW_SNWE,False,0.43529448
/content/drive/MyDrive/DeepWeeds/dataset/20180119-115404-1.jpg,8,DW_NEG,8,DW_NEG,True,0.87779456
/content/drive/MyDrive/DeepWeeds/dataset/20180119-115412-1.jpg,8,DW_NEG,8,DW_NEG,True,0.6305151
/content/drive/MyDrive/DeepWeeds/dataset/20180119-115455-2.jpg,8,DW_NEG,8,DW_NEG,True,0.77288884
/content/drive/MyDrive/DeepWeeds/dataset/20180119-115514-2.jpg,8,DW_NEG,8,DW_NEG,True,0.44522145
/content/drive/MyDrive/DeepWeeds/dataset/20180119-115546-1.jpg,8,DW_NEG,8,DW_NEG,True,0.3953433
/content/drive/MyDrive/DeepWeeds/dataset/20180119-115613-1.jpg,8,DW_NEG,6,DW_SIWE,False,0.80987996
/content/drive/MyDrive/DeepWeeds/dataset/20180119-115613-2.jpg,8,DW_NEG,8,DW_NEG,True,0.8411299
/content/drive/MyDrive/DeepWeeds/dataset/20180119-115649-2.jpg,8,DW_NEG,5,DW_RUBV,False,0.5008153
/content/drive/MyDrive/DeepWeeds/dataset/20180125-090927-1.jpg,8,DW_NEG,8,DW_NEG,True,0.99853265
/content/drive/MyDrive/DeepWeeds/dataset/20180125-090952-1.jpg,8,DW_NEG,8,DW_NEG,True,0.96671057
/content/drive/MyDrive/DeepWeeds/dataset/20180125-091151-1.jpg,8,DW_NEG,8,DW_NEG,True,0.9984824
/content/drive/MyDrive/DeepWeeds/dataset/20180125-091252-2.jpg,8,DW_NEG,8,DW_NEG,True,0.9857982
/content/drive/MyDrive/DeepWeeds/dataset/20180125-091313-2.jpg,8,DW_NEG,8,DW_NEG,True,0.99944776
/content/drive/MyDrive/DeepWeeds/dataset/20180125-091342-1.jpg,8,DW_NEG,8,DW_NEG,True,0.9755132
/content/drive/MyDrive/DeepWeeds/dataset/20180125-091412-1.jpg,8,DW_NEG,8,DW_NEG,True,0.9952809
/content/drive/MyDrive/DeepWeeds/dataset/20180125-091440-2.jpg,8,DW_NEG,8,DW_NEG,True,0.99917454
/content/drive/MyDrive/DeepWeeds/dataset/20180125-091454-1.jpg,8,DW_NEG,8,DW_NEG,True,0.9785411
/content/drive/MyDrive/DeepWeeds/dataset/20180125-091537-1.jpg,8,DW_NEG,8,DW_NEG,True,0.9878341
/content/drive/MyDrive/DeepWeeds/dataset/20180125-091550-2.jpg,8,DW_NEG,8,DW_NEG,True,0.91454
/content/drive/MyDrive/DeepWeeds/dataset/20180125-091609-2.jpg,8,DW_NEG,8,DW_NEG,True,0.99748695
/content/drive/MyDrive/DeepWeeds/dataset/20180125-091649-2.jpg,8,DW_NEG,8,DW_NEG,True,0.92208666
/content/drive/MyDrive/DeepWeeds/dataset/20180125-091742-2.jpg,8,DW_NEG,8,DW_NEG,True,0.99043393
/content/drive/MyDrive/DeepWeeds/dataset/20180125-091831-2.jpg,8,DW_NEG,4,DW_PRAC,False,0.5579237
/content/drive/MyDrive/DeepWeeds/dataset/20180125-091855-2.jpg,8,DW_NEG,8,DW_NEG,True,0.94376194
/content/drive/MyDrive/DeepWeeds/dataset/20180125-091936-1.jpg,8,DW_NEG,8,DW_NEG,True,0.9848785
/content/drive/MyDrive/DeepWeeds/dataset/20180125-091956-2.jpg,8,DW_NEG,8,DW_NEG,True,0.98592293
/content/drive/MyDrive/DeepWeeds/dataset/20180125-092037-2.jpg,8,DW_NEG,8,DW_NEG,True,0.95173895
/content/drive/MyDrive/DeepWeeds/dataset/20180125-092100-2.jpg,8,DW_NEG,8,DW_NEG,True,0.8231568
/content/drive/MyDrive/DeepWeeds/dataset/20180125-092118-2.jpg,8,DW_NEG,8,DW_NEG,True,0.76830834
/content/drive/MyDrive/DeepWeeds/dataset/20180125-092209-2.jpg,8,DW_NEG,8,DW_NEG,True,0.99816006
/content/drive/MyDrive/DeepWeeds/dataset/20180125-092215-1.jpg,8,DW_NEG,8,DW_NEG,True,0.9910584
/content/drive/MyDrive/DeepWeeds/dataset/20180125-092243-1.jpg,8,DW_NEG,8,DW_NEG,True,0.9865904
/content/drive/MyDrive/DeepWeeds/dataset/20180125-092311-2.jpg,8,DW_NEG,8,DW_NEG,True,0.9927262
/content/drive/MyDrive/DeepWeeds/dataset/20180125-092355-2.jpg,8,DW_NEG,8,DW_NEG,True,0.9044864
/content/drive/MyDrive/DeepWeeds/dataset/20180125-092422-1.jpg,8,DW_NEG,3,DW_PART,False,0.7251246
/content/drive/MyDrive/DeepWeeds/dataset/20180125-092521-2.jpg,8,DW_NEG,2,DW_PARK,False,0.8298239
/content/drive/MyDrive/DeepWeeds/dataset/20180125-092639-1.jpg,8,DW_NEG,8,DW_NEG,True,0.99846244
/content/drive/MyDrive/DeepWeeds/dataset/20180125-092712-2.jpg,8,DW_NEG,8,DW_NEG,True,0.9819931
/content/drive/MyDrive/DeepWeeds/dataset/20180125-092745-1.jpg,8,DW_NEG,8,DW_NEG,True,0.9984864
/content/drive/MyDrive/DeepWeeds/dataset/20180125-092822-2.jpg,8,DW_NEG,8,DW_NEG,True,0.9634619
/content/drive/MyDrive/DeepWeeds/dataset/20180125-092901-1.jpg,8,DW_NEG,8,DW_NEG,True,0.9852443
/content/drive/MyDrive/DeepWeeds/dataset/20180125-092922-1.jpg,8,DW_NEG,8,DW_NEG,True,0.9867166
/content/drive/MyDrive/DeepWeeds/dataset/20180125-092944-1.jpg,8,DW_NEG,8,DW_NEG,True,0.97589296
/content/drive/MyDrive/DeepWeeds/dataset/20180125-093025-1.jpg,8,DW_NEG,8,DW_NEG,True,0.99214596
/content/drive/MyDrive/DeepWeeds/dataset/20180125-093107-2.jpg,8,DW_NEG,8,DW_NEG,True,0.9824295
/content/drive/MyDrive/DeepWeeds/dataset/20180125-093140-2.jpg,8,DW_NEG,8,DW_NEG,True,0.99980086
/content/drive/MyDrive/DeepWeeds/dataset/20180125-093202-1.jpg,8,DW_NEG,8,DW_NEG,True,0.999648
/content/drive/MyDrive/DeepWeeds/dataset/20180125-093233-2.jpg,8,DW_NEG,8,DW_NEG,True,0.6347829
/content/drive/MyDrive/DeepWeeds/dataset/20180125-093306-1.jpg,8,DW_NEG,8,DW_NEG,True,0.99887747
/content/drive/MyDrive/DeepWeeds/dataset/20180125-093357-1.jpg,8,DW_NEG,8,DW_NEG,True,0.978766
/content/drive/MyDrive/DeepWeeds/dataset/20180125-093429-2.jpg,8,DW_NEG,8,DW_NEG,True,0.9836907
/content/drive/MyDrive/DeepWeeds/dataset/20180125-093504-1.jpg,8,DW_NEG,8,DW_NEG,True,0.4582094
/content/drive/MyDrive/DeepWeeds/dataset/20180125-093535-2.jpg,8,DW_NEG,8,DW_NEG,True,0.96077716
/content/drive/MyDrive/DeepWeeds/dataset/20180125-093623-2.jpg,8,DW_NEG,8,DW_NEG,True,0.9784767
/content/drive/MyDrive/DeepWeeds/dataset/20180125-093659-2.jpg,8,DW_NEG,8,DW_NEG,True,0.93942577
/content/drive/MyDrive/DeepWeeds/dataset/20180125-093721-2.jpg,8,DW_NEG,8,DW_NEG,True,0.81515205
/content/drive/MyDrive/DeepWeeds/dataset/20180125-093817-2.jpg,8,DW_NEG,8,DW_NEG,True,0.7419512
/content/drive/MyDrive/DeepWeeds/dataset/20180125-093851-2.jpg,8,DW_NEG,8,DW_NEG,True,0.886599
/content/drive/MyDrive/DeepWeeds/dataset/20180125-093935-1.jpg,8,DW_NEG,8,DW_NEG,True,0.97621745
/content/drive/MyDrive/DeepWeeds/dataset/20180125-093958-2.jpg,8,DW_NEG,8,DW_NEG,True,0.9590278
/content/drive/MyDrive/DeepWeeds/dataset/20180125-094030-1.jpg,8,DW_NEG,8,DW_NEG,True,0.9950257
/content/drive/MyDrive/DeepWeeds/dataset/20180125-094059-2.jpg,8,DW_NEG,8,DW_NEG,True,0.90825397
/content/drive/MyDrive/DeepWeeds/dataset/20180125-094141-2.jpg,8,DW_NEG,8,DW_NEG,True,0.8193555
/content/drive/MyDrive/DeepWeeds/dataset/20180125-094205-1.jpg,8,DW_NEG,8,DW_NEG,True,0.692164
/content/drive/MyDrive/DeepWeeds/dataset/20180125-094229-2.jpg,8,DW_NEG,8,DW_NEG,True,0.9942578
/content/drive/MyDrive/DeepWeeds/dataset/20180125-094259-1.jpg,8,DW_NEG,8,DW_NEG,True,0.5884223
/content/drive/MyDrive/DeepWeeds/dataset/20180125-094326-2.jpg,8,DW_NEG,8,DW_NEG,True,0.9022035
/content/drive/MyDrive/DeepWeeds/dataset/20180125-094400-1.jpg,8,DW_NEG,8,DW_NEG,True,0.8850736
/content/drive/MyDrive/DeepWeeds/dataset/20180125-094408-2.jpg,8,DW_NEG,8,DW_NEG,True,0.886039
/content/drive/MyDrive/DeepWeeds/dataset/20180125-094501-2.jpg,8,DW_NEG,8,DW_NEG,True,0.7559893
/content/drive/MyDrive/DeepWeeds/dataset/20180125-094825-1.jpg,8,DW_NEG,8,DW_NEG,True,0.96690774
/content/drive/MyDrive/DeepWeeds/dataset/20180125-094934-2.jpg,8,DW_NEG,8,DW_NEG,True,0.98646647
/content/drive/MyDrive/DeepWeeds/dataset/20180125-094949-1.jpg,8,DW_NEG,8,DW_NEG,True,0.7437271
/content/drive/MyDrive/DeepWeeds/dataset/20180125-095041-2.jpg,8,DW_NEG,8,DW_NEG,True,0.93111306
/content/drive/MyDrive/DeepWeeds/dataset/20180125-095050-2.jpg,8,DW_NEG,8,DW_NEG,True,0.9454488
/content/drive/MyDrive/DeepWeeds/dataset/20180125-095132-2.jpg,8,DW_NEG,8,DW_NEG,True,0.9005836
/content/drive/MyDrive/DeepWeeds/dataset/20180125-095134-1.jpg,8,DW_NEG,8,DW_NEG,True,0.99740714
/content/drive/MyDrive/DeepWeeds/dataset/20180125-095232-2.jpg,8,DW_NEG,8,DW_NEG,True,0.75302213
/content/drive/MyDrive/DeepWeeds/dataset/20180125-095258-1.jpg,8,DW_NEG,8,DW_NEG,True,0.9752783
/content/drive/MyDrive/DeepWeeds/dataset/20180125-095308-1.jpg,8,DW_NEG,8,DW_NEG,True,0.9843072
/content/drive/MyDrive/DeepWeeds/dataset/20180125-095400-2.jpg,8,DW_NEG,8,DW_NEG,True,0.7533725
/content/drive/MyDrive/DeepWeeds/dataset/20180125-095445-2.jpg,8,DW_NEG,8,DW_NEG,True,0.97459507
/content/drive/MyDrive/DeepWeeds/dataset/20180125-095541-2.jpg,8,DW_NEG,8,DW_NEG,True,0.9864879
/content/drive/MyDrive/DeepWeeds/dataset/20180125-095559-2.jpg,8,DW_NEG,8,DW_NEG,True,0.993167
/content/drive/MyDrive/DeepWeeds/dataset/20180125-095644-1.jpg,8,DW_NEG,8,DW_NEG,True,0.95016086
/content/drive/MyDrive/DeepWeeds/dataset/20180125-095715-1.jpg,8,DW_NEG,8,DW_NEG,True,0.9996897
/content/drive/MyDrive/DeepWeeds/dataset/20180125-095732-2.jpg,8,DW_NEG,8,DW_NEG,True,0.9406906
/content/drive/MyDrive/DeepWeeds/dataset/20180125-095801-2.jpg,8,DW_NEG,8,DW_NEG,True,0.9957898
/content/drive/MyDrive/DeepWeeds/dataset/20180125-095833-2.jpg,8,DW_NEG,8,DW_NEG,True,0.99925345
/content/drive/MyDrive/DeepWeeds/dataset/20180125-095855-1.jpg,8,DW_NEG,8,DW_NEG,True,0.5771163
/content/drive/MyDrive/DeepWeeds/dataset/20180125-095929-1.jpg,8,DW_NEG,8,DW_NEG,True,0.90481657
/content/drive/MyDrive/DeepWeeds/dataset/20180125-100003-1.jpg,8,DW_NEG,6,DW_SIWE,False,0.6449572
/content/drive/MyDrive/DeepWeeds/dataset/20180125-100037-2.jpg,8,DW_NEG,8,DW_NEG,True,0.989382
/content/drive/MyDrive/DeepWeeds/dataset/20180125-100125-1.jpg,8,DW_NEG,8,DW_NEG,True,0.99828607
/content/drive/MyDrive/DeepWeeds/dataset/20180125-100158-2.jpg,8,DW_NEG,3,DW_PART,False,0.74863887
/content/drive/MyDrive/DeepWeeds/dataset/20180125-100234-2.jpg,8,DW_NEG,5,DW_RUBV,False,0.95507663
/content/drive/MyDrive/DeepWeeds/dataset/20180125-100317-2.jpg,8,DW_NEG,3,DW_PART,False,0.53356576
/content/drive/MyDrive/DeepWeeds/dataset/20180125-100345-2.jpg,8,DW_NEG,5,DW_RUBV,False,0.87992036
/content/drive/MyDrive/DeepWeeds/dataset/20180125-100425-1.jpg,8,DW_NEG,8,DW_NEG,True,0.9859607
/content/drive/MyDrive/DeepWeeds/dataset/20180125-100444-2.jpg,8,DW_NEG,5,DW_RUBV,False,0.4546284
/content/drive/MyDrive/DeepWeeds/dataset/20180125-100508-1.jpg,8,DW_NEG,8,DW_NEG,True,0.935944
/content/drive/MyDrive/DeepWeeds/dataset/20180125-100545-1.jpg,8,DW_NEG,8,DW_NEG,True,0.9984818
/content/drive/MyDrive/DeepWeeds/dataset/20180125-100620-2.jpg,8,DW_NEG,8,DW_NEG,True,0.95757455
/content/drive/MyDrive/DeepWeeds/dataset/20180125-100640-1.jpg,8,DW_NEG,8,DW_NEG,True,0.9634372
/content/drive/MyDrive/DeepWeeds/dataset/20180125-100726-2.jpg,8,DW_NEG,8,DW_NEG,True,0.989094
/content/drive/MyDrive/DeepWeeds/dataset/20180125-100736-2.jpg,8,DW_NEG,8,DW_NEG,True,0.99898356
/content/drive/MyDrive/DeepWeeds/dataset/20180125-100826-2.jpg,8,DW_NEG,8,DW_NEG,True,0.96855986
/content/drive/MyDrive/DeepWeeds/dataset/20180125-100907-1.jpg,8,DW_NEG,8,DW_NEG,True,0.9973935
/content/drive/MyDrive/DeepWeeds/dataset/20180125-100950-1.jpg,8,DW_NEG,8,DW_NEG,True,0.97945446
/content/drive/MyDrive/DeepWeeds/dataset/20180125-101006-2.jpg,8,DW_NEG,3,DW_PART,False,0.54868305
/content/drive/MyDrive/DeepWeeds/dataset/20180125-101053-2.jpg,8,DW_NEG,8,DW_NEG,True,0.9669825
/content/drive/MyDrive/DeepWeeds/dataset/20180125-101111-2.jpg,8,DW_NEG,8,DW_NEG,True,0.99780184
/content/drive/MyDrive/DeepWeeds/dataset/20180125-101152-2.jpg,8,DW_NEG,8,DW_NEG,True,0.99805176
/content/drive/MyDrive/DeepWeeds/dataset/20180125-101251-2.jpg,8,DW_NEG,8,DW_NEG,True,0.6127989
/content/drive/MyDrive/DeepWeeds/dataset/20180125-101302-1.jpg,8,DW_NEG,8,DW_NEG,True,0.9865556
/content/drive/MyDrive/DeepWeeds/dataset/20180125-101402-2.jpg,8,DW_NEG,8,DW_NEG,True,0.93147266
/content/drive/MyDrive/DeepWeeds/dataset/20180125-101406-1.jpg,8,DW_NEG,8,DW_NEG,True,0.84112424
/content/drive/MyDrive/DeepWeeds/dataset/20180125-101625-1.jpg,8,DW_NEG,8,DW_NEG,True,0.45944875
/content/drive/MyDrive/DeepWeeds/dataset/20180125-101659-2.jpg,8,DW_NEG,8,DW_NEG,True,0.96028435
/content/drive/MyDrive/DeepWeeds/dataset/20180125-101748-2.jpg,8,DW_NEG,8,DW_NEG,True,0.92740947
/content/drive/MyDrive/DeepWeeds/dataset/20180125-101858-1.jpg,8,DW_NEG,8,DW_NEG,True,0.5843336
/content/drive/MyDrive/DeepWeeds/dataset/20180125-101917-1.jpg,8,DW_NEG,8,DW_NEG,True,0.93000954
/content/drive/MyDrive/DeepWeeds/dataset/20180125-102010-2.jpg,8,DW_NEG,8,DW_NEG,True,0.97520554
/content/drive/MyDrive/DeepWeeds/dataset/20180125-102044-1.jpg,8,DW_NEG,5,DW_RUBV,False,0.62970144
/content/drive/MyDrive/DeepWeeds/dataset/20180125-102104-1.jpg,8,DW_NEG,8,DW_NEG,True,0.9080811
/content/drive/MyDrive/DeepWeeds/dataset/20180125-102143-1.jpg,8,DW_NEG,5,DW_RUBV,False,0.8100924
/content/drive/MyDrive/DeepWeeds/dataset/20180125-123133-2.jpg,8,DW_NEG,6,DW_SIWE,False,0.6340816
/content/drive/MyDrive/DeepWeeds/dataset/20180125-123305-2.jpg,8,DW_NEG,8,DW_NEG,True,0.9692357
/content/drive/MyDrive/DeepWeeds/dataset/20180125-125759-2.jpg,8,DW_NEG,8,DW_NEG,True,0.73020935
/content/drive/MyDrive/DeepWeeds/dataset/20180125-125843-2.jpg,8,DW_NEG,8,DW_NEG,True,0.91863006
/content/drive/MyDrive/DeepWeeds/dataset/20180125-125934-3.jpg,8,DW_NEG,8,DW_NEG,True,0.9807693
/content/drive/MyDrive/DeepWeeds/dataset/20180125-125955-2.jpg,8,DW_NEG,8,DW_NEG,True,0.9354786
/content/drive/MyDrive/DeepWeeds/dataset/20180125-130045-2.jpg,8,DW_NEG,8,DW_NEG,True,0.7250813
/content/drive/MyDrive/DeepWeeds/dataset/20180125-130106-3.jpg,8,DW_NEG,8,DW_NEG,True,0.7505135
/content/drive/MyDrive/DeepWeeds/dataset/20180125-130149-2.jpg,8,DW_NEG,8,DW_NEG,True,0.81368536
/content/drive/MyDrive/DeepWeeds/dataset/20180125-130209-2.jpg,8,DW_NEG,8,DW_NEG,True,0.74152005
/content/drive/MyDrive/DeepWeeds/dataset/20180125-130254-3.jpg,8,DW_NEG,6,DW_SIWE,False,0.5437891
/content/drive/MyDrive/DeepWeeds/dataset/20180125-130301-3.jpg,8,DW_NEG,1,DW_LANT,False,0.9750059
/content/drive/MyDrive/DeepWeeds/dataset/20180125-130342-2.jpg,8,DW_NEG,8,DW_NEG,True,0.89814955
/content/drive/MyDrive/DeepWeeds/dataset/20180125-130359-3.jpg,8,DW_NEG,1,DW_LANT,False,0.5938075
/content/drive/MyDrive/DeepWeeds/dataset/20180125-130415-3.jpg,8,DW_NEG,3,DW_PART,False,0.74361265
/content/drive/MyDrive/DeepWeeds/dataset/20180125-130453-3.jpg,8,DW_NEG,8,DW_NEG,True,0.4993402
/content/drive/MyDrive/DeepWeeds/dataset/20180125-130522-3.jpg,8,DW_NEG,7,DW_SNWE,False,0.47451264
/content/drive/MyDrive/DeepWeeds/dataset/20180125-130938-2.jpg,8,DW_NEG,8,DW_NEG,True,0.9074251
/content/drive/MyDrive/DeepWeeds/dataset/20180125-131046-3.jpg,8,DW_NEG,8,DW_NEG,True,0.87858164
/content/drive/MyDrive/DeepWeeds/dataset/20180125-131050-2.jpg,8,DW_NEG,8,DW_NEG,True,0.98956925
/content/drive/MyDrive/DeepWeeds/dataset/20180125-131121-2.jpg,8,DW_NEG,8,DW_NEG,True,0.9813767
/content/drive/MyDrive/DeepWeeds/dataset/20180125-131150-3.jpg,8,DW_NEG,1,DW_LANT,False,0.54950947
/content/drive/MyDrive/DeepWeeds/dataset/20180125-131150-2.jpg,8,DW_NEG,8,DW_NEG,True,0.7772116
/content/drive/MyDrive/DeepWeeds/dataset/20180125-131215-3.jpg,8,DW_NEG,8,DW_NEG,True,0.93966234
/content/drive/MyDrive/DeepWeeds/dataset/20180125-131248-3.jpg,8,DW_NEG,8,DW_NEG,True,0.8023922
/content/drive/MyDrive/DeepWeeds/dataset/20180125-131323-3.jpg,8,DW_NEG,8,DW_NEG,True,0.40236652
/content/drive/MyDrive/DeepWeeds/dataset/20180125-131358-3.jpg,8,DW_NEG,8,DW_NEG,True,0.44225284
/content/drive/MyDrive/DeepWeeds/dataset/20180125-131432-2.jpg,8,DW_NEG,8,DW_NEG,True,0.86372656
/content/drive/MyDrive/DeepWeeds/dataset/20180125-131503-2.jpg,8,DW_NEG,8,DW_NEG,True,0.8688669
/content/drive/MyDrive/DeepWeeds/dataset/20180125-131545-2.jpg,8,DW_NEG,8,DW_NEG,True,0.88522685
/content/drive/MyDrive/DeepWeeds/dataset/20180125-131604-3.jpg,8,DW_NEG,1,DW_LANT,False,0.6298834
/content/drive/MyDrive/DeepWeeds/dataset/20180125-131634-2.jpg,8,DW_NEG,8,DW_NEG,True,0.9281181
/content/drive/MyDrive/DeepWeeds/dataset/20180125-131707-2.jpg,8,DW_NEG,8,DW_NEG,True,0.70478976
/content/drive/MyDrive/DeepWeeds/dataset/20180125-131723-3.jpg,8,DW_NEG,8,DW_NEG,True,0.6337887
/content/drive/MyDrive/DeepWeeds/dataset/20180125-131822-2.jpg,8,DW_NEG,8,DW_NEG,True,0.6969781
/content/drive/MyDrive/DeepWeeds/dataset/20180125-131905-2.jpg,8,DW_NEG,8,DW_NEG,True,0.8524109
/content/drive/MyDrive/DeepWeeds/dataset/20180125-131912-3.jpg,8,DW_NEG,4,DW_PRAC,False,0.4152449
/content/drive/MyDrive/DeepWeeds/dataset/20180125-131950-2.jpg,8,DW_NEG,8,DW_NEG,True,0.91988087
/content/drive/MyDrive/DeepWeeds/dataset/20180125-132037-2.jpg,8,DW_NEG,8,DW_NEG,True,0.822362
/content/drive/MyDrive/DeepWeeds/dataset/20180125-132051-3.jpg,8,DW_NEG,1,DW_LANT,False,0.6519827
/content/drive/MyDrive/DeepWeeds/dataset/20180125-132122-2.jpg,8,DW_NEG,8,DW_NEG,True,0.8235455
/content/drive/MyDrive/DeepWeeds/dataset/20180125-132159-2.jpg,8,DW_NEG,8,DW_NEG,True,0.9916524
/content/drive/MyDrive/DeepWeeds/dataset/20180125-132200-3.jpg,8,DW_NEG,7,DW_SNWE,False,0.50751597
/content/drive/MyDrive/DeepWeeds/dataset/20180125-132309-3.jpg,8,DW_NEG,6,DW_SIWE,False,0.5231201
/content/drive/MyDrive/DeepWeeds/dataset/20180125-132309-2.jpg,8,DW_NEG,8,DW_NEG,True,0.5789693
/content/drive/MyDrive/DeepWeeds/dataset/20180125-132332-3.jpg,8,DW_NEG,1,DW_LANT,False,0.88684064
/content/drive/MyDrive/DeepWeeds/dataset/20180125-132416-3.jpg,8,DW_NEG,6,DW_SIWE,False,0.86271507
/content/drive/MyDrive/DeepWeeds/dataset/20180125-132440-3.jpg,8,DW_NEG,8,DW_NEG,True,0.8853633
/content/drive/MyDrive/DeepWeeds/dataset/20180125-132508-2.jpg,8,DW_NEG,8,DW_NEG,True,0.82287455
/content/drive/MyDrive/DeepWeeds/dataset/20180125-132605-2.jpg,8,DW_NEG,8,DW_NEG,True,0.94365925
/content/drive/MyDrive/DeepWeeds/dataset/20180125-132622-3.jpg,8,DW_NEG,8,DW_NEG,True,0.74436975
/content/drive/MyDrive/DeepWeeds/dataset/20180125-132718-3.jpg,8,DW_NEG,6,DW_SIWE,False,0.99613523
/content/drive/MyDrive/DeepWeeds/dataset/20180125-132815-2.jpg,8,DW_NEG,8,DW_NEG,True,0.87744045
/content/drive/MyDrive/DeepWeeds/dataset/20180125-132847-3.jpg,8,DW_NEG,2,DW_PARK,False,0.40468928
/content/drive/MyDrive/DeepWeeds/dataset/20180125-132847-2.jpg,8,DW_NEG,8,DW_NEG,True,0.59113985
/content/drive/MyDrive/DeepWeeds/dataset/20180125-132908-3.jpg,8,DW_NEG,8,DW_NEG,True,0.85002846
/content/drive/MyDrive/DeepWeeds/dataset/20180125-132956-2.jpg,8,DW_NEG,8,DW_NEG,True,0.90873224
/content/drive/MyDrive/DeepWeeds/dataset/20180125-133054-2.jpg,8,DW_NEG,8,DW_NEG,True,0.9587651
/content/drive/MyDrive/DeepWeeds/dataset/20180125-133127-2.jpg,8,DW_NEG,8,DW_NEG,True,0.915797
/content/drive/MyDrive/DeepWeeds/dataset/20180125-133152-3.jpg,8,DW_NEG,1,DW_LANT,False,0.83363223
/content/drive/MyDrive/DeepWeeds/dataset/20180125-133246-2.jpg,8,DW_NEG,8,DW_NEG,True,0.76263076
/content/drive/MyDrive/DeepWeeds/dataset/20180125-133315-2.jpg,8,DW_NEG,8,DW_NEG,True,0.9475589
/content/drive/MyDrive/DeepWeeds/dataset/20180125-133357-2.jpg,8,DW_NEG,8,DW_NEG,True,0.5706522
/content/drive/MyDrive/DeepWeeds/dataset/20180125-133523-2.jpg,8,DW_NEG,8,DW_NEG,True,0.9693477
/content/drive/MyDrive/DeepWeeds/dataset/20180125-133822-3.jpg,8,DW_NEG,1,DW_LANT,False,0.48239788
/content/drive/MyDrive/DeepWeeds/dataset/20180125-133857-3.jpg,8,DW_NEG,6,DW_SIWE,False,0.5765903
/content/drive/MyDrive/DeepWeeds/dataset/20180125-133946-3.jpg,8,DW_NEG,8,DW_NEG,True,0.52612275
/content/drive/MyDrive/DeepWeeds/dataset/20180125-134042-3.jpg,8,DW_NEG,7,DW_SNWE,False,0.5400034
/content/drive/MyDrive/DeepWeeds/dataset/20180125-134055-3.jpg,8,DW_NEG,6,DW_SIWE,False,0.6498176
/content/drive/MyDrive/DeepWeeds/dataset/20180125-134204-2.jpg,8,DW_NEG,8,DW_NEG,True,0.91469854
/content/drive/MyDrive/DeepWeeds/dataset/20180125-134215-2.jpg,8,DW_NEG,8,DW_NEG,True,0.7386298
/content/drive/MyDrive/DeepWeeds/dataset/20180125-134245-3.jpg,8,DW_NEG,8,DW_NEG,True,0.73321086
/content/drive/MyDrive/DeepWeeds/dataset/20180125-134255-3.jpg,8,DW_NEG,8,DW_NEG,True,0.73538655
/content/drive/MyDrive/DeepWeeds/dataset/20180125-134338-2.jpg,8,DW_NEG,8,DW_NEG,True,0.90579957
/content/drive/MyDrive/DeepWeeds/dataset/20180125-134356-2.jpg,8,DW_NEG,8,DW_NEG,True,0.70942295
/content/drive/MyDrive/DeepWeeds/dataset/20180125-134446-3.jpg,8,DW_NEG,8,DW_NEG,True,0.62680095
/content/drive/MyDrive/DeepWeeds/dataset/20180125-134531-3.jpg,8,DW_NEG,8,DW_NEG,True,0.3408344
/content/drive/MyDrive/DeepWeeds/dataset/20180125-134612-2.jpg,8,DW_NEG,8,DW_NEG,True,0.64977777
/content/drive/MyDrive/DeepWeeds/dataset/20180125-134635-3.jpg,8,DW_NEG,8,DW_NEG,True,0.36639264
/content/drive/MyDrive/DeepWeeds/dataset/20180125-134710-3.jpg,8,DW_NEG,8,DW_NEG,True,0.5562126
/content/drive/MyDrive/DeepWeeds/dataset/20180125-134736-2.jpg,8,DW_NEG,8,DW_NEG,True,0.4662901
/content/drive/MyDrive/DeepWeeds/dataset/20180125-134837-3.jpg,8,DW_NEG,1,DW_LANT,False,0.41878468
/content/drive/MyDrive/DeepWeeds/dataset/20180125-134909-3.jpg,8,DW_NEG,7,DW_SNWE,False,0.3583107
/content/drive/MyDrive/DeepWeeds/dataset/20180125-134928-3.jpg,8,DW_NEG,4,DW_PRAC,False,0.7913245
/content/drive/MyDrive/DeepWeeds/dataset/20180125-135018-3.jpg,8,DW_NEG,8,DW_NEG,True,0.90056646
/content/drive/MyDrive/DeepWeeds/dataset/20180125-135107-3.jpg,8,DW_NEG,8,DW_NEG,True,0.36043212
/content/drive/MyDrive/DeepWeeds/dataset/20180125-135122-3.jpg,8,DW_NEG,8,DW_NEG,True,0.4050283
/content/drive/MyDrive/DeepWeeds/dataset/20180125-135154-3.jpg,8,DW_NEG,4,DW_PRAC,False,0.9203489
/content/drive/MyDrive/DeepWeeds/dataset/20180125-135211-3.jpg,8,DW_NEG,8,DW_NEG,True,0.702751
/content/drive/MyDrive/DeepWeeds/dataset/20180125-135306-3.jpg,8,DW_NEG,8,DW_NEG,True,0.6644237
/content/drive/MyDrive/DeepWeeds/dataset/20180125-135417-3.jpg,8,DW_NEG,8,DW_NEG,True,0.65637666
/content/drive/MyDrive/DeepWeeds/dataset/20180125-135458-3.jpg,8,DW_NEG,4,DW_PRAC,False,0.6288269
/content/drive/MyDrive/DeepWeeds/dataset/20180125-135545-3.jpg,8,DW_NEG,8,DW_NEG,True,0.25879362
/content/drive/MyDrive/DeepWeeds/dataset/20180125-135642-3.jpg,8,DW_NEG,8,DW_NEG,True,0.54645294
/content/drive/MyDrive/DeepWeeds/dataset/20180125-135700-3.jpg,8,DW_NEG,4,DW_PRAC,False,0.6403909
/content/drive/MyDrive/DeepWeeds/dataset/20180322-102450-2.jpg,8,DW_NEG,8,DW_NEG,True,0.9034684
/content/drive/MyDrive/DeepWeeds/dataset/20180322-102724-1.jpg,8,DW_NEG,8,DW_NEG,True,0.93574387
/content/drive/MyDrive/DeepWeeds/dataset/20180322-102756-2.jpg,8,DW_NEG,8,DW_NEG,True,0.5810386
/content/drive/MyDrive/DeepWeeds/dataset/20180322-102908-1.jpg,8,DW_NEG,2,DW_PARK,False,0.7210919
/content/drive/MyDrive/DeepWeeds/dataset/20180322-102956-1.jpg,8,DW_NEG,8,DW_NEG,True,0.9425665
/content/drive/MyDrive/DeepWeeds/dataset/20180322-103028-1.jpg,8,DW_NEG,8,DW_NEG,True,0.8262788
/content/drive/MyDrive/DeepWeeds/dataset/20180322-103048-1.jpg,8,DW_NEG,8,DW_NEG,True,0.6895754
/content/drive/MyDrive/DeepWeeds/dataset/20180322-103155-1.jpg,8,DW_NEG,4,DW_PRAC,False,0.67481816
/content/drive/MyDrive/DeepWeeds/dataset/20180322-103225-1.jpg,8,DW_NEG,8,DW_NEG,True,0.7745936
/content/drive/MyDrive/DeepWeeds/dataset/20180322-103258-2.jpg,8,DW_NEG,8,DW_NEG,True,0.85055405
/content/drive/MyDrive/DeepWeeds/dataset/20180322-103330-1.jpg,8,DW_NEG,1,DW_LANT,False,0.3607775
/content/drive/MyDrive/DeepWeeds/dataset/20180322-103426-1.jpg,8,DW_NEG,8,DW_NEG,True,0.9486197
/content/drive/MyDrive/DeepWeeds/dataset/20180322-103509-2.jpg,8,DW_NEG,4,DW_PRAC,False,0.5063679
/content/drive/MyDrive/DeepWeeds/dataset/20180322-103643-2.jpg,8,DW_NEG,8,DW_NEG,True,0.8806724
/content/drive/MyDrive/DeepWeeds/dataset/20180322-103658-2.jpg,8,DW_NEG,8,DW_NEG,True,0.7506262
/content/drive/MyDrive/DeepWeeds/dataset/20180322-103820-1.jpg,8,DW_NEG,8,DW_NEG,True,0.35095054
/content/drive/MyDrive/DeepWeeds/dataset/20180322-103947-1.jpg,8,DW_NEG,4,DW_PRAC,False,0.60681677
/content/drive/MyDrive/DeepWeeds/dataset/20180322-103953-2.jpg,8,DW_NEG,8,DW_NEG,True,0.5340932
/content/drive/MyDrive/DeepWeeds/dataset/20180322-104016-2.jpg,8,DW_NEG,8,DW_NEG,True,0.9686233
/content/drive/MyDrive/DeepWeeds/dataset/20180322-104057-1.jpg,8,DW_NEG,8,DW_NEG,True,0.8910723
/content/drive/MyDrive/DeepWeeds/dataset/20180322-104126-1.jpg,8,DW_NEG,7,DW_SNWE,False,0.5987548
/content/drive/MyDrive/DeepWeeds/dataset/20180322-104201-1.jpg,8,DW_NEG,8,DW_NEG,True,0.4900224
/content/drive/MyDrive/DeepWeeds/dataset/20180322-104305-1.jpg,8,DW_NEG,8,DW_NEG,True,0.4781561
/content/drive/MyDrive/DeepWeeds/dataset/20180322-104325-2.jpg,8,DW_NEG,8,DW_NEG,True,0.85232437
/content/drive/MyDrive/DeepWeeds/dataset/20180322-104408-1.jpg,8,DW_NEG,8,DW_NEG,True,0.77708304
/content/drive/MyDrive/DeepWeeds/dataset/20180322-104408-2.jpg,8,DW_NEG,8,DW_NEG,True,0.7531284
/content/drive/MyDrive/DeepWeeds/dataset/20180322-104445-1.jpg,8,DW_NEG,8,DW_NEG,True,0.6608799
/content/drive/MyDrive/DeepWeeds/dataset/20180322-104556-1.jpg,8,DW_NEG,8,DW_NEG,True,0.97470844
/content/drive/MyDrive/DeepWeeds/dataset/20180322-104635-1.jpg,8,DW_NEG,7,DW_SNWE,False,0.4160821
/content/drive/MyDrive/DeepWeeds/dataset/20180322-104727-1.jpg,8,DW_NEG,8,DW_NEG,True,0.55678844
/content/drive/MyDrive/DeepWeeds/dataset/20180322-104839-1.jpg,8,DW_NEG,8,DW_NEG,True,0.4715875
/content/drive/MyDrive/DeepWeeds/dataset/20180322-104949-1.jpg,8,DW_NEG,7,DW_SNWE,False,0.6440406
/content/drive/MyDrive/DeepWeeds/dataset/20180322-105126-1.jpg,8,DW_NEG,5,DW_RUBV,False,0.59554607
/content/drive/MyDrive/DeepWeeds/dataset/20180322-105136-1.jpg,8,DW_NEG,8,DW_NEG,True,0.81652963
/content/drive/MyDrive/DeepWeeds/dataset/20180322-105321-1.jpg,8,DW_NEG,8,DW_NEG,True,0.34954405
/content/drive/MyDrive/DeepWeeds/dataset/20180322-105450-1.jpg,8,DW_NEG,8,DW_NEG,True,0.3108706
/content/drive/MyDrive/DeepWeeds/dataset/20180322-110736-2.jpg,8,DW_NEG,8,DW_NEG,True,0.9092895
/content/drive/MyDrive/DeepWeeds/dataset/20180322-110909-2.jpg,8,DW_NEG,8,DW_NEG,True,0.89797485
/content/drive/MyDrive/DeepWeeds/dataset/20180322-111001-2.jpg,8,DW_NEG,8,DW_NEG,True,0.92568874
/content/drive/MyDrive/DeepWeeds/dataset/20180322-111142-2.jpg,8,DW_NEG,8,DW_NEG,True,0.9458336
/content/drive/MyDrive/DeepWeeds/dataset/20180322-111339-2.jpg,8,DW_NEG,8,DW_NEG,True,0.9986155
/content/drive/MyDrive/DeepWeeds/dataset/20180322-111519-2.jpg,8,DW_NEG,8,DW_NEG,True,0.9974371
/content/drive/MyDrive/DeepWeeds/dataset/20180322-111636-2.jpg,8,DW_NEG,8,DW_NEG,True,0.9007818
/content/drive/MyDrive/DeepWeeds/dataset/20180322-111706-1.jpg,8,DW_NEG,8,DW_NEG,True,0.7680936
/content/drive/MyDrive/DeepWeeds/dataset/20180322-111737-1.jpg,8,DW_NEG,8,DW_NEG,True,0.9043557
/content/drive/MyDrive/DeepWeeds/dataset/20180322-111804-2.jpg,8,DW_NEG,8,DW_NEG,True,0.9849899
/content/drive/MyDrive/DeepWeeds/dataset/20180322-111927-1.jpg,8,DW_NEG,8,DW_NEG,True,0.95198435
/content/drive/MyDrive/DeepWeeds/dataset/20180322-112013-2.jpg,8,DW_NEG,8,DW_NEG,True,0.9565545
/content/drive/MyDrive/DeepWeeds/dataset/20180322-112105-1.jpg,8,DW_NEG,4,DW_PRAC,False,0.8590822
/content/drive/MyDrive/DeepWeeds/dataset/20180322-112127-2.jpg,8,DW_NEG,8,DW_NEG,True,0.89400625
/content/drive/MyDrive/DeepWeeds/dataset/20180322-112210-1.jpg,8,DW_NEG,8,DW_NEG,True,0.49247584
/content/drive/MyDrive/DeepWeeds/dataset/20180322-112301-2.jpg,8,DW_NEG,8,DW_NEG,True,0.9779319
/content/drive/MyDrive/DeepWeeds/dataset/20180322-112333-2.jpg,8,DW_NEG,8,DW_NEG,True,0.99704856
/content/drive/MyDrive/DeepWeeds/dataset/20180322-112348-2.jpg,8,DW_NEG,8,DW_NEG,True,0.7956774
/content/drive/MyDrive/DeepWeeds/dataset/20180322-112430-2.jpg,8,DW_NEG,8,DW_NEG,True,0.96947753
/content/drive/MyDrive/DeepWeeds/dataset/20180322-112503-2.jpg,8,DW_NEG,8,DW_NEG,True,0.44572675
/content/drive/MyDrive/DeepWeeds/dataset/20180322-112515-1.jpg,8,DW_NEG,8,DW_NEG,True,0.8154067
/content/drive/MyDrive/DeepWeeds/dataset/20180322-112532-2.jpg,8,DW_NEG,7,DW_SNWE,False,0.60913426
/content/drive/MyDrive/DeepWeeds/dataset/20180322-112555-1.jpg,8,DW_NEG,8,DW_NEG,True,0.9948539
/content/drive/MyDrive/DeepWeeds/dataset/20180322-112555-2.jpg,8,DW_NEG,8,DW_NEG,True,0.99822885
/content/drive/MyDrive/DeepWeeds/dataset/20180322-112640-2.jpg,8,DW_NEG,8,DW_NEG,True,0.50639427
/content/drive/MyDrive/DeepWeeds/dataset/20180322-112812-2.jpg,8,DW_NEG,8,DW_NEG,True,0.86309284
/content/drive/MyDrive/DeepWeeds/dataset/20180322-112836-2.jpg,8,DW_NEG,8,DW_NEG,True,0.9890449
/content/drive/MyDrive/DeepWeeds/dataset/20180322-112902-2.jpg,8,DW_NEG,8,DW_NEG,True,0.9540747
/content/drive/MyDrive/DeepWeeds/dataset/20180322-112924-2.jpg,8,DW_NEG,8,DW_NEG,True,0.9890181
/content/drive/MyDrive/DeepWeeds/dataset/20180322-112931-1.jpg,8,DW_NEG,8,DW_NEG,True,0.64789724
/content/drive/MyDrive/DeepWeeds/dataset/20180322-112931-2.jpg,8,DW_NEG,8,DW_NEG,True,0.8935362
/content/drive/MyDrive/DeepWeeds/dataset/20180322-113018-2.jpg,8,DW_NEG,8,DW_NEG,True,0.6038618
/content/drive/MyDrive/DeepWeeds/dataset/20180322-113031-2.jpg,8,DW_NEG,8,DW_NEG,True,0.8846489
/content/drive/MyDrive/DeepWeeds/dataset/20180322-113110-2.jpg,8,DW_NEG,8,DW_NEG,True,0.726283
/content/drive/MyDrive/DeepWeeds/dataset/20180322-113121-2.jpg,8,DW_NEG,8,DW_NEG,True,0.9686978
/content/drive/MyDrive/DeepWeeds/dataset/20180322-113150-1.jpg,8,DW_NEG,8,DW_NEG,True,0.98133576
/content/drive/MyDrive/DeepWeeds/dataset/20180322-113229-1.jpg,8,DW_NEG,8,DW_NEG,True,0.95661
/content/drive/MyDrive/DeepWeeds/dataset/20180322-113253-2.jpg,8,DW_NEG,8,DW_NEG,True,0.9259962
/content/drive/MyDrive/DeepWeeds/dataset/20180322-113325-2.jpg,8,DW_NEG,8,DW_NEG,True,0.79730016
/content/drive/MyDrive/DeepWeeds/dataset/20180322-113411-2.jpg,8,DW_NEG,8,DW_NEG,True,0.8668207
/content/drive/MyDrive/DeepWeeds/dataset/20180322-113444-1.jpg,8,DW_NEG,8,DW_NEG,True,0.9902064
/content/drive/MyDrive/DeepWeeds/dataset/20180322-113511-2.jpg,8,DW_NEG,8,DW_NEG,True,0.83267784
/content/drive/MyDrive/DeepWeeds/dataset/20180322-113527-1.jpg,8,DW_NEG,8,DW_NEG,True,0.9512369
/content/drive/MyDrive/DeepWeeds/dataset/20180322-113553-2.jpg,8,DW_NEG,8,DW_NEG,True,0.9671153
/content/drive/MyDrive/DeepWeeds/dataset/20180322-113636-2.jpg,8,DW_NEG,3,DW_PART,False,0.66890067
/content/drive/MyDrive/DeepWeeds/dataset/20180322-113656-2.jpg,8,DW_NEG,8,DW_NEG,True,0.7865504
/content/drive/MyDrive/DeepWeeds/dataset/20180322-113730-1.jpg,8,DW_NEG,8,DW_NEG,True,0.52443546
/content/drive/MyDrive/DeepWeeds/dataset/20180322-113745-2.jpg,8,DW_NEG,8,DW_NEG,True,0.9431945
/content/drive/MyDrive/DeepWeeds/dataset/20180322-113805-2.jpg,8,DW_NEG,8,DW_NEG,True,0.99136364
/content/drive/MyDrive/DeepWeeds/dataset/20180322-113829-2.jpg,8,DW_NEG,8,DW_NEG,True,0.87396693
/content/drive/MyDrive/DeepWeeds/dataset/20180322-113857-1.jpg,8,DW_NEG,8,DW_NEG,True,0.8605751
/content/drive/MyDrive/DeepWeeds/dataset/20180322-113943-2.jpg,8,DW_NEG,8,DW_NEG,True,0.7873932
/content/drive/MyDrive/DeepWeeds/dataset/20180322-114006-2.jpg,8,DW_NEG,3,DW_PART,False,0.8655683
/content/drive/MyDrive/DeepWeeds/dataset/20180322-114043-1.jpg,8,DW_NEG,8,DW_NEG,True,0.7358814
/content/drive/MyDrive/DeepWeeds/dataset/20180322-114111-2.jpg,8,DW_NEG,1,DW_LANT,False,0.47696117
/content/drive/MyDrive/DeepWeeds/dataset/20180322-114139-1.jpg,8,DW_NEG,8,DW_NEG,True,0.99730825
/content/drive/MyDrive/DeepWeeds/dataset/20180322-114250-2.jpg,8,DW_NEG,8,DW_NEG,True,0.4208098
/content/drive/MyDrive/DeepWeeds/dataset/20180322-114327-1.jpg,8,DW_NEG,8,DW_NEG,True,0.99147016
/content/drive/MyDrive/DeepWeeds/dataset/20180322-114403-2.jpg,8,DW_NEG,8,DW_NEG,True,0.97975814
/content/drive/MyDrive/DeepWeeds/dataset/20180322-114418-1.jpg,8,DW_NEG,8,DW_NEG,True,0.99499243
/content/drive/MyDrive/DeepWeeds/dataset/20180322-114503-1.jpg,8,DW_NEG,8,DW_NEG,True,0.87631595
/content/drive/MyDrive/DeepWeeds/dataset/20180322-114535-2.jpg,8,DW_NEG,8,DW_NEG,True,0.72912204
/content/drive/MyDrive/DeepWeeds/dataset/20180322-114628-2.jpg,8,DW_NEG,8,DW_NEG,True,0.5684414
/content/drive/MyDrive/DeepWeeds/dataset/20180322-114702-1.jpg,8,DW_NEG,8,DW_NEG,True,0.81865716
/content/drive/MyDrive/DeepWeeds/dataset/20180322-114721-2.jpg,8,DW_NEG,8,DW_NEG,True,0.52194023
/content/drive/MyDrive/DeepWeeds/dataset/20180322-114744-2.jpg,8,DW_NEG,2,DW_PARK,False,0.92715055
/content/drive/MyDrive/DeepWeeds/dataset/20180322-114821-1.jpg,8,DW_NEG,8,DW_NEG,True,0.9953205
/content/drive/MyDrive/DeepWeeds/dataset/20180322-114927-2.jpg,8,DW_NEG,7,DW_SNWE,False,0.5682161
/content/drive/MyDrive/DeepWeeds/dataset/20180322-115015-2.jpg,8,DW_NEG,8,DW_NEG,True,0.90013534
/content/drive/MyDrive/DeepWeeds/dataset/20180322-115108-1.jpg,8,DW_NEG,8,DW_NEG,True,0.9835865
/content/drive/MyDrive/DeepWeeds/dataset/20180322-115157-2.jpg,8,DW_NEG,8,DW_NEG,True,0.4240512
/content/drive/MyDrive/DeepWeeds/dataset/20180322-115328-1.jpg,8,DW_NEG,8,DW_NEG,True,0.95741427
/content/drive/MyDrive/DeepWeeds/dataset/20180322-115414-2.jpg,8,DW_NEG,8,DW_NEG,True,0.7854208
/content/drive/MyDrive/DeepWeeds/dataset/20180322-115511-1.jpg,8,DW_NEG,8,DW_NEG,True,0.84241396
/content/drive/MyDrive/DeepWeeds/dataset/20180322-115926-2.jpg,8,DW_NEG,8,DW_NEG,True,0.712516
/content/drive/MyDrive/DeepWeeds/dataset/20180322-115939-2.jpg,8,DW_NEG,8,DW_NEG,True,0.8195261
/content/drive/MyDrive/DeepWeeds/dataset/20180322-120003-2.jpg,8,DW_NEG,8,DW_NEG,True,0.99827015
/content/drive/MyDrive/DeepWeeds/dataset/20180322-120236-2.jpg,8,DW_NEG,8,DW_NEG,True,0.95285404
/content/drive/MyDrive/DeepWeeds/dataset/20180322-120353-2.jpg,8,DW_NEG,8,DW_NEG,True,0.9904772
/content/drive/MyDrive/DeepWeeds/dataset/20180322-120622-2.jpg,8,DW_NEG,8,DW_NEG,True,0.80996966
/content/drive/MyDrive/DeepWeeds/dataset/20180322-120644-2.jpg,8,DW_NEG,8,DW_NEG,True,0.6368395
/content/drive/MyDrive/DeepWeeds/dataset/20180322-120945-2.jpg,8,DW_NEG,8,DW_NEG,True,0.8137612
/content/drive/MyDrive/DeepWeeds/dataset/20180322-121018-2.jpg,8,DW_NEG,8,DW_NEG,True,0.9153478
/content/drive/MyDrive/DeepWeeds/dataset/20180322-121057-2.jpg,8,DW_NEG,8,DW_NEG,True,0.96685636
/content/drive/MyDrive/DeepWeeds/dataset/20180322-121319-2.jpg,8,DW_NEG,8,DW_NEG,True,0.76924044
/content/drive/MyDrive/DeepWeeds/dataset/20180322-121420-2.jpg,8,DW_NEG,8,DW_NEG,True,0.9373774
/content/drive/MyDrive/DeepWeeds/dataset/20180322-121456-2.jpg,8,DW_NEG,8,DW_NEG,True,0.9969535
/content/drive/MyDrive/DeepWeeds/dataset/20180322-121645-2.jpg,8,DW_NEG,8,DW_NEG,True,0.83773386
/content/drive/MyDrive/DeepWeeds/dataset/20180322-121846-2.jpg,8,DW_NEG,8,DW_NEG,True,0.86503905
/content/drive/MyDrive/DeepWeeds/dataset/20180322-124446-1.jpg,8,DW_NEG,8,DW_NEG,True,0.8584241
/content/drive/MyDrive/DeepWeeds/dataset/20180322-124617-1.jpg,8,DW_NEG,5,DW_RUBV,False,0.6767288
/content/drive/MyDrive/DeepWeeds/dataset/20180322-124804-1.jpg,8,DW_NEG,8,DW_NEG,True,0.71143377
/content/drive/MyDrive/DeepWeeds/dataset/20180322-124916-1.jpg,8,DW_NEG,5,DW_RUBV,False,0.6945549
/content/drive/MyDrive/DeepWeeds/dataset/20180322-124950-1.jpg,8,DW_NEG,8,DW_NEG,True,0.9681014
/content/drive/MyDrive/DeepWeeds/dataset/20180322-125050-1.jpg,8,DW_NEG,5,DW_RUBV,False,0.52653223
/content/drive/MyDrive/DeepWeeds/dataset/20180322-125152-1.jpg,8,DW_NEG,8,DW_NEG,True,0.84668714
/content/drive/MyDrive/DeepWeeds/dataset/20180322-125303-1.jpg,8,DW_NEG,5,DW_RUBV,False,0.84931993
/content/drive/MyDrive/DeepWeeds/dataset/20180322-125414-1.jpg,8,DW_NEG,8,DW_NEG,True,0.9031735
/content/drive/MyDrive/DeepWeeds/dataset/20180322-125512-1.jpg,8,DW_NEG,8,DW_NEG,True,0.4862406
/content/drive/MyDrive/DeepWeeds/dataset/20180322-125534-1.jpg,8,DW_NEG,8,DW_NEG,True,0.71880645
/content/drive/MyDrive/DeepWeeds/dataset/20180322-125637-1.jpg,8,DW_NEG,8,DW_NEG,True,0.6059259
/content/drive/MyDrive/DeepWeeds/dataset/20180322-125743-1.jpg,8,DW_NEG,1,DW_LANT,False,0.31785178
/content/drive/MyDrive/DeepWeeds/dataset/20180322-125752-1.jpg,8,DW_NEG,4,DW_PRAC,False,0.26079354
/content/drive/MyDrive/DeepWeeds/dataset/20180322-125907-1.jpg,8,DW_NEG,2,DW_PARK,False,0.6247583
/content/drive/MyDrive/DeepWeeds/dataset/20180322-125923-1.jpg,8,DW_NEG,8,DW_NEG,True,0.706416
/content/drive/MyDrive/DeepWeeds/dataset/20180322-130050-1.jpg,8,DW_NEG,8,DW_NEG,True,0.32975215
/content/drive/MyDrive/DeepWeeds/dataset/20180322-130118-1.jpg,8,DW_NEG,7,DW_SNWE,False,0.5550912
/content/drive/MyDrive/DeepWeeds/dataset/20180322-130234-1.jpg,8,DW_NEG,8,DW_NEG,True,0.97343767
/content/drive/MyDrive/DeepWeeds/dataset/20180322-130253-1.jpg,8,DW_NEG,8,DW_NEG,True,0.94256735
/content/drive/MyDrive/DeepWeeds/dataset/20180322-130353-1.jpg,8,DW_NEG,8,DW_NEG,True,0.95747006
/content/drive/MyDrive/DeepWeeds/dataset/20180322-130402-1.jpg,8,DW_NEG,8,DW_NEG,True,0.44710246
/content/drive/MyDrive/DeepWeeds/dataset/20180322-130534-1.jpg,8,DW_NEG,8,DW_NEG,True,0.7314703
/content/drive/MyDrive/DeepWeeds/dataset/20180322-130558-1.jpg,8,DW_NEG,8,DW_NEG,True,0.7144216
/content/drive/MyDrive/DeepWeeds/dataset/20180322-130649-1.jpg,8,DW_NEG,8,DW_NEG,True,0.70767903
/content/drive/MyDrive/DeepWeeds/dataset/20180322-130751-1.jpg,8,DW_NEG,8,DW_NEG,True,0.50742126
/content/drive/MyDrive/DeepWeeds/dataset/20180322-130842-1.jpg,8,DW_NEG,8,DW_NEG,True,0.8511744
/content/drive/MyDrive/DeepWeeds/dataset/20180322-130936-1.jpg,8,DW_NEG,8,DW_NEG,True,0.42330056
/content/drive/MyDrive/DeepWeeds/dataset/20180322-131324-1.jpg,8,DW_NEG,8,DW_NEG,True,0.83631766
/content/drive/MyDrive/DeepWeeds/dataset/20180322-131400-1.jpg,8,DW_NEG,8,DW_NEG,True,0.40781906
/content/drive/MyDrive/DeepWeeds/dataset/20180322-131707-1.jpg,8,DW_NEG,8,DW_NEG,True,0.6152419
/content/drive/MyDrive/DeepWeeds/dataset/20180322-131811-1.jpg,8,DW_NEG,8,DW_NEG,True,0.4444499
/content/drive/MyDrive/DeepWeeds/dataset/20180322-131850-1.jpg,8,DW_NEG,8,DW_NEG,True,0.6162642
/content/drive/MyDrive/DeepWeeds/dataset/20180322-131858-1.jpg,8,DW_NEG,8,DW_NEG,True,0.6143096
/content/drive/MyDrive/DeepWeeds/dataset/20180322-132135-1.jpg,8,DW_NEG,8,DW_NEG,True,0.9712425
/content/drive/MyDrive/DeepWeeds/dataset/20180322-132215-1.jpg,8,DW_NEG,8,DW_NEG,True,0.94086075
/content/drive/MyDrive/DeepWeeds/dataset/20180322-132304-1.jpg,8,DW_NEG,8,DW_NEG,True,0.46368763
/content/drive/MyDrive/DeepWeeds/dataset/20180322-132313-1.jpg,8,DW_NEG,2,DW_PARK,False,0.55542827
/content/drive/MyDrive/DeepWeeds/dataset/20180322-132447-1.jpg,8,DW_NEG,8,DW_NEG,True,0.6460273
/content/drive/MyDrive/DeepWeeds/dataset/20180322-132617-1.jpg,8,DW_NEG,8,DW_NEG,True,0.903713
/content/drive/MyDrive/DeepWeeds/dataset/20180322-132802-1.jpg,8,DW_NEG,3,DW_PART,False,0.42197666
/content/drive/MyDrive/DeepWeeds/dataset/20180322-132854-1.jpg,8,DW_NEG,8,DW_NEG,True,0.56583285
/content/drive/MyDrive/DeepWeeds/dataset/20180322-133038-1.jpg,8,DW_NEG,8,DW_NEG,True,0.52079606
/content/drive/MyDrive/DeepWeeds/dataset/20180322-133223-1.jpg,8,DW_NEG,8,DW_NEG,True,0.49105442
/content/drive/MyDrive/DeepWeeds/dataset/20180322-133359-1.jpg,8,DW_NEG,8,DW_NEG,True,0.8843611
/content/drive/MyDrive/DeepWeeds/dataset/20180322-133525-1.jpg,8,DW_NEG,8,DW_NEG,True,0.77454615
/content/drive/MyDrive/DeepWeeds/dataset/20180322-133604-1.jpg,8,DW_NEG,8,DW_NEG,True,0.9743222
/content/drive/MyDrive/DeepWeeds/dataset/20180322-133802-1.jpg,8,DW_NEG,2,DW_PARK,False,0.5529907
/content/drive/MyDrive/DeepWeeds/dataset/20180322-133901-1.jpg,8,DW_NEG,2,DW_PARK,False,0.98288095
