path,ground_truth_index,ground_truth_eppo,predicted_index,predicted_eppo,correct,predicted_probability
/content/drive/MyDrive/DeepWeeds/dataset/20160928-141355-0.jpg,0,DW_CHAP,0,DW_CHAP,True,0.93850726
/content/drive/MyDrive/DeepWeeds/dataset/20160928-142110-0.jpg,0,DW_CHAP,0,DW_CHAP,True,0.9792818
/content/drive/MyDrive/DeepWeeds/dataset/20161207-110850-0.jpg,0,DW_CHAP,0,DW_CHAP,True,0.98002476
/content/drive/MyDrive/DeepWeeds/dataset/20161207-111112-0.jpg,0,DW_CHAP,0,DW_CHAP,True,0.99317694
/content/drive/MyDrive/DeepWeeds/dataset/20161207-111317-0.jpg,0,DW_CHAP,0,DW_CHAP,True,0.81221926
/content/drive/MyDrive/DeepWeeds/dataset/20161207-111440-0.jpg,0,DW_CHAP,8,DW_NEG,False,0.7023487
/content/drive/MyDrive/DeepWeeds/dataset/20161207-111620-0.jpg,0,DW_CHAP,5,DW_RUBV,False,0.7521241
/content/drive/MyDrive/DeepWeeds/dataset/20161207-111903-0.jpg,0,DW_CHAP,0,DW_CHAP,True,0.6858032
/content/drive/MyDrive/DeepWeeds/dataset/20161207-112158-0.jpg,0,DW_CHAP,0,DW_CHAP,True,0.99976975
/content/drive/MyDrive/DeepWeeds/dataset/20161207-112417-0.jpg,8,DW_NEG,8,DW_NEG,True,0.5636527
/content/drive/MyDrive/DeepWeeds/dataset/20161207-142354-0.jpg,1,DW_LANT,0,DW_CHAP,False,0.59575677
/content/drive/MyDrive/DeepWeeds/dataset/20161207-143344-0.jpg,7,DW_SNWE,8,DW_NEG,False,0.35772687
/content/drive/MyDrive/DeepWeeds/dataset/20161207-144807-0.jpg,7,DW_SNWE,0,DW_CHAP,False,0.81085765
/content/drive/MyDrive/DeepWeeds/dataset/20161207-145017-0.jpg,0,DW_CHAP,0,DW_CHAP,True,0.9399466
/content/drive/MyDrive/DeepWeeds/dataset/20170126-095203-0.jpg,1,DW_LANT,1,DW_LANT,True,0.69199187
/content/drive/MyDrive/DeepWeeds/dataset/20170126-095322-0.jpg,1,DW_LANT,1,DW_LANT,True,0.8389305
/content/drive/MyDrive/DeepWeeds/dataset/20170126-095456-0.jpg,1,DW_LANT,1,DW_LANT,True,0.83655715
/content/drive/MyDrive/DeepWeeds/dataset/20170126-095726-0.jpg,1,DW_LANT,1,DW_LANT,True,0.99253005
/content/drive/MyDrive/DeepWeeds/dataset/20170126-095745-0.jpg,1,DW_LANT,1,DW_LANT,True,0.99325126
/content/drive/MyDrive/DeepWeeds/dataset/20170126-095821-0.jpg,1,DW_LANT,1,DW_LANT,True,0.95152086
/content/drive/MyDrive/DeepWeeds/dataset/20170126-095942-0.jpg,1,DW_LANT,1,DW_LANT,True,0.99665415
/content/drive/MyDrive/DeepWeeds/dataset/20170126-100045-0.jpg,1,DW_LANT,1,DW_LANT,True,0.84187835
/content/drive/MyDrive/DeepWeeds/dataset/20170126-100150-0.jpg,1,DW_LANT,1,DW_LANT,True,0.99440527
/content/drive/MyDrive/DeepWeeds/dataset/20170126-100212-0.jpg,1,DW_LANT,1,DW_LANT,True,0.9041443
/content/drive/MyDrive/DeepWeeds/dataset/20170126-100257-0.jpg,1,DW_LANT,1,DW_LANT,True,0.9843337
/content/drive/MyDrive/DeepWeeds/dataset/20170126-100518-0.jpg,1,DW_LANT,1,DW_LANT,True,0.8960794
/content/drive/MyDrive/DeepWeeds/dataset/20170127-100724-0.jpg,1,DW_LANT,1,DW_LANT,True,0.6059929
/content/drive/MyDrive/DeepWeeds/dataset/20170127-101000-0.jpg,1,DW_LANT,1,DW_LANT,True,0.9953819
/content/drive/MyDrive/DeepWeeds/dataset/20170127-101008-0.jpg,1,DW_LANT,1,DW_LANT,True,0.9983581
/content/drive/MyDrive/DeepWeeds/dataset/20170127-101304-0.jpg,1,DW_LANT,8,DW_NEG,False,0.6252804
/content/drive/MyDrive/DeepWeeds/dataset/20170127-101438-0.jpg,1,DW_LANT,1,DW_LANT,True,0.9718408
/content/drive/MyDrive/DeepWeeds/dataset/20170127-101528-0.jpg,1,DW_LANT,1,DW_LANT,True,0.8999485
/content/drive/MyDrive/DeepWeeds/dataset/20170127-101628-0.jpg,1,DW_LANT,1,DW_LANT,True,0.93096036
/content/drive/MyDrive/DeepWeeds/dataset/20170127-101737-0.jpg,1,DW_LANT,1,DW_LANT,True,0.9914262
/content/drive/MyDrive/DeepWeeds/dataset/20170127-101830-0.jpg,1,DW_LANT,1,DW_LANT,True,0.99803025
/content/drive/MyDrive/DeepWeeds/dataset/20170127-101918-0.jpg,1,DW_LANT,1,DW_LANT,True,0.9930577
/content/drive/MyDrive/DeepWeeds/dataset/20170127-101959-0.jpg,1,DW_LANT,1,DW_LANT,True,0.98047596
/content/drive/MyDrive/DeepWeeds/dataset/20170127-102051-0.jpg,1,DW_LANT,1,DW_LANT,True,0.9934942
/content/drive/MyDrive/DeepWeeds/dataset/20170127-102132-0.jpg,1,DW_LANT,1,DW_LANT,True,0.9874893
/content/drive/MyDrive/DeepWeeds/dataset/20170127-102151-0.jpg,1,DW_LANT,1,DW_LANT,True,0.9371025
/content/drive/MyDrive/DeepWeeds/dataset/20170127-102251-0.jpg,1,DW_LANT,1,DW_LANT,True,0.9877243
/content/drive/MyDrive/DeepWeeds/dataset/20170127-102426-0.jpg,1,DW_LANT,1,DW_LANT,True,0.8917583
/content/drive/MyDrive/DeepWeeds/dataset/20170127-102604-0.jpg,1,DW_LANT,1,DW_LANT,True,0.8948116
/content/drive/MyDrive/DeepWeeds/dataset/20170127-102812-0.jpg,1,DW_LANT,1,DW_LANT,True,0.971358
/content/drive/MyDrive/DeepWeeds/dataset/20170127-102850-0.jpg,1,DW_LANT,1,DW_LANT,True,0.99302155
/content/drive/MyDrive/DeepWeeds/dataset/20170127-102912-0.jpg,1,DW_LANT,1,DW_LANT,True,0.9939575
/content/drive/MyDrive/DeepWeeds/dataset/20170127-103025-0.jpg,1,DW_LANT,1,DW_LANT,True,0.8876498
/content/drive/MyDrive/DeepWeeds/dataset/20170127-103214-0.jpg,1,DW_LANT,1,DW_LANT,True,0.570606
/content/drive/MyDrive/DeepWeeds/dataset/20170127-103337-0.jpg,1,DW_LANT,1,DW_LANT,True,0.98252016
/content/drive/MyDrive/DeepWeeds/dataset/20170128-102043-0.jpg,8,DW_NEG,8,DW_NEG,True,0.99220896
/content/drive/MyDrive/DeepWeeds/dataset/20170128-102150-0.jpg,8,DW_NEG,8,DW_NEG,True,0.9673052
/content/drive/MyDrive/DeepWeeds/dataset/20170128-102233-0.jpg,8,DW_NEG,8,DW_NEG,True,0.99805486
/content/drive/MyDrive/DeepWeeds/dataset/20170128-102415-0.jpg,8,DW_NEG,8,DW_NEG,True,0.8145764
/content/drive/MyDrive/DeepWeeds/dataset/20170128-102526-0.jpg,8,DW_NEG,8,DW_NEG,True,0.8138301
/content/drive/MyDrive/DeepWeeds/dataset/20170128-102622-0.jpg,8,DW_NEG,8,DW_NEG,True,0.84185994
/content/drive/MyDrive/DeepWeeds/dataset/20170128-102740-0.jpg,8,DW_NEG,1,DW_LANT,False,0.57069105
/content/drive/MyDrive/DeepWeeds/dataset/20170128-103034-0.jpg,8,DW_NEG,8,DW_NEG,True,0.87711227
/content/drive/MyDrive/DeepWeeds/dataset/20170128-103121-0.jpg,8,DW_NEG,8,DW_NEG,True,0.8844436
/content/drive/MyDrive/DeepWeeds/dataset/20170128-103131-0.jpg,8,DW_NEG,8,DW_NEG,True,0.8072145
/content/drive/MyDrive/DeepWeeds/dataset/20170128-103224-0.jpg,8,DW_NEG,1,DW_LANT,False,0.31148773
/content/drive/MyDrive/DeepWeeds/dataset/20170128-103255-0.jpg,8,DW_NEG,1,DW_LANT,False,0.89008427
/content/drive/MyDrive/DeepWeeds/dataset/20170128-103416-0.jpg,8,DW_NEG,8,DW_NEG,True,0.60139096
/content/drive/MyDrive/DeepWeeds/dataset/20170128-103458-0.jpg,8,DW_NEG,1,DW_LANT,False,0.2911518
/content/drive/MyDrive/DeepWeeds/dataset/20170128-103649-0.jpg,8,DW_NEG,3,DW_PART,False,0.6209641
/content/drive/MyDrive/DeepWeeds/dataset/20170128-103723-0.jpg,8,DW_NEG,8,DW_NEG,True,0.91983247
/content/drive/MyDrive/DeepWeeds/dataset/20170128-103830-0.jpg,8,DW_NEG,8,DW_NEG,True,0.99380434
/content/drive/MyDrive/DeepWeeds/dataset/20170128-103904-0.jpg,8,DW_NEG,8,DW_NEG,True,0.9900926
/content/drive/MyDrive/DeepWeeds/dataset/20170128-104021-0.jpg,8,DW_NEG,8,DW_NEG,True,0.9829738
/content/drive/MyDrive/DeepWeeds/dataset/20170129-102050-0.jpg,8,DW_NEG,1,DW_LANT,False,0.69809765
/content/drive/MyDrive/DeepWeeds/dataset/20170129-102105-0.jpg,8,DW_NEG,5,DW_RUBV,False,0.5652193
/content/drive/MyDrive/DeepWeeds/dataset/20170129-102230-0.jpg,8,DW_NEG,1,DW_LANT,False,0.63593423
/content/drive/MyDrive/DeepWeeds/dataset/20170129-102354-0.jpg,8,DW_NEG,0,DW_CHAP,False,0.37672973
/content/drive/MyDrive/DeepWeeds/dataset/20170129-102505-0.jpg,8,DW_NEG,8,DW_NEG,True,0.4774013
/content/drive/MyDrive/DeepWeeds/dataset/20170129-102537-0.jpg,8,DW_NEG,1,DW_LANT,False,0.405128
/content/drive/MyDrive/DeepWeeds/dataset/20170129-102736-0.jpg,8,DW_NEG,8,DW_NEG,True,0.38014024
/content/drive/MyDrive/DeepWeeds/dataset/20170129-102814-0.jpg,8,DW_NEG,8,DW_NEG,True,0.7816773
/content/drive/MyDrive/DeepWeeds/dataset/20170129-102930-0.jpg,8,DW_NEG,8,DW_NEG,True,0.77525985
/content/drive/MyDrive/DeepWeeds/dataset/20170129-103005-0.jpg,8,DW_NEG,8,DW_NEG,True,0.9475824
/content/drive/MyDrive/DeepWeeds/dataset/20170129-103106-0.jpg,8,DW_NEG,8,DW_NEG,True,0.4484713
/content/drive/MyDrive/DeepWeeds/dataset/20170129-103137-0.jpg,8,DW_NEG,8,DW_NEG,True,0.5943623
/content/drive/MyDrive/DeepWeeds/dataset/20170129-103249-0.jpg,8,DW_NEG,8,DW_NEG,True,0.39306206
/content/drive/MyDrive/DeepWeeds/dataset/20170129-103330-0.jpg,8,DW_NEG,8,DW_NEG,True,0.79194516
/content/drive/MyDrive/DeepWeeds/dataset/20170129-103517-0.jpg,8,DW_NEG,8,DW_NEG,True,0.7287368
/content/drive/MyDrive/DeepWeeds/dataset/20170129-103735-0.jpg,8,DW_NEG,8,DW_NEG,True,0.78830874
/content/drive/MyDrive/DeepWeeds/dataset/20170129-103903-0.jpg,8,DW_NEG,8,DW_NEG,True,0.440974
/content/drive/MyDrive/DeepWeeds/dataset/20170129-103957-0.jpg,8,DW_NEG,0,DW_CHAP,False,0.7638745
/content/drive/MyDrive/DeepWeeds/dataset/20170129-104113-0.jpg,8,DW_NEG,0,DW_CHAP,False,0.49439874
/content/drive/MyDrive/DeepWeeds/dataset/20170130-102032-0.jpg,1,DW_LANT,1,DW_LANT,True,0.5495083
/content/drive/MyDrive/DeepWeeds/dataset/20170130-102111-0.jpg,1,DW_LANT,1,DW_LANT,True,0.9063863
/content/drive/MyDrive/DeepWeeds/dataset/20170130-102215-0.jpg,1,DW_LANT,1,DW_LANT,True,0.98814535
/content/drive/MyDrive/DeepWeeds/dataset/20170130-102305-0.jpg,1,DW_LANT,1,DW_LANT,True,0.93980193
/content/drive/MyDrive/DeepWeeds/dataset/20170130-102342-0.jpg,1,DW_LANT,1,DW_LANT,True,0.90925
/content/drive/MyDrive/DeepWeeds/dataset/20170130-102438-0.jpg,1,DW_LANT,1,DW_LANT,True,0.9470626
/content/drive/MyDrive/DeepWeeds/dataset/20170130-102516-0.jpg,1,DW_LANT,1,DW_LANT,True,0.5938112
/content/drive/MyDrive/DeepWeeds/dataset/20170130-102546-0.jpg,1,DW_LANT,0,DW_CHAP,False,0.47660765
/content/drive/MyDrive/DeepWeeds/dataset/20170130-102601-0.jpg,1,DW_LANT,1,DW_LANT,True,0.5572077
/content/drive/MyDrive/DeepWeeds/dataset/20170130-102858-0.jpg,1,DW_LANT,1,DW_LANT,True,0.96607554
/content/drive/MyDrive/DeepWeeds/dataset/20170207-141531-0.jpg,7,DW_SNWE,7,DW_SNWE,True,0.85912454
/content/drive/MyDrive/DeepWeeds/dataset/20170207-141634-0.jpg,7,DW_SNWE,7,DW_SNWE,True,0.9981001
/content/drive/MyDrive/DeepWeeds/dataset/20170207-141814-0.jpg,7,DW_SNWE,7,DW_SNWE,True,0.85153866
/content/drive/MyDrive/DeepWeeds/dataset/20170207-141852-0.jpg,7,DW_SNWE,7,DW_SNWE,True,0.88350266
/content/drive/MyDrive/DeepWeeds/dataset/20170207-142157-0.jpg,7,DW_SNWE,0,DW_CHAP,False,0.9493356
/content/drive/MyDrive/DeepWeeds/dataset/20170207-142255-0.jpg,7,DW_SNWE,7,DW_SNWE,True,0.58196557
/content/drive/MyDrive/DeepWeeds/dataset/20170207-142420-0.jpg,7,DW_SNWE,7,DW_SNWE,True,0.8119377
/content/drive/MyDrive/DeepWeeds/dataset/20170207-142601-0.jpg,7,DW_SNWE,7,DW_SNWE,True,0.48739251
/content/drive/MyDrive/DeepWeeds/dataset/20170207-142713-0.jpg,7,DW_SNWE,7,DW_SNWE,True,0.63428766
/content/drive/MyDrive/DeepWeeds/dataset/20170207-142840-0.jpg,7,DW_SNWE,7,DW_SNWE,True,0.9638232
/content/drive/MyDrive/DeepWeeds/dataset/20170207-153656-0.jpg,0,DW_CHAP,0,DW_CHAP,True,0.9113778
/content/drive/MyDrive/DeepWeeds/dataset/20170207-153815-0.jpg,0,DW_CHAP,5,DW_RUBV,False,0.9024835
/content/drive/MyDrive/DeepWeeds/dataset/20170207-153903-0.jpg,0,DW_CHAP,0,DW_CHAP,True,0.8934718
/content/drive/MyDrive/DeepWeeds/dataset/20170207-154845-0.jpg,0,DW_CHAP,0,DW_CHAP,True,0.45433494
/content/drive/MyDrive/DeepWeeds/dataset/20170210-130133-0.jpg,7,DW_SNWE,1,DW_LANT,False,0.93497854
/content/drive/MyDrive/DeepWeeds/dataset/20170210-130229-0.jpg,7,DW_SNWE,7,DW_SNWE,True,0.9847398
/content/drive/MyDrive/DeepWeeds/dataset/20170210-130441-0.jpg,7,DW_SNWE,7,DW_SNWE,True,0.99201465
/content/drive/MyDrive/DeepWeeds/dataset/20170210-130638-0.jpg,7,DW_SNWE,7,DW_SNWE,True,0.87897086
/content/drive/MyDrive/DeepWeeds/dataset/20170210-130746-0.jpg,7,DW_SNWE,7,DW_SNWE,True,0.9570156
/content/drive/MyDrive/DeepWeeds/dataset/20170210-130852-0.jpg,7,DW_SNWE,7,DW_SNWE,True,0.9980198
/content/drive/MyDrive/DeepWeeds/dataset/20170210-130921-0.jpg,7,DW_SNWE,7,DW_SNWE,True,0.9985085
/content/drive/MyDrive/DeepWeeds/dataset/20170210-130944-0.jpg,7,DW_SNWE,7,DW_SNWE,True,0.9935155
/content/drive/MyDrive/DeepWeeds/dataset/20170210-131031-0.jpg,7,DW_SNWE,7,DW_SNWE,True,0.93994766
/content/drive/MyDrive/DeepWeeds/dataset/20170210-131107-0.jpg,7,DW_SNWE,7,DW_SNWE,True,0.78493893
/content/drive/MyDrive/DeepWeeds/dataset/20170210-131145-0.jpg,7,DW_SNWE,7,DW_SNWE,True,0.9972115
/content/drive/MyDrive/DeepWeeds/dataset/20170210-131209-0.jpg,7,DW_SNWE,7,DW_SNWE,True,0.98348653
/content/drive/MyDrive/DeepWeeds/dataset/20170210-131325-0.jpg,7,DW_SNWE,7,DW_SNWE,True,0.9766593
/content/drive/MyDrive/DeepWeeds/dataset/20170210-131413-0.jpg,7,DW_SNWE,7,DW_SNWE,True,0.925518
/content/drive/MyDrive/DeepWeeds/dataset/20170210-131505-0.jpg,7,DW_SNWE,7,DW_SNWE,True,0.97314364
/content/drive/MyDrive/DeepWeeds/dataset/20170210-131513-0.jpg,7,DW_SNWE,7,DW_SNWE,True,0.9935574
/content/drive/MyDrive/DeepWeeds/dataset/20170210-131628-0.jpg,7,DW_SNWE,7,DW_SNWE,True,0.9707718
/content/drive/MyDrive/DeepWeeds/dataset/20170210-131730-0.jpg,7,DW_SNWE,7,DW_SNWE,True,0.99907315
/content/drive/MyDrive/DeepWeeds/dataset/20170210-131822-0.jpg,0,DW_CHAP,0,DW_CHAP,True,0.97683764
/content/drive/MyDrive/DeepWeeds/dataset/20170210-131852-0.jpg,7,DW_SNWE,7,DW_SNWE,True,0.9853536
/content/drive/MyDrive/DeepWeeds/dataset/20170210-131954-0.jpg,7,DW_SNWE,7,DW_SNWE,True,0.9587257
/content/drive/MyDrive/DeepWeeds/dataset/20170210-132021-0.jpg,7,DW_SNWE,7,DW_SNWE,True,0.91953087
/content/drive/MyDrive/DeepWeeds/dataset/20170210-132204-0.jpg,0,DW_CHAP,0,DW_CHAP,True,0.9852503
/content/drive/MyDrive/DeepWeeds/dataset/20170210-132217-0.jpg,7,DW_SNWE,7,DW_SNWE,True,0.52506596
/content/drive/MyDrive/DeepWeeds/dataset/20170210-132249-0.jpg,0,DW_CHAP,0,DW_CHAP,True,0.8282785
/content/drive/MyDrive/DeepWeeds/dataset/20170210-132327-0.jpg,0,DW_CHAP,0,DW_CHAP,True,0.76958066
/content/drive/MyDrive/DeepWeeds/dataset/20170210-132421-0.jpg,0,DW_CHAP,1,DW_LANT,False,0.5168828
/content/drive/MyDrive/DeepWeeds/dataset/20170210-132528-0.jpg,0,DW_CHAP,0,DW_CHAP,True,0.93991935
/content/drive/MyDrive/DeepWeeds/dataset/20170210-132651-0.jpg,0,DW_CHAP,0,DW_CHAP,True,0.605886
/content/drive/MyDrive/DeepWeeds/dataset/20170210-132741-0.jpg,0,DW_CHAP,0,DW_CHAP,True,0.83126354
/content/drive/MyDrive/DeepWeeds/dataset/20170210-132755-0.jpg,0,DW_CHAP,0,DW_CHAP,True,0.82227767
/content/drive/MyDrive/DeepWeeds/dataset/20170210-133043-0.jpg,0,DW_CHAP,0,DW_CHAP,True,0.99017566
/content/drive/MyDrive/DeepWeeds/dataset/20170210-133140-0.jpg,0,DW_CHAP,1,DW_LANT,False,0.5780444
/content/drive/MyDrive/DeepWeeds/dataset/20170210-133205-0.jpg,0,DW_CHAP,1,DW_LANT,False,0.334446
/content/drive/MyDrive/DeepWeeds/dataset/20170210-133424-0.jpg,0,DW_CHAP,0,DW_CHAP,True,0.874066
/content/drive/MyDrive/DeepWeeds/dataset/20170210-133632-0.jpg,0,DW_CHAP,0,DW_CHAP,True,0.85661143
/content/drive/MyDrive/DeepWeeds/dataset/20170210-133726-0.jpg,0,DW_CHAP,0,DW_CHAP,True,0.90426826
/content/drive/MyDrive/DeepWeeds/dataset/20170210-133806-0.jpg,0,DW_CHAP,0,DW_CHAP,True,0.9307028
/content/drive/MyDrive/DeepWeeds/dataset/20170210-133852-0.jpg,0,DW_CHAP,0,DW_CHAP,True,0.86816806
/content/drive/MyDrive/DeepWeeds/dataset/20170210-134029-0.jpg,0,DW_CHAP,0,DW_CHAP,True,0.3838095
/content/drive/MyDrive/DeepWeeds/dataset/20170210-134133-0.jpg,0,DW_CHAP,7,DW_SNWE,False,0.7271717
/content/drive/MyDrive/DeepWeeds/dataset/20170210-134316-0.jpg,0,DW_CHAP,0,DW_CHAP,True,0.9386065
/content/drive/MyDrive/DeepWeeds/dataset/20170210-141439-0.jpg,7,DW_SNWE,0,DW_CHAP,False,0.78648674
/content/drive/MyDrive/DeepWeeds/dataset/20170210-141621-0.jpg,7,DW_SNWE,7,DW_SNWE,True,0.8944106
/content/drive/MyDrive/DeepWeeds/dataset/20170210-141645-0.jpg,7,DW_SNWE,7,DW_SNWE,True,0.9547038
/content/drive/MyDrive/DeepWeeds/dataset/20170210-141917-0.jpg,7,DW_SNWE,7,DW_SNWE,True,0.98524714
/content/drive/MyDrive/DeepWeeds/dataset/20170210-142001-0.jpg,7,DW_SNWE,7,DW_SNWE,True,0.8709594
/content/drive/MyDrive/DeepWeeds/dataset/20170210-142158-0.jpg,7,DW_SNWE,7,DW_SNWE,True,0.9187797
/content/drive/MyDrive/DeepWeeds/dataset/20170210-142309-0.jpg,7,DW_SNWE,7,DW_SNWE,True,0.81632197
/content/drive/MyDrive/DeepWeeds/dataset/20170210-142409-0.jpg,7,DW_SNWE,7,DW_SNWE,True,0.9810414
/content/drive/MyDrive/DeepWeeds/dataset/20170210-142523-0.jpg,7,DW_SNWE,7,DW_SNWE,True,0.9877237
/content/drive/MyDrive/DeepWeeds/dataset/20170210-142607-0.jpg,7,DW_SNWE,7,DW_SNWE,True,0.9947337
/content/drive/MyDrive/DeepWeeds/dataset/20170210-142658-0.jpg,7,DW_SNWE,7,DW_SNWE,True,0.9928082
/content/drive/MyDrive/DeepWeeds/dataset/20170210-144917-0.jpg,7,DW_SNWE,0,DW_CHAP,False,0.9217622
/content/drive/MyDrive/DeepWeeds/dataset/20170210-145503-0.jpg,0,DW_CHAP,0,DW_CHAP,True,0.97474086
/content/drive/MyDrive/DeepWeeds/dataset/20170210-145509-0.jpg,0,DW_CHAP,0,DW_CHAP,True,0.9956963
/content/drive/MyDrive/DeepWeeds/dataset/20170210-145719-0.jpg,0,DW_CHAP,0,DW_CHAP,True,0.9874938
/content/drive/MyDrive/DeepWeeds/dataset/20170210-150136-0.jpg,0,DW_CHAP,0,DW_CHAP,True,0.9974618
/content/drive/MyDrive/DeepWeeds/dataset/20170210-150542-0.jpg,7,DW_SNWE,0,DW_CHAP,False,0.9965083
/content/drive/MyDrive/DeepWeeds/dataset/20170210-150642-0.jpg,0,DW_CHAP,0,DW_CHAP,True,0.963331
/content/drive/MyDrive/DeepWeeds/dataset/20170217-095245-0.jpg,7,DW_SNWE,7,DW_SNWE,True,0.79102206
/content/drive/MyDrive/DeepWeeds/dataset/20170217-095357-0.jpg,7,DW_SNWE,7,DW_SNWE,True,0.66821575
/content/drive/MyDrive/DeepWeeds/dataset/20170217-095604-0.jpg,7,DW_SNWE,7,DW_SNWE,True,0.9815506
/content/drive/MyDrive/DeepWeeds/dataset/20170217-095642-0.jpg,7,DW_SNWE,7,DW_SNWE,True,0.9636427
/content/drive/MyDrive/DeepWeeds/dataset/20170217-095926-0.jpg,7,DW_SNWE,7,DW_SNWE,True,0.9861734
/content/drive/MyDrive/DeepWeeds/dataset/20170217-100111-0.jpg,7,DW_SNWE,7,DW_SNWE,True,0.91713023
/content/drive/MyDrive/DeepWeeds/dataset/20170217-100235-0.jpg,7,DW_SNWE,7,DW_SNWE,True,0.98958206
/content/drive/MyDrive/DeepWeeds/dataset/20170217-100450-0.jpg,7,DW_SNWE,7,DW_SNWE,True,0.9942966
/content/drive/MyDrive/DeepWeeds/dataset/20170217-100740-0.jpg,7,DW_SNWE,7,DW_SNWE,True,0.9497702
/content/drive/MyDrive/DeepWeeds/dataset/20170217-100851-0.jpg,7,DW_SNWE,7,DW_SNWE,True,0.9979042
/content/drive/MyDrive/DeepWeeds/dataset/20170217-101133-0.jpg,0,DW_CHAP,0,DW_CHAP,True,0.9936441
/content/drive/MyDrive/DeepWeeds/dataset/20170217-101348-0.jpg,0,DW_CHAP,0,DW_CHAP,True,0.76919526
/content/drive/MyDrive/DeepWeeds/dataset/20170217-102019-0.jpg,0,DW_CHAP,0,DW_CHAP,True,0.99734086
/content/drive/MyDrive/DeepWeeds/dataset/20170217-102232-0.jpg,0,DW_CHAP,0,DW_CHAP,True,0.94093156
/content/drive/MyDrive/DeepWeeds/dataset/20170217-102546-0.jpg,0,DW_CHAP,0,DW_CHAP,True,0.97545004
/content/drive/MyDrive/DeepWeeds/dataset/20170217-103018-0.jpg,0,DW_CHAP,0,DW_CHAP,True,0.99794143
/content/drive/MyDrive/DeepWeeds/dataset/20170217-103444-0.jpg,0,DW_CHAP,7,DW_SNWE,False,0.749371
/content/drive/MyDrive/DeepWeeds/dataset/20170217-103810-0.jpg,0,DW_CHAP,0,DW_CHAP,True,0.9328103
/content/drive/MyDrive/DeepWeeds/dataset/20170217-103906-0.jpg,0,DW_CHAP,0,DW_CHAP,True,0.9989686
/content/drive/MyDrive/DeepWeeds/dataset/20170217-103940-0.jpg,0,DW_CHAP,0,DW_CHAP,True,0.9501848
/content/drive/MyDrive/DeepWeeds/dataset/20170217-110631-0.jpg,0,DW_CHAP,0,DW_CHAP,True,0.96216816
/content/drive/MyDrive/DeepWeeds/dataset/20170217-111104-0.jpg,0,DW_CHAP,0,DW_CHAP,True,0.99722207
/content/drive/MyDrive/DeepWeeds/dataset/20170217-111130-0.jpg,0,DW_CHAP,0,DW_CHAP,True,0.9934581
/content/drive/MyDrive/DeepWeeds/dataset/20170217-111616-0.jpg,0,DW_CHAP,0,DW_CHAP,True,0.9969127
/content/drive/MyDrive/DeepWeeds/dataset/20170217-111841-0.jpg,0,DW_CHAP,0,DW_CHAP,True,0.9935174
/content/drive/MyDrive/DeepWeeds/dataset/20170217-112348-0.jpg,0,DW_CHAP,0,DW_CHAP,True,0.9922645
/content/drive/MyDrive/DeepWeeds/dataset/20170217-112531-0.jpg,0,DW_CHAP,0,DW_CHAP,True,0.88720244
/content/drive/MyDrive/DeepWeeds/dataset/20170217-112936-0.jpg,7,DW_SNWE,7,DW_SNWE,True,0.919648
/content/drive/MyDrive/DeepWeeds/dataset/20170217-113132-0.jpg,7,DW_SNWE,7,DW_SNWE,True,0.9971968
/content/drive/MyDrive/DeepWeeds/dataset/20170217-113424-0.jpg,7,DW_SNWE,0,DW_CHAP,False,0.7334208
/content/drive/MyDrive/DeepWeeds/dataset/20170217-113546-0.jpg,0,DW_CHAP,0,DW_CHAP,True,0.92020994
/content/drive/MyDrive/DeepWeeds/dataset/20170217-113831-0.jpg,0,DW_CHAP,0,DW_CHAP,True,0.9960897
/content/drive/MyDrive/DeepWeeds/dataset/20170217-114051-0.jpg,0,DW_CHAP,0,DW_CHAP,True,0.8216788
/content/drive/MyDrive/DeepWeeds/dataset/20170217-114455-0.jpg,0,DW_CHAP,6,DW_SIWE,False,0.25229964
/content/drive/MyDrive/DeepWeeds/dataset/20170217-114604-0.jpg,7,DW_SNWE,7,DW_SNWE,True,0.78631526
/content/drive/MyDrive/DeepWeeds/dataset/20170217-114614-0.jpg,7,DW_SNWE,7,DW_SNWE,True,0.9487461
/content/drive/MyDrive/DeepWeeds/dataset/20170217-114728-0.jpg,0,DW_CHAP,0,DW_CHAP,True,0.9994361
/content/drive/MyDrive/DeepWeeds/dataset/20170217-114849-0.jpg,7,DW_SNWE,7,DW_SNWE,True,0.86656624
/content/drive/MyDrive/DeepWeeds/dataset/20170217-115125-0.jpg,7,DW_SNWE,7,DW_SNWE,True,0.98049784
/content/drive/MyDrive/DeepWeeds/dataset/20170217-115351-0.jpg,7,DW_SNWE,7,DW_SNWE,True,0.8264617
/content/drive/MyDrive/DeepWeeds/dataset/20170217-115427-0.jpg,7,DW_SNWE,7,DW_SNWE,True,0.7425419
/content/drive/MyDrive/DeepWeeds/dataset/20170217-115708-0.jpg,0,DW_CHAP,0,DW_CHAP,True,0.9879645
/content/drive/MyDrive/DeepWeeds/dataset/20170217-115828-0.jpg,0,DW_CHAP,0,DW_CHAP,True,0.97739583
/content/drive/MyDrive/DeepWeeds/dataset/20170217-120132-0.jpg,0,DW_CHAP,0,DW_CHAP,True,0.99815196
/content/drive/MyDrive/DeepWeeds/dataset/20170217-120325-0.jpg,7,DW_SNWE,7,DW_SNWE,True,0.4741422
/content/drive/MyDrive/DeepWeeds/dataset/20170217-120401-0.jpg,7,DW_SNWE,0,DW_CHAP,False,0.46758074
/content/drive/MyDrive/DeepWeeds/dataset/20170217-120512-0.jpg,7,DW_SNWE,7,DW_SNWE,True,0.71434116
/content/drive/MyDrive/DeepWeeds/dataset/20170217-121139-0.jpg,0,DW_CHAP,0,DW_CHAP,True,0.9144017
/content/drive/MyDrive/DeepWeeds/dataset/20170217-121703-0.jpg,0,DW_CHAP,0,DW_CHAP,True,0.9831535
/content/drive/MyDrive/DeepWeeds/dataset/20170217-121730-0.jpg,0,DW_CHAP,0,DW_CHAP,True,0.968801
/content/drive/MyDrive/DeepWeeds/dataset/20170217-122057-0.jpg,0,DW_CHAP,0,DW_CHAP,True,0.9975546
/content/drive/MyDrive/DeepWeeds/dataset/20170217-122330-0.jpg,0,DW_CHAP,0,DW_CHAP,True,0.81093854
/content/drive/MyDrive/DeepWeeds/dataset/20170217-143640-0.jpg,7,DW_SNWE,7,DW_SNWE,True,0.7630327
/content/drive/MyDrive/DeepWeeds/dataset/20170217-143741-0.jpg,7,DW_SNWE,7,DW_SNWE,True,0.916136
/content/drive/MyDrive/DeepWeeds/dataset/20170217-143939-0.jpg,7,DW_SNWE,7,DW_SNWE,True,0.8217463
/content/drive/MyDrive/DeepWeeds/dataset/20170217-144419-0.jpg,7,DW_SNWE,7,DW_SNWE,True,0.9733917
/content/drive/MyDrive/DeepWeeds/dataset/20170217-144601-0.jpg,7,DW_SNWE,7,DW_SNWE,True,0.9936418
/content/drive/MyDrive/DeepWeeds/dataset/20170217-144905-0.jpg,7,DW_SNWE,0,DW_CHAP,False,0.5890691
/content/drive/MyDrive/DeepWeeds/dataset/20170217-145102-0.jpg,7,DW_SNWE,7,DW_SNWE,True,0.97999614
/content/drive/MyDrive/DeepWeeds/dataset/20170217-145358-0.jpg,7,DW_SNWE,7,DW_SNWE,True,0.9883633
/content/drive/MyDrive/DeepWeeds/dataset/20170217-150253-0.jpg,0,DW_CHAP,0,DW_CHAP,True,0.99564457
/content/drive/MyDrive/DeepWeeds/dataset/20170217-150733-0.jpg,0,DW_CHAP,0,DW_CHAP,True,0.99538475
/content/drive/MyDrive/DeepWeeds/dataset/20170217-151206-0.jpg,0,DW_CHAP,0,DW_CHAP,True,0.56802946
/content/drive/MyDrive/DeepWeeds/dataset/20170217-151542-0.jpg,0,DW_CHAP,0,DW_CHAP,True,0.9904974
/content/drive/MyDrive/DeepWeeds/dataset/20170217-151857-0.jpg,0,DW_CHAP,0,DW_CHAP,True,0.64537585
/content/drive/MyDrive/DeepWeeds/dataset/20170217-152211-0.jpg,0,DW_CHAP,0,DW_CHAP,True,0.9928496
/content/drive/MyDrive/DeepWeeds/dataset/20170304-123600-0.jpg,7,DW_SNWE,0,DW_CHAP,False,0.9021341
/content/drive/MyDrive/DeepWeeds/dataset/20170304-123711-0.jpg,0,DW_CHAP,0,DW_CHAP,True,0.60347265
/content/drive/MyDrive/DeepWeeds/dataset/20170304-124121-0.jpg,0,DW_CHAP,7,DW_SNWE,False,0.66611534
/content/drive/MyDrive/DeepWeeds/dataset/20170304-124441-0.jpg,0,DW_CHAP,0,DW_CHAP,True,0.5444928
/content/drive/MyDrive/DeepWeeds/dataset/20170304-124521-0.jpg,0,DW_CHAP,0,DW_CHAP,True,0.52003706
/content/drive/MyDrive/DeepWeeds/dataset/20170304-124535-0.jpg,0,DW_CHAP,7,DW_SNWE,False,0.78057253
/content/drive/MyDrive/DeepWeeds/dataset/20170304-124656-0.jpg,0,DW_CHAP,0,DW_CHAP,True,0.9950956
/content/drive/MyDrive/DeepWeeds/dataset/20170304-124907-0.jpg,0,DW_CHAP,8,DW_NEG,False,0.4148387
/content/drive/MyDrive/DeepWeeds/dataset/20170304-125101-0.jpg,0,DW_CHAP,0,DW_CHAP,True,0.6767848
/content/drive/MyDrive/DeepWeeds/dataset/20170304-125226-0.jpg,0,DW_CHAP,0,DW_CHAP,True,0.9867459
/content/drive/MyDrive/DeepWeeds/dataset/20170304-125427-0.jpg,0,DW_CHAP,0,DW_CHAP,True,0.95076054
/content/drive/MyDrive/DeepWeeds/dataset/20170304-130115-0.jpg,7,DW_SNWE,7,DW_SNWE,True,0.9647981
/content/drive/MyDrive/DeepWeeds/dataset/20170304-130551-0.jpg,7,DW_SNWE,7,DW_SNWE,True,0.9592699
/content/drive/MyDrive/DeepWeeds/dataset/20170304-130721-0.jpg,7,DW_SNWE,7,DW_SNWE,True,0.5640867
/content/drive/MyDrive/DeepWeeds/dataset/20170304-130929-0.jpg,7,DW_SNWE,7,DW_SNWE,True,0.9447239
/content/drive/MyDrive/DeepWeeds/dataset/20170304-131410-0.jpg,7,DW_SNWE,7,DW_SNWE,True,0.9507621
/content/drive/MyDrive/DeepWeeds/dataset/20170304-131504-0.jpg,7,DW_SNWE,7,DW_SNWE,True,0.7516488
/content/drive/MyDrive/DeepWeeds/dataset/20170304-131624-0.jpg,7,DW_SNWE,7,DW_SNWE,True,0.9914826
/content/drive/MyDrive/DeepWeeds/dataset/20170304-131712-0.jpg,7,DW_SNWE,0,DW_CHAP,False,0.693583
/content/drive/MyDrive/DeepWeeds/dataset/20170304-131822-0.jpg,7,DW_SNWE,7,DW_SNWE,True,0.9353763
/content/drive/MyDrive/DeepWeeds/dataset/20170304-131932-0.jpg,7,DW_SNWE,7,DW_SNWE,True,0.9864654
/content/drive/MyDrive/DeepWeeds/dataset/20170304-132134-0.jpg,7,DW_SNWE,7,DW_SNWE,True,0.71583277
/content/drive/MyDrive/DeepWeeds/dataset/20170304-132246-0.jpg,7,DW_SNWE,7,DW_SNWE,True,0.93023187
/content/drive/MyDrive/DeepWeeds/dataset/20170304-132429-0.jpg,7,DW_SNWE,7,DW_SNWE,True,0.97051066
/content/drive/MyDrive/DeepWeeds/dataset/20170304-132450-0.jpg,7,DW_SNWE,7,DW_SNWE,True,0.963914
/content/drive/MyDrive/DeepWeeds/dataset/20170304-132701-0.jpg,7,DW_SNWE,7,DW_SNWE,True,0.8906283
/content/drive/MyDrive/DeepWeeds/dataset/20170315-084914-0.jpg,8,DW_NEG,8,DW_NEG,True,0.77636635
/content/drive/MyDrive/DeepWeeds/dataset/20170315-085103-0.jpg,8,DW_NEG,0,DW_CHAP,False,0.50414014
/content/drive/MyDrive/DeepWeeds/dataset/20170315-085159-0.jpg,8,DW_NEG,0,DW_CHAP,False,0.42636654
/content/drive/MyDrive/DeepWeeds/dataset/20170315-085441-0.jpg,8,DW_NEG,7,DW_SNWE,False,0.535956
/content/drive/MyDrive/DeepWeeds/dataset/20170315-085531-0.jpg,8,DW_NEG,8,DW_NEG,True,0.9399681
/content/drive/MyDrive/DeepWeeds/dataset/20170315-085616-0.jpg,8,DW_NEG,0,DW_CHAP,False,0.51720774
/content/drive/MyDrive/DeepWeeds/dataset/20170315-085825-0.jpg,8,DW_NEG,8,DW_NEG,True,0.8866245
/content/drive/MyDrive/DeepWeeds/dataset/20170315-085923-0.jpg,8,DW_NEG,8,DW_NEG,True,0.5752448
/content/drive/MyDrive/DeepWeeds/dataset/20170315-090024-0.jpg,8,DW_NEG,8,DW_NEG,True,0.7458515
/content/drive/MyDrive/DeepWeeds/dataset/20170315-090124-0.jpg,8,DW_NEG,8,DW_NEG,True,0.8798825
/content/drive/MyDrive/DeepWeeds/dataset/20170315-090434-0.jpg,8,DW_NEG,0,DW_CHAP,False,0.517267
/content/drive/MyDrive/DeepWeeds/dataset/20170315-090514-0.jpg,8,DW_NEG,8,DW_NEG,True,0.7335646
/content/drive/MyDrive/DeepWeeds/dataset/20170315-090650-0.jpg,8,DW_NEG,1,DW_LANT,False,0.5245226
/content/drive/MyDrive/DeepWeeds/dataset/20170315-090831-0.jpg,8,DW_NEG,8,DW_NEG,True,0.87950253
/content/drive/MyDrive/DeepWeeds/dataset/20170404-153544-0.jpg,7,DW_SNWE,1,DW_LANT,False,0.5808815
/content/drive/MyDrive/DeepWeeds/dataset/20170404-153628-0.jpg,7,DW_SNWE,7,DW_SNWE,True,0.9669912
/content/drive/MyDrive/DeepWeeds/dataset/20170404-153744-0.jpg,7,DW_SNWE,7,DW_SNWE,True,0.9782267
/content/drive/MyDrive/DeepWeeds/dataset/20170404-153837-0.jpg,7,DW_SNWE,7,DW_SNWE,True,0.9618054
/content/drive/MyDrive/DeepWeeds/dataset/20170404-153902-0.jpg,7,DW_SNWE,7,DW_SNWE,True,0.9681667
/content/drive/MyDrive/DeepWeeds/dataset/20170404-154025-0.jpg,7,DW_SNWE,7,DW_SNWE,True,0.9636788
/content/drive/MyDrive/DeepWeeds/dataset/20170404-154130-0.jpg,7,DW_SNWE,7,DW_SNWE,True,0.99258727
/content/drive/MyDrive/DeepWeeds/dataset/20170404-154230-0.jpg,7,DW_SNWE,7,DW_SNWE,True,0.99328387
/content/drive/MyDrive/DeepWeeds/dataset/20170404-154333-0.jpg,7,DW_SNWE,7,DW_SNWE,True,0.992576
/content/drive/MyDrive/DeepWeeds/dataset/20170405-154901-0.jpg,0,DW_CHAP,0,DW_CHAP,True,0.9775549
/content/drive/MyDrive/DeepWeeds/dataset/20170405-155046-0.jpg,0,DW_CHAP,0,DW_CHAP,True,0.84633976
/content/drive/MyDrive/DeepWeeds/dataset/20170405-155215-0.jpg,0,DW_CHAP,0,DW_CHAP,True,0.9171602
/content/drive/MyDrive/DeepWeeds/dataset/20170405-155232-0.jpg,0,DW_CHAP,0,DW_CHAP,True,0.5836512
/content/drive/MyDrive/DeepWeeds/dataset/20170405-155438-0.jpg,0,DW_CHAP,0,DW_CHAP,True,0.7855829
/content/drive/MyDrive/DeepWeeds/dataset/20170405-155554-0.jpg,0,DW_CHAP,0,DW_CHAP,True,0.90656596
/content/drive/MyDrive/DeepWeeds/dataset/20170405-155732-0.jpg,0,DW_CHAP,0,DW_CHAP,True,0.99376595
/content/drive/MyDrive/DeepWeeds/dataset/20170405-160024-0.jpg,0,DW_CHAP,0,DW_CHAP,True,0.73225707
/content/drive/MyDrive/DeepWeeds/dataset/20170405-160226-0.jpg,0,DW_CHAP,7,DW_SNWE,False,0.73098797
/content/drive/MyDrive/DeepWeeds/dataset/20170405-160251-0.jpg,0,DW_CHAP,7,DW_SNWE,False,0.535912
/content/drive/MyDrive/DeepWeeds/dataset/20170410-124109-0.jpg,8,DW_NEG,7,DW_SNWE,False,0.69309497
/content/drive/MyDrive/DeepWeeds/dataset/20170410-124218-0.jpg,0,DW_CHAP,7,DW_SNWE,False,0.6473025
/content/drive/MyDrive/DeepWeeds/dataset/20170410-124328-0.jpg,0,DW_CHAP,0,DW_CHAP,True,0.9909932
/content/drive/MyDrive/DeepWeeds/dataset/20170410-124438-0.jpg,0,DW_CHAP,0,DW_CHAP,True,0.90397066
/content/drive/MyDrive/DeepWeeds/dataset/20170410-124625-0.jpg,0,DW_CHAP,0,DW_CHAP,True,0.49238762
/content/drive/MyDrive/DeepWeeds/dataset/20170410-124729-0.jpg,0,DW_CHAP,7,DW_SNWE,False,0.60539645
/content/drive/MyDrive/DeepWeeds/dataset/20170410-153429-0.jpg,7,DW_SNWE,7,DW_SNWE,True,0.56216884
/content/drive/MyDrive/DeepWeeds/dataset/20170410-153511-0.jpg,0,DW_CHAP,0,DW_CHAP,True,0.52891845
/content/drive/MyDrive/DeepWeeds/dataset/20170410-153913-0.jpg,0,DW_CHAP,0,DW_CHAP,True,0.97535646
/content/drive/MyDrive/DeepWeeds/dataset/20170410-154101-0.jpg,0,DW_CHAP,0,DW_CHAP,True,0.97542053
/content/drive/MyDrive/DeepWeeds/dataset/20170410-154132-0.jpg,0,DW_CHAP,0,DW_CHAP,True,0.8654995
/content/drive/MyDrive/DeepWeeds/dataset/20170410-154255-0.jpg,0,DW_CHAP,0,DW_CHAP,True,0.36328945
/content/drive/MyDrive/DeepWeeds/dataset/20170410-154734-0.jpg,0,DW_CHAP,0,DW_CHAP,True,0.9294324
/content/drive/MyDrive/DeepWeeds/dataset/20170410-155936-0.jpg,7,DW_SNWE,7,DW_SNWE,True,0.91668534
/content/drive/MyDrive/DeepWeeds/dataset/20170410-160223-0.jpg,7,DW_SNWE,7,DW_SNWE,True,0.97715443
/content/drive/MyDrive/DeepWeeds/dataset/20170501-142305-0.jpg,1,DW_LANT,8,DW_NEG,False,0.6713814
/content/drive/MyDrive/DeepWeeds/dataset/20170501-142418-0.jpg,1,DW_LANT,1,DW_LANT,True,0.98643667
/content/drive/MyDrive/DeepWeeds/dataset/20170501-142646-0.jpg,1,DW_LANT,1,DW_LANT,True,0.94939345
/content/drive/MyDrive/DeepWeeds/dataset/20170501-142713-0.jpg,1,DW_LANT,1,DW_LANT,True,0.7287012
/content/drive/MyDrive/DeepWeeds/dataset/20170501-142900-0.jpg,1,DW_LANT,1,DW_LANT,True,0.93205637
/content/drive/MyDrive/DeepWeeds/dataset/20170501-143127-0.jpg,1,DW_LANT,0,DW_CHAP,False,0.74224657
/content/drive/MyDrive/DeepWeeds/dataset/20170501-143226-0.jpg,1,DW_LANT,1,DW_LANT,True,0.8607269
/content/drive/MyDrive/DeepWeeds/dataset/20170501-143248-0.jpg,1,DW_LANT,1,DW_LANT,True,0.48001227
/content/drive/MyDrive/DeepWeeds/dataset/20170501-143529-0.jpg,1,DW_LANT,1,DW_LANT,True,0.9933515
/content/drive/MyDrive/DeepWeeds/dataset/20170501-143630-0.jpg,1,DW_LANT,1,DW_LANT,True,0.65777403
/content/drive/MyDrive/DeepWeeds/dataset/20170501-143714-0.jpg,1,DW_LANT,1,DW_LANT,True,0.9976914
/content/drive/MyDrive/DeepWeeds/dataset/20170501-143847-0.jpg,1,DW_LANT,1,DW_LANT,True,0.98246646
/content/drive/MyDrive/DeepWeeds/dataset/20170501-144221-0.jpg,1,DW_LANT,1,DW_LANT,True,0.90691763
/content/drive/MyDrive/DeepWeeds/dataset/20170501-144305-0.jpg,1,DW_LANT,1,DW_LANT,True,0.9978472
/content/drive/MyDrive/DeepWeeds/dataset/20170501-144408-0.jpg,1,DW_LANT,1,DW_LANT,True,0.99342257
/content/drive/MyDrive/DeepWeeds/dataset/20170501-144448-0.jpg,1,DW_LANT,1,DW_LANT,True,0.92624986
/content/drive/MyDrive/DeepWeeds/dataset/20170501-144633-0.jpg,8,DW_NEG,8,DW_NEG,True,0.843446
/content/drive/MyDrive/DeepWeeds/dataset/20170501-144820-0.jpg,8,DW_NEG,8,DW_NEG,True,0.6425556
/content/drive/MyDrive/DeepWeeds/dataset/20170501-144912-0.jpg,8,DW_NEG,8,DW_NEG,True,0.63358676
/content/drive/MyDrive/DeepWeeds/dataset/20170501-145007-0.jpg,8,DW_NEG,8,DW_NEG,True,0.88931936
/content/drive/MyDrive/DeepWeeds/dataset/20170501-145112-0.jpg,8,DW_NEG,8,DW_NEG,True,0.83072305
/content/drive/MyDrive/DeepWeeds/dataset/20170501-145245-0.jpg,8,DW_NEG,8,DW_NEG,True,0.86375517
/content/drive/MyDrive/DeepWeeds/dataset/20170501-145336-0.jpg,8,DW_NEG,8,DW_NEG,True,0.999559
/content/drive/MyDrive/DeepWeeds/dataset/20170501-145358-0.jpg,8,DW_NEG,8,DW_NEG,True,0.88984895
/content/drive/MyDrive/DeepWeeds/dataset/20170501-145550-0.jpg,8,DW_NEG,7,DW_SNWE,False,0.42013758
/content/drive/MyDrive/DeepWeeds/dataset/20170501-145625-0.jpg,8,DW_NEG,7,DW_SNWE,False,0.6146414
/content/drive/MyDrive/DeepWeeds/dataset/20170501-145700-0.jpg,8,DW_NEG,7,DW_SNWE,False,0.69782317
/content/drive/MyDrive/DeepWeeds/dataset/20170501-145751-0.jpg,8,DW_NEG,6,DW_SIWE,False,0.4063318
/content/drive/MyDrive/DeepWeeds/dataset/20170501-145819-0.jpg,8,DW_NEG,7,DW_SNWE,False,0.4872244
/content/drive/MyDrive/DeepWeeds/dataset/20170501-145921-0.jpg,8,DW_NEG,1,DW_LANT,False,0.7172211
/content/drive/MyDrive/DeepWeeds/dataset/20170521-153515-0.jpg,1,DW_LANT,1,DW_LANT,True,0.5417827
/content/drive/MyDrive/DeepWeeds/dataset/20170522-093530-0.jpg,1,DW_LANT,0,DW_CHAP,False,0.43428302
/content/drive/MyDrive/DeepWeeds/dataset/20170522-093642-0.jpg,1,DW_LANT,1,DW_LANT,True,0.8393966
/content/drive/MyDrive/DeepWeeds/dataset/20170610-120826-0.jpg,1,DW_LANT,1,DW_LANT,True,0.37436995
/content/drive/MyDrive/DeepWeeds/dataset/20170610-121741-0.jpg,1,DW_LANT,1,DW_LANT,True,0.4300001
/content/drive/MyDrive/DeepWeeds/dataset/20170610-122024-0.jpg,1,DW_LANT,0,DW_CHAP,False,0.5836952
/content/drive/MyDrive/DeepWeeds/dataset/20170610-122050-0.jpg,1,DW_LANT,6,DW_SIWE,False,0.4812439
/content/drive/MyDrive/DeepWeeds/dataset/20170610-122404-0.jpg,1,DW_LANT,1,DW_LANT,True,0.56372225
/content/drive/MyDrive/DeepWeeds/dataset/20170610-122533-0.jpg,1,DW_LANT,1,DW_LANT,True,0.9066599
/content/drive/MyDrive/DeepWeeds/dataset/20170610-122723-0.jpg,1,DW_LANT,1,DW_LANT,True,0.7667358
/content/drive/MyDrive/DeepWeeds/dataset/20170610-122807-0.jpg,1,DW_LANT,0,DW_CHAP,False,0.91847366
/content/drive/MyDrive/DeepWeeds/dataset/20170610-123017-0.jpg,1,DW_LANT,1,DW_LANT,True,0.9603884
/content/drive/MyDrive/DeepWeeds/dataset/20170610-123110-0.jpg,1,DW_LANT,1,DW_LANT,True,0.96099466
/content/drive/MyDrive/DeepWeeds/dataset/20170610-123326-0.jpg,1,DW_LANT,0,DW_CHAP,False,0.3940866
/content/drive/MyDrive/DeepWeeds/dataset/20170610-123408-0.jpg,1,DW_LANT,1,DW_LANT,True,0.48511374
/content/drive/MyDrive/DeepWeeds/dataset/20170610-123740-0.jpg,1,DW_LANT,6,DW_SIWE,False,0.7784176
/content/drive/MyDrive/DeepWeeds/dataset/20170610-123756-0.jpg,1,DW_LANT,8,DW_NEG,False,0.59696776
/content/drive/MyDrive/DeepWeeds/dataset/20170610-123952-0.jpg,1,DW_LANT,1,DW_LANT,True,0.922125
/content/drive/MyDrive/DeepWeeds/dataset/20170610-124033-0.jpg,1,DW_LANT,7,DW_SNWE,False,0.47847873
/content/drive/MyDrive/DeepWeeds/dataset/20170627-103419-0.jpg,0,DW_CHAP,0,DW_CHAP,True,0.438764
/content/drive/MyDrive/DeepWeeds/dataset/20170627-103624-0.jpg,0,DW_CHAP,0,DW_CHAP,True,0.9573621
/content/drive/MyDrive/DeepWeeds/dataset/20170627-103832-0.jpg,0,DW_CHAP,0,DW_CHAP,True,0.9927806
/content/drive/MyDrive/DeepWeeds/dataset/20170627-104050-0.jpg,8,DW_NEG,0,DW_CHAP,False,0.81394607
/content/drive/MyDrive/DeepWeeds/dataset/20170627-104522-0.jpg,7,DW_SNWE,7,DW_SNWE,True,0.9874385
/content/drive/MyDrive/DeepWeeds/dataset/20170627-104853-0.jpg,7,DW_SNWE,7,DW_SNWE,True,0.87337846
/content/drive/MyDrive/DeepWeeds/dataset/20170627-105033-0.jpg,8,DW_NEG,7,DW_SNWE,False,0.7753337
/content/drive/MyDrive/DeepWeeds/dataset/20170627-105314-0.jpg,0,DW_CHAP,7,DW_SNWE,False,0.49789566
/content/drive/MyDrive/DeepWeeds/dataset/20170630-150716-0.jpg,7,DW_SNWE,0,DW_CHAP,False,0.9158439
/content/drive/MyDrive/DeepWeeds/dataset/20170630-151310-0.jpg,7,DW_SNWE,0,DW_CHAP,False,0.70383173
/content/drive/MyDrive/DeepWeeds/dataset/20170630-151347-0.jpg,7,DW_SNWE,7,DW_SNWE,True,0.5260899
/content/drive/MyDrive/DeepWeeds/dataset/20170630-151804-0.jpg,7,DW_SNWE,6,DW_SIWE,False,0.5353256
/content/drive/MyDrive/DeepWeeds/dataset/20170630-152017-0.jpg,7,DW_SNWE,7,DW_SNWE,True,0.93501055
/content/drive/MyDrive/DeepWeeds/dataset/20170630-152238-0.jpg,7,DW_SNWE,7,DW_SNWE,True,0.87626576
/content/drive/MyDrive/DeepWeeds/dataset/20170630-152500-0.jpg,7,DW_SNWE,7,DW_SNWE,True,0.5429954
/content/drive/MyDrive/DeepWeeds/dataset/20170630-153511-0.jpg,8,DW_NEG,1,DW_LANT,False,0.58495057
/content/drive/MyDrive/DeepWeeds/dataset/20170630-153907-0.jpg,8,DW_NEG,8,DW_NEG,True,0.8019726
/content/drive/MyDrive/DeepWeeds/dataset/20170630-154345-0.jpg,7,DW_SNWE,6,DW_SIWE,False,0.82456666
/content/drive/MyDrive/DeepWeeds/dataset/20170630-154510-0.jpg,7,DW_SNWE,7,DW_SNWE,True,0.8417644
/content/drive/MyDrive/DeepWeeds/dataset/20170630-154706-0.jpg,7,DW_SNWE,7,DW_SNWE,True,0.58330804
/content/drive/MyDrive/DeepWeeds/dataset/20170630-154749-0.jpg,8,DW_NEG,5,DW_RUBV,False,0.30459142
/content/drive/MyDrive/DeepWeeds/dataset/20170630-155251-0.jpg,7,DW_SNWE,7,DW_SNWE,True,0.9812604
/content/drive/MyDrive/DeepWeeds/dataset/20170630-155427-0.jpg,7,DW_SNWE,7,DW_SNWE,True,0.9349022
/content/drive/MyDrive/DeepWeeds/dataset/20170630-155907-0.jpg,7,DW_SNWE,7,DW_SNWE,True,0.77547055
/content/drive/MyDrive/DeepWeeds/dataset/20170630-155936-0.jpg,7,DW_SNWE,7,DW_SNWE,True,0.97631216
/content/drive/MyDrive/DeepWeeds/dataset/20170630-160037-0.jpg,7,DW_SNWE,7,DW_SNWE,True,0.86336076
/content/drive/MyDrive/DeepWeeds/dataset/20170630-160438-0.jpg,0,DW_CHAP,0,DW_CHAP,True,0.682792
/content/drive/MyDrive/DeepWeeds/dataset/20170704-150722-0.jpg,7,DW_SNWE,1,DW_LANT,False,0.83826447
/content/drive/MyDrive/DeepWeeds/dataset/20170704-151121-0.jpg,7,DW_SNWE,1,DW_LANT,False,0.55254793
/content/drive/MyDrive/DeepWeeds/dataset/20170704-151344-0.jpg,7,DW_SNWE,7,DW_SNWE,True,0.8120562
/content/drive/MyDrive/DeepWeeds/dataset/20170704-152003-0.jpg,0,DW_CHAP,0,DW_CHAP,True,0.97003
/content/drive/MyDrive/DeepWeeds/dataset/20170704-152155-0.jpg,7,DW_SNWE,7,DW_SNWE,True,0.45238206
/content/drive/MyDrive/DeepWeeds/dataset/20170704-152523-0.jpg,0,DW_CHAP,7,DW_SNWE,False,0.5071962
/content/drive/MyDrive/DeepWeeds/dataset/20170704-153529-0.jpg,8,DW_NEG,7,DW_SNWE,False,0.9738003
/content/drive/MyDrive/DeepWeeds/dataset/20170704-154014-0.jpg,0,DW_CHAP,6,DW_SIWE,False,0.5408042
/content/drive/MyDrive/DeepWeeds/dataset/20170704-154139-0.jpg,0,DW_CHAP,7,DW_SNWE,False,0.63636607
/content/drive/MyDrive/DeepWeeds/dataset/20170704-154518-0.jpg,0,DW_CHAP,0,DW_CHAP,True,0.78473
/content/drive/MyDrive/DeepWeeds/dataset/20170704-155122-0.jpg,7,DW_SNWE,8,DW_NEG,False,0.51566523
/content/drive/MyDrive/DeepWeeds/dataset/20170704-155206-0.jpg,7,DW_SNWE,7,DW_SNWE,True,0.66333693
/content/drive/MyDrive/DeepWeeds/dataset/20170704-155422-0.jpg,7,DW_SNWE,7,DW_SNWE,True,0.61966085
/content/drive/MyDrive/DeepWeeds/dataset/20170705-160734-0.jpg,7,DW_SNWE,0,DW_CHAP,False,0.5849448
/content/drive/MyDrive/DeepWeeds/dataset/20170705-161037-0.jpg,7,DW_SNWE,7,DW_SNWE,True,0.6635743
/content/drive/MyDrive/DeepWeeds/dataset/20170705-161223-0.jpg,7,DW_SNWE,0,DW_CHAP,False,0.8995676
/content/drive/MyDrive/DeepWeeds/dataset/20170705-161341-0.jpg,7,DW_SNWE,0,DW_CHAP,False,0.49441805
/content/drive/MyDrive/DeepWeeds/dataset/20170705-161748-0.jpg,7,DW_SNWE,7,DW_SNWE,True,0.6271359
/content/drive/MyDrive/DeepWeeds/dataset/20170705-161916-0.jpg,7,DW_SNWE,7,DW_SNWE,True,0.42045024
/content/drive/MyDrive/DeepWeeds/dataset/20170705-162217-0.jpg,7,DW_SNWE,7,DW_SNWE,True,0.5118304
/content/drive/MyDrive/DeepWeeds/dataset/20170705-162351-0.jpg,7,DW_SNWE,7,DW_SNWE,True,0.8181639
/content/drive/MyDrive/DeepWeeds/dataset/20170705-162715-0.jpg,7,DW_SNWE,0,DW_CHAP,False,0.5036654
/content/drive/MyDrive/DeepWeeds/dataset/20170705-163125-0.jpg,8,DW_NEG,0,DW_CHAP,False,0.45334044
/content/drive/MyDrive/DeepWeeds/dataset/20170705-163349-0.jpg,7,DW_SNWE,7,DW_SNWE,True,0.4519507
/content/drive/MyDrive/DeepWeeds/dataset/20170705-163531-0.jpg,7,DW_SNWE,7,DW_SNWE,True,0.72243965
/content/drive/MyDrive/DeepWeeds/dataset/20170705-163848-0.jpg,7,DW_SNWE,7,DW_SNWE,True,0.8522597
/content/drive/MyDrive/DeepWeeds/dataset/20170705-163946-0.jpg,7,DW_SNWE,7,DW_SNWE,True,0.76315993
/content/drive/MyDrive/DeepWeeds/dataset/20170705-164308-0.jpg,7,DW_SNWE,7,DW_SNWE,True,0.96242446
/content/drive/MyDrive/DeepWeeds/dataset/20170705-164347-0.jpg,7,DW_SNWE,7,DW_SNWE,True,0.44370365
/content/drive/MyDrive/DeepWeeds/dataset/20170705-164812-0.jpg,7,DW_SNWE,7,DW_SNWE,True,0.5587746
/content/drive/MyDrive/DeepWeeds/dataset/20170705-165000-0.jpg,7,DW_SNWE,7,DW_SNWE,True,0.9108317
/content/drive/MyDrive/DeepWeeds/dataset/20170705-165029-0.jpg,7,DW_SNWE,7,DW_SNWE,True,0.9686493
/content/drive/MyDrive/DeepWeeds/dataset/20170705-165136-0.jpg,7,DW_SNWE,7,DW_SNWE,True,0.6599123
/content/drive/MyDrive/DeepWeeds/dataset/20170705-165342-0.jpg,0,DW_CHAP,7,DW_SNWE,False,0.71835333
/content/drive/MyDrive/DeepWeeds/dataset/20170705-165551-0.jpg,7,DW_SNWE,7,DW_SNWE,True,0.82253885
/content/drive/MyDrive/DeepWeeds/dataset/20170705-165723-0.jpg,7,DW_SNWE,7,DW_SNWE,True,0.9554369
/content/drive/MyDrive/DeepWeeds/dataset/20170705-170108-0.jpg,7,DW_SNWE,7,DW_SNWE,True,0.508698
/content/drive/MyDrive/DeepWeeds/dataset/20170705-170314-0.jpg,0,DW_CHAP,3,DW_PART,False,0.36758953
/content/drive/MyDrive/DeepWeeds/dataset/20170706-105306-0.jpg,7,DW_SNWE,7,DW_SNWE,True,0.66540164
/content/drive/MyDrive/DeepWeeds/dataset/20170706-105539-0.jpg,7,DW_SNWE,7,DW_SNWE,True,0.94989765
/content/drive/MyDrive/DeepWeeds/dataset/20170706-110150-0.jpg,7,DW_SNWE,7,DW_SNWE,True,0.7921022
/content/drive/MyDrive/DeepWeeds/dataset/20170706-110326-0.jpg,7,DW_SNWE,7,DW_SNWE,True,0.9062644
/content/drive/MyDrive/DeepWeeds/dataset/20170706-110738-0.jpg,0,DW_CHAP,7,DW_SNWE,False,0.44264618
/content/drive/MyDrive/DeepWeeds/dataset/20170706-111609-0.jpg,7,DW_SNWE,8,DW_NEG,False,0.4019829
/content/drive/MyDrive/DeepWeeds/dataset/20170706-112624-0.jpg,7,DW_SNWE,7,DW_SNWE,True,0.8423806
/content/drive/MyDrive/DeepWeeds/dataset/20170706-113027-0.jpg,7,DW_SNWE,7,DW_SNWE,True,0.9881981
/content/drive/MyDrive/DeepWeeds/dataset/20170706-113419-0.jpg,7,DW_SNWE,7,DW_SNWE,True,0.652232
/content/drive/MyDrive/DeepWeeds/dataset/20170706-113522-0.jpg,7,DW_SNWE,8,DW_NEG,False,0.44690776
/content/drive/MyDrive/DeepWeeds/dataset/20170706-130127-3.jpg,1,DW_LANT,1,DW_LANT,True,0.99731976
/content/drive/MyDrive/DeepWeeds/dataset/20170706-130316-3.jpg,1,DW_LANT,1,DW_LANT,True,0.9990571
/content/drive/MyDrive/DeepWeeds/dataset/20170707-110140-0.jpg,0,DW_CHAP,0,DW_CHAP,True,0.60728234
/content/drive/MyDrive/DeepWeeds/dataset/20170707-110305-0.jpg,7,DW_SNWE,7,DW_SNWE,True,0.6975884
/content/drive/MyDrive/DeepWeeds/dataset/20170707-111046-0.jpg,0,DW_CHAP,4,DW_PRAC,False,0.3346963
/content/drive/MyDrive/DeepWeeds/dataset/20170707-111748-0.jpg,0,DW_CHAP,0,DW_CHAP,True,0.755733
/content/drive/MyDrive/DeepWeeds/dataset/20170707-112301-0.jpg,0,DW_CHAP,7,DW_SNWE,False,0.5570767
/content/drive/MyDrive/DeepWeeds/dataset/20170707-112442-0.jpg,0,DW_CHAP,0,DW_CHAP,True,0.7361283
/content/drive/MyDrive/DeepWeeds/dataset/20170707-112953-0.jpg,7,DW_SNWE,1,DW_LANT,False,0.56660914
/content/drive/MyDrive/DeepWeeds/dataset/20170707-113402-0.jpg,0,DW_CHAP,0,DW_CHAP,True,0.84335685
/content/drive/MyDrive/DeepWeeds/dataset/20170707-113650-0.jpg,0,DW_CHAP,7,DW_SNWE,False,0.86234105
/content/drive/MyDrive/DeepWeeds/dataset/20170707-114844-0.jpg,0,DW_CHAP,0,DW_CHAP,True,0.6955991
/content/drive/MyDrive/DeepWeeds/dataset/20170711-113028-0.jpg,0,DW_CHAP,0,DW_CHAP,True,0.51316065
/content/drive/MyDrive/DeepWeeds/dataset/20170711-113055-0.jpg,0,DW_CHAP,0,DW_CHAP,True,0.5084675
/content/drive/MyDrive/DeepWeeds/dataset/20170711-114223-0.jpg,0,DW_CHAP,0,DW_CHAP,True,0.52976936
/content/drive/MyDrive/DeepWeeds/dataset/20170711-114826-0.jpg,7,DW_SNWE,7,DW_SNWE,True,0.91609263
/content/drive/MyDrive/DeepWeeds/dataset/20170711-115315-0.jpg,0,DW_CHAP,8,DW_NEG,False,0.68755376
/content/drive/MyDrive/DeepWeeds/dataset/20170711-115537-0.jpg,0,DW_CHAP,0,DW_CHAP,True,0.76005524
/content/drive/MyDrive/DeepWeeds/dataset/20170711-120239-0.jpg,7,DW_SNWE,7,DW_SNWE,True,0.6012567
/content/drive/MyDrive/DeepWeeds/dataset/20170711-120700-0.jpg,0,DW_CHAP,0,DW_CHAP,True,0.66004455
/content/drive/MyDrive/DeepWeeds/dataset/20170711-121008-0.jpg,0,DW_CHAP,0,DW_CHAP,True,0.99056304
/content/drive/MyDrive/DeepWeeds/dataset/20170711-121335-0.jpg,0,DW_CHAP,0,DW_CHAP,True,0.79486775
/content/drive/MyDrive/DeepWeeds/dataset/20170711-121448-0.jpg,0,DW_CHAP,0,DW_CHAP,True,0.81173503
/content/drive/MyDrive/DeepWeeds/dataset/20170714-110439-3.jpg,1,DW_LANT,1,DW_LANT,True,0.76925236
/content/drive/MyDrive/DeepWeeds/dataset/20170714-110618-3.jpg,1,DW_LANT,1,DW_LANT,True,0.8885776
/content/drive/MyDrive/DeepWeeds/dataset/20170714-110651-3.jpg,1,DW_LANT,1,DW_LANT,True,0.997577
/content/drive/MyDrive/DeepWeeds/dataset/20170714-110747-2.jpg,1,DW_LANT,1,DW_LANT,True,0.8710734
/content/drive/MyDrive/DeepWeeds/dataset/20170714-110825-1.jpg,1,DW_LANT,8,DW_NEG,False,0.45129985
/content/drive/MyDrive/DeepWeeds/dataset/20170714-111038-2.jpg,1,DW_LANT,1,DW_LANT,True,0.9586538
/content/drive/MyDrive/DeepWeeds/dataset/20170714-111045-1.jpg,1,DW_LANT,1,DW_LANT,True,0.9850952
/content/drive/MyDrive/DeepWeeds/dataset/20170714-111235-1.jpg,1,DW_LANT,1,DW_LANT,True,0.96714437
/content/drive/MyDrive/DeepWeeds/dataset/20170714-111315-1.jpg,1,DW_LANT,1,DW_LANT,True,0.99814105
/content/drive/MyDrive/DeepWeeds/dataset/20170714-111501-2.jpg,1,DW_LANT,1,DW_LANT,True,0.9909956
/content/drive/MyDrive/DeepWeeds/dataset/20170714-111610-1.jpg,1,DW_LANT,1,DW_LANT,True,0.999243
/content/drive/MyDrive/DeepWeeds/dataset/20170714-111926-2.jpg,1,DW_LANT,1,DW_LANT,True,0.9908728
/content/drive/MyDrive/DeepWeeds/dataset/20170714-112144-3.jpg,1,DW_LANT,1,DW_LANT,True,0.99727887
/content/drive/MyDrive/DeepWeeds/dataset/20170714-112512-2.jpg,1,DW_LANT,1,DW_LANT,True,0.999156
/content/drive/MyDrive/DeepWeeds/dataset/20170714-112604-2.jpg,1,DW_LANT,1,DW_LANT,True,0.99686384
/content/drive/MyDrive/DeepWeeds/dataset/20170714-112649-2.jpg,1,DW_LANT,1,DW_LANT,True,0.99289554
/content/drive/MyDrive/DeepWeeds/dataset/20170714-113240-2.jpg,1,DW_LANT,1,DW_LANT,True,0.9651496
/content/drive/MyDrive/DeepWeeds/dataset/20170714-113520-2.jpg,1,DW_LANT,8,DW_NEG,False,0.40972012
/content/drive/MyDrive/DeepWeeds/dataset/20170714-113838-2.jpg,1,DW_LANT,1,DW_LANT,True,0.78301674
/content/drive/MyDrive/DeepWeeds/dataset/20170714-114042-2.jpg,1,DW_LANT,1,DW_LANT,True,0.7486242
/content/drive/MyDrive/DeepWeeds/dataset/20170714-114444-2.jpg,1,DW_LANT,1,DW_LANT,True,0.9731174
/content/drive/MyDrive/DeepWeeds/dataset/20170714-114719-3.jpg,1,DW_LANT,1,DW_LANT,True,0.99847955
/content/drive/MyDrive/DeepWeeds/dataset/20170714-114911-3.jpg,1,DW_LANT,1,DW_LANT,True,0.99460816
/content/drive/MyDrive/DeepWeeds/dataset/20170714-115344-2.jpg,1,DW_LANT,1,DW_LANT,True,0.98332614
/content/drive/MyDrive/DeepWeeds/dataset/20170714-115409-3.jpg,1,DW_LANT,1,DW_LANT,True,0.99949896
/content/drive/MyDrive/DeepWeeds/dataset/20170714-115505-2.jpg,1,DW_LANT,1,DW_LANT,True,0.99729013
/content/drive/MyDrive/DeepWeeds/dataset/20170714-115620-3.jpg,1,DW_LANT,1,DW_LANT,True,0.99968755
/content/drive/MyDrive/DeepWeeds/dataset/20170714-115730-2.jpg,1,DW_LANT,1,DW_LANT,True,0.99638593
/content/drive/MyDrive/DeepWeeds/dataset/20170714-115847-3.jpg,1,DW_LANT,1,DW_LANT,True,0.9918793
/content/drive/MyDrive/DeepWeeds/dataset/20170714-115933-1.jpg,1,DW_LANT,1,DW_LANT,True,0.9989197
/content/drive/MyDrive/DeepWeeds/dataset/20170714-115933-3.jpg,1,DW_LANT,1,DW_LANT,True,0.9989104
/content/drive/MyDrive/DeepWeeds/dataset/20170714-120046-3.jpg,1,DW_LANT,1,DW_LANT,True,0.9992219
/content/drive/MyDrive/DeepWeeds/dataset/20170714-120203-3.jpg,1,DW_LANT,1,DW_LANT,True,0.99737966
/content/drive/MyDrive/DeepWeeds/dataset/20170714-120304-3.jpg,1,DW_LANT,1,DW_LANT,True,0.9990619
/content/drive/MyDrive/DeepWeeds/dataset/20170714-120502-3.jpg,1,DW_LANT,1,DW_LANT,True,0.9993826
/content/drive/MyDrive/DeepWeeds/dataset/20170714-120613-2.jpg,1,DW_LANT,1,DW_LANT,True,0.8338923
/content/drive/MyDrive/DeepWeeds/dataset/20170714-120723-3.jpg,1,DW_LANT,1,DW_LANT,True,0.9990109
/content/drive/MyDrive/DeepWeeds/dataset/20170714-121008-3.jpg,1,DW_LANT,1,DW_LANT,True,0.8080435
/content/drive/MyDrive/DeepWeeds/dataset/20170714-121517-3.jpg,1,DW_LANT,1,DW_LANT,True,0.3012583
/content/drive/MyDrive/DeepWeeds/dataset/20170714-121735-3.jpg,1,DW_LANT,1,DW_LANT,True,0.94701684
/content/drive/MyDrive/DeepWeeds/dataset/20170714-121905-2.jpg,1,DW_LANT,1,DW_LANT,True,0.99782926
/content/drive/MyDrive/DeepWeeds/dataset/20170714-122007-2.jpg,1,DW_LANT,1,DW_LANT,True,0.9991001
/content/drive/MyDrive/DeepWeeds/dataset/20170714-122210-2.jpg,1,DW_LANT,1,DW_LANT,True,0.87183344
/content/drive/MyDrive/DeepWeeds/dataset/20170714-122344-3.jpg,1,DW_LANT,1,DW_LANT,True,0.9950104
/content/drive/MyDrive/DeepWeeds/dataset/20170714-122506-3.jpg,1,DW_LANT,1,DW_LANT,True,0.9932997
/content/drive/MyDrive/DeepWeeds/dataset/20170714-122801-3.jpg,1,DW_LANT,1,DW_LANT,True,0.9949844
/content/drive/MyDrive/DeepWeeds/dataset/20170714-122855-3.jpg,1,DW_LANT,1,DW_LANT,True,0.97851413
/content/drive/MyDrive/DeepWeeds/dataset/20170714-130040-1.jpg,1,DW_LANT,1,DW_LANT,True,0.98793125
/content/drive/MyDrive/DeepWeeds/dataset/20170714-131005-1.jpg,1,DW_LANT,1,DW_LANT,True,0.9931753
/content/drive/MyDrive/DeepWeeds/dataset/20170714-132633-1.jpg,1,DW_LANT,1,DW_LANT,True,0.9986218
/content/drive/MyDrive/DeepWeeds/dataset/20170714-133342-1.jpg,1,DW_LANT,1,DW_LANT,True,0.9895047
/content/drive/MyDrive/DeepWeeds/dataset/20170714-133445-1.jpg,1,DW_LANT,1,DW_LANT,True,0.99218166
/content/drive/MyDrive/DeepWeeds/dataset/20170714-133830-1.jpg,1,DW_LANT,1,DW_LANT,True,0.99730706
/content/drive/MyDrive/DeepWeeds/dataset/20170714-134129-1.jpg,1,DW_LANT,1,DW_LANT,True,0.99700934
/content/drive/MyDrive/DeepWeeds/dataset/20170714-134152-1.jpg,1,DW_LANT,1,DW_LANT,True,0.9990584
/content/drive/MyDrive/DeepWeeds/dataset/20170714-135050-2.jpg,1,DW_LANT,1,DW_LANT,True,0.9858905
/content/drive/MyDrive/DeepWeeds/dataset/20170714-135158-2.jpg,1,DW_LANT,6,DW_SIWE,False,0.5936283
/content/drive/MyDrive/DeepWeeds/dataset/20170714-135328-3.jpg,1,DW_LANT,1,DW_LANT,True,0.99950016
/content/drive/MyDrive/DeepWeeds/dataset/20170714-135431-3.jpg,1,DW_LANT,1,DW_LANT,True,0.9998154
/content/drive/MyDrive/DeepWeeds/dataset/20170714-135916-1.jpg,1,DW_LANT,1,DW_LANT,True,0.991184
/content/drive/MyDrive/DeepWeeds/dataset/20170714-135946-2.jpg,1,DW_LANT,1,DW_LANT,True,0.99948907
/content/drive/MyDrive/DeepWeeds/dataset/20170714-140142-3.jpg,1,DW_LANT,1,DW_LANT,True,0.99924076
/content/drive/MyDrive/DeepWeeds/dataset/20170714-140238-3.jpg,1,DW_LANT,1,DW_LANT,True,0.999491
/content/drive/MyDrive/DeepWeeds/dataset/20170714-140436-1.jpg,1,DW_LANT,1,DW_LANT,True,0.9973002
/content/drive/MyDrive/DeepWeeds/dataset/20170714-140539-2.jpg,1,DW_LANT,1,DW_LANT,True,0.8900277
/content/drive/MyDrive/DeepWeeds/dataset/20170714-140607-2.jpg,1,DW_LANT,1,DW_LANT,True,0.9917345
/content/drive/MyDrive/DeepWeeds/dataset/20170714-140634-2.jpg,1,DW_LANT,1,DW_LANT,True,0.91494155
/content/drive/MyDrive/DeepWeeds/dataset/20170714-141340-3.jpg,1,DW_LANT,1,DW_LANT,True,0.994214
/content/drive/MyDrive/DeepWeeds/dataset/20170714-141443-3.jpg,1,DW_LANT,1,DW_LANT,True,0.97869337
/content/drive/MyDrive/DeepWeeds/dataset/20170714-141732-2.jpg,1,DW_LANT,1,DW_LANT,True,0.99372226
/content/drive/MyDrive/DeepWeeds/dataset/20170714-141843-3.jpg,1,DW_LANT,1,DW_LANT,True,0.720782
/content/drive/MyDrive/DeepWeeds/dataset/20170714-142019-3.jpg,1,DW_LANT,1,DW_LANT,True,0.99469817
/content/drive/MyDrive/DeepWeeds/dataset/20170714-142112-2.jpg,1,DW_LANT,1,DW_LANT,True,0.9905776
/content/drive/MyDrive/DeepWeeds/dataset/20170714-142207-2.jpg,1,DW_LANT,1,DW_LANT,True,0.9671171
/content/drive/MyDrive/DeepWeeds/dataset/20170714-142329-2.jpg,1,DW_LANT,1,DW_LANT,True,0.87057614
/content/drive/MyDrive/DeepWeeds/dataset/20170714-142512-3.jpg,1,DW_LANT,1,DW_LANT,True,0.995011
/content/drive/MyDrive/DeepWeeds/dataset/20170714-142559-2.jpg,1,DW_LANT,1,DW_LANT,True,0.99768376
/content/drive/MyDrive/DeepWeeds/dataset/20170714-142743-3.jpg,1,DW_LANT,1,DW_LANT,True,0.9998827
/content/drive/MyDrive/DeepWeeds/dataset/20170714-142931-2.jpg,1,DW_LANT,1,DW_LANT,True,0.5226096
/content/drive/MyDrive/DeepWeeds/dataset/20170714-143003-2.jpg,1,DW_LANT,1,DW_LANT,True,0.6203281
/content/drive/MyDrive/DeepWeeds/dataset/20170714-143102-3.jpg,1,DW_LANT,1,DW_LANT,True,0.8553971
/content/drive/MyDrive/DeepWeeds/dataset/20170714-143138-1.jpg,1,DW_LANT,1,DW_LANT,True,0.7771063
/content/drive/MyDrive/DeepWeeds/dataset/20170714-143253-1.jpg,1,DW_LANT,1,DW_LANT,True,0.99822134
/content/drive/MyDrive/DeepWeeds/dataset/20170714-143425-1.jpg,1,DW_LANT,1,DW_LANT,True,0.9982691
/content/drive/MyDrive/DeepWeeds/dataset/20170714-143523-1.jpg,1,DW_LANT,1,DW_LANT,True,0.9939948
/content/drive/MyDrive/DeepWeeds/dataset/20170714-143702-2.jpg,1,DW_LANT,1,DW_LANT,True,0.75593793
/content/drive/MyDrive/DeepWeeds/dataset/20170714-143745-2.jpg,1,DW_LANT,1,DW_LANT,True,0.9382929
/content/drive/MyDrive/DeepWeeds/dataset/20170714-144230-3.jpg,1,DW_LANT,1,DW_LANT,True,0.9948401
/content/drive/MyDrive/DeepWeeds/dataset/20170714-144338-2.jpg,1,DW_LANT,1,DW_LANT,True,0.9383308
/content/drive/MyDrive/DeepWeeds/dataset/20170714-150115-1.jpg,1,DW_LANT,1,DW_LANT,True,0.9956962
/content/drive/MyDrive/DeepWeeds/dataset/20170714-150201-1.jpg,1,DW_LANT,7,DW_SNWE,False,0.526569
/content/drive/MyDrive/DeepWeeds/dataset/20170714-150314-1.jpg,1,DW_LANT,1,DW_LANT,True,0.9966608
/content/drive/MyDrive/DeepWeeds/dataset/20170714-150539-1.jpg,1,DW_LANT,1,DW_LANT,True,0.99709153
/content/drive/MyDrive/DeepWeeds/dataset/20170714-165832-1.jpg,1,DW_LANT,1,DW_LANT,True,0.9989864
/content/drive/MyDrive/DeepWeeds/dataset/20170714-165934-1.jpg,1,DW_LANT,1,DW_LANT,True,0.9992791
/content/drive/MyDrive/DeepWeeds/dataset/20170714-170127-1.jpg,1,DW_LANT,1,DW_LANT,True,0.99972945
/content/drive/MyDrive/DeepWeeds/dataset/20170714-170203-1.jpg,1,DW_LANT,1,DW_LANT,True,0.99845874
/content/drive/MyDrive/DeepWeeds/dataset/20170714-170321-1.jpg,1,DW_LANT,1,DW_LANT,True,0.99922633
/content/drive/MyDrive/DeepWeeds/dataset/20170714-170622-1.jpg,1,DW_LANT,1,DW_LANT,True,0.7004713
/content/drive/MyDrive/DeepWeeds/dataset/20170714-170749-1.jpg,1,DW_LANT,1,DW_LANT,True,0.95306504
/content/drive/MyDrive/DeepWeeds/dataset/20170714-185914-1.jpg,1,DW_LANT,1,DW_LANT,True,0.90287286
/content/drive/MyDrive/DeepWeeds/dataset/20170714-190139-1.jpg,1,DW_LANT,1,DW_LANT,True,0.996179
/content/drive/MyDrive/DeepWeeds/dataset/20170714-190227-1.jpg,1,DW_LANT,1,DW_LANT,True,0.980817
/content/drive/MyDrive/DeepWeeds/dataset/20170715-100156-1.jpg,1,DW_LANT,1,DW_LANT,True,0.9321562
/content/drive/MyDrive/DeepWeeds/dataset/20170715-102205-1.jpg,1,DW_LANT,1,DW_LANT,True,0.9985875
/content/drive/MyDrive/DeepWeeds/dataset/20170715-102940-1.jpg,1,DW_LANT,1,DW_LANT,True,0.9749239
/content/drive/MyDrive/DeepWeeds/dataset/20170715-105922-1.jpg,1,DW_LANT,1,DW_LANT,True,0.98914295
/content/drive/MyDrive/DeepWeeds/dataset/20170715-113813-1.jpg,1,DW_LANT,1,DW_LANT,True,0.9980452
/content/drive/MyDrive/DeepWeeds/dataset/20170715-114315-1.jpg,1,DW_LANT,1,DW_LANT,True,0.9992505
/content/drive/MyDrive/DeepWeeds/dataset/20170715-120055-1.jpg,1,DW_LANT,1,DW_LANT,True,0.98252124
/content/drive/MyDrive/DeepWeeds/dataset/20170715-120421-1.jpg,1,DW_LANT,1,DW_LANT,True,0.9969469
/content/drive/MyDrive/DeepWeeds/dataset/20170715-124544-1.jpg,1,DW_LANT,1,DW_LANT,True,0.99689996
/content/drive/MyDrive/DeepWeeds/dataset/20170715-130024-1.jpg,1,DW_LANT,1,DW_LANT,True,0.999071
/content/drive/MyDrive/DeepWeeds/dataset/20170715-133401-1.jpg,1,DW_LANT,1,DW_LANT,True,0.98800045
/content/drive/MyDrive/DeepWeeds/dataset/20170715-135754-1.jpg,1,DW_LANT,1,DW_LANT,True,0.99982077
/content/drive/MyDrive/DeepWeeds/dataset/20170715-141015-1.jpg,1,DW_LANT,1,DW_LANT,True,0.9989367
/content/drive/MyDrive/DeepWeeds/dataset/20170715-141629-1.jpg,1,DW_LANT,1,DW_LANT,True,0.9996118
/content/drive/MyDrive/DeepWeeds/dataset/20170715-144230-1.jpg,1,DW_LANT,1,DW_LANT,True,0.9990434
/content/drive/MyDrive/DeepWeeds/dataset/20170715-150502-1.jpg,1,DW_LANT,1,DW_LANT,True,0.9852786
/content/drive/MyDrive/DeepWeeds/dataset/20170715-152433-1.jpg,1,DW_LANT,1,DW_LANT,True,0.98980355
/content/drive/MyDrive/DeepWeeds/dataset/20170715-154122-1.jpg,1,DW_LANT,1,DW_LANT,True,0.948125
/content/drive/MyDrive/DeepWeeds/dataset/20170715-154735-1.jpg,1,DW_LANT,1,DW_LANT,True,0.99906963
/content/drive/MyDrive/DeepWeeds/dataset/20170715-160802-1.jpg,1,DW_LANT,1,DW_LANT,True,0.9297649
/content/drive/MyDrive/DeepWeeds/dataset/20170715-162718-1.jpg,1,DW_LANT,1,DW_LANT,True,0.99486583
/content/drive/MyDrive/DeepWeeds/dataset/20170715-170353-1.jpg,1,DW_LANT,1,DW_LANT,True,0.9998785
/content/drive/MyDrive/DeepWeeds/dataset/20170715-170432-1.jpg,1,DW_LANT,1,DW_LANT,True,0.9939758
/content/drive/MyDrive/DeepWeeds/dataset/20170715-173134-1.jpg,1,DW_LANT,1,DW_LANT,True,0.9885223
/content/drive/MyDrive/DeepWeeds/dataset/20170715-174706-1.jpg,1,DW_LANT,1,DW_LANT,True,0.9953294
/content/drive/MyDrive/DeepWeeds/dataset/20170718-094353-2.jpg,0,DW_CHAP,0,DW_CHAP,True,0.49979034
/content/drive/MyDrive/DeepWeeds/dataset/20170718-094700-2.jpg,0,DW_CHAP,0,DW_CHAP,True,0.9257679
/content/drive/MyDrive/DeepWeeds/dataset/20170718-094738-2.jpg,0,DW_CHAP,0,DW_CHAP,True,0.8413332
/content/drive/MyDrive/DeepWeeds/dataset/20170718-095109-2.jpg,0,DW_CHAP,0,DW_CHAP,True,0.45837486
/content/drive/MyDrive/DeepWeeds/dataset/20170718-095159-2.jpg,0,DW_CHAP,0,DW_CHAP,True,0.7840276
/content/drive/MyDrive/DeepWeeds/dataset/20170718-095215-2.jpg,0,DW_CHAP,0,DW_CHAP,True,0.47328338
/content/drive/MyDrive/DeepWeeds/dataset/20170718-100224-2.jpg,0,DW_CHAP,4,DW_PRAC,False,0.35556117
/content/drive/MyDrive/DeepWeeds/dataset/20170718-100427-2.jpg,0,DW_CHAP,0,DW_CHAP,True,0.79354346
/content/drive/MyDrive/DeepWeeds/dataset/20170718-100650-2.jpg,0,DW_CHAP,1,DW_LANT,False,0.4024907
/content/drive/MyDrive/DeepWeeds/dataset/20170718-101048-2.jpg,0,DW_CHAP,0,DW_CHAP,True,0.98513746
/content/drive/MyDrive/DeepWeeds/dataset/20170718-101208-2.jpg,0,DW_CHAP,0,DW_CHAP,True,0.8273164
/content/drive/MyDrive/DeepWeeds/dataset/20170718-101328-2.jpg,0,DW_CHAP,5,DW_RUBV,False,0.35191473
/content/drive/MyDrive/DeepWeeds/dataset/20170718-101509-2.jpg,0,DW_CHAP,0,DW_CHAP,True,0.93312055
/content/drive/MyDrive/DeepWeeds/dataset/20170718-101628-2.jpg,7,DW_SNWE,8,DW_NEG,False,0.5823626
/content/drive/MyDrive/DeepWeeds/dataset/20170718-101808-2.jpg,0,DW_CHAP,1,DW_LANT,False,0.44290507
/content/drive/MyDrive/DeepWeeds/dataset/20170718-101939-2.jpg,0,DW_CHAP,0,DW_CHAP,True,0.4280559
/content/drive/MyDrive/DeepWeeds/dataset/20170718-102057-2.jpg,7,DW_SNWE,7,DW_SNWE,True,0.5193194
/content/drive/MyDrive/DeepWeeds/dataset/20170718-102206-2.jpg,7,DW_SNWE,7,DW_SNWE,True,0.92686176
/content/drive/MyDrive/DeepWeeds/dataset/20170718-102545-2.jpg,7,DW_SNWE,8,DW_NEG,False,0.3364236
/content/drive/MyDrive/DeepWeeds/dataset/20170718-131745-2.jpg,7,DW_SNWE,0,DW_CHAP,False,0.6133092
/content/drive/MyDrive/DeepWeeds/dataset/20170718-131812-2.jpg,7,DW_SNWE,7,DW_SNWE,True,0.8148087
/content/drive/MyDrive/DeepWeeds/dataset/20170718-131856-2.jpg,7,DW_SNWE,7,DW_SNWE,True,0.97509015
/content/drive/MyDrive/DeepWeeds/dataset/20170718-131944-2.jpg,7,DW_SNWE,7,DW_SNWE,True,0.98406607
/content/drive/MyDrive/DeepWeeds/dataset/20170718-132007-2.jpg,7,DW_SNWE,7,DW_SNWE,True,0.48378822
/content/drive/MyDrive/DeepWeeds/dataset/20170718-132036-2.jpg,7,DW_SNWE,7,DW_SNWE,True,0.6606128
/content/drive/MyDrive/DeepWeeds/dataset/20170718-132112-2.jpg,7,DW_SNWE,7,DW_SNWE,True,0.7060206
/content/drive/MyDrive/DeepWeeds/dataset/20170718-132216-2.jpg,7,DW_SNWE,7,DW_SNWE,True,0.8934707
/content/drive/MyDrive/DeepWeeds/dataset/20170718-132225-2.jpg,7,DW_SNWE,7,DW_SNWE,True,0.98554903
/content/drive/MyDrive/DeepWeeds/dataset/20170718-132334-2.jpg,7,DW_SNWE,7,DW_SNWE,True,0.79855126
/content/drive/MyDrive/DeepWeeds/dataset/20170718-132409-2.jpg,7,DW_SNWE,7,DW_SNWE,True,0.8246437
/content/drive/MyDrive/DeepWeeds/dataset/20170718-132445-2.jpg,7,DW_SNWE,7,DW_SNWE,True,0.76555306
/content/drive/MyDrive/DeepWeeds/dataset/20170718-132625-2.jpg,7,DW_SNWE,7,DW_SNWE,True,0.5452164
/content/drive/MyDrive/DeepWeeds/dataset/20170718-132704-2.jpg,7,DW_SNWE,7,DW_SNWE,True,0.7990635
/content/drive/MyDrive/DeepWeeds/dataset/20170718-132810-2.jpg,7,DW_SNWE,7,DW_SNWE,True,0.8792744
/content/drive/MyDrive/DeepWeeds/dataset/20170718-133003-2.jpg,7,DW_SNWE,7,DW_SNWE,True,0.6629776
/content/drive/MyDrive/DeepWeeds/dataset/20170718-133118-2.jpg,7,DW_SNWE,7,DW_SNWE,True,0.8551802
/content/drive/MyDrive/DeepWeeds/dataset/20170718-133349-2.jpg,7,DW_SNWE,7,DW_SNWE,True,0.9978186
/content/drive/MyDrive/DeepWeeds/dataset/20170718-133537-2.jpg,0,DW_CHAP,7,DW_SNWE,False,0.59645873
/content/drive/MyDrive/DeepWeeds/dataset/20170718-133726-2.jpg,7,DW_SNWE,7,DW_SNWE,True,0.962701
/content/drive/MyDrive/DeepWeeds/dataset/20170721-114858-1.jpg,0,DW_CHAP,0,DW_CHAP,True,0.9799485
/content/drive/MyDrive/DeepWeeds/dataset/20170727-094012-1.jpg,8,DW_NEG,4,DW_PRAC,False,0.8238786
/content/drive/MyDrive/DeepWeeds/dataset/20170727-111856-1.jpg,4,DW_PRAC,4,DW_PRAC,True,0.94916236
/content/drive/MyDrive/DeepWeeds/dataset/20170727-111940-1.jpg,4,DW_PRAC,4,DW_PRAC,True,0.96079636
/content/drive/MyDrive/DeepWeeds/dataset/20170727-112625-3.jpg,4,DW_PRAC,4,DW_PRAC,True,0.96927285
/content/drive/MyDrive/DeepWeeds/dataset/20170727-112933-3.jpg,4,DW_PRAC,4,DW_PRAC,True,0.9935842
/content/drive/MyDrive/DeepWeeds/dataset/20170727-113140-1.jpg,4,DW_PRAC,4,DW_PRAC,True,0.93948394
/content/drive/MyDrive/DeepWeeds/dataset/20170727-113251-3.jpg,4,DW_PRAC,4,DW_PRAC,True,0.94651514
/content/drive/MyDrive/DeepWeeds/dataset/20170727-113316-3.jpg,4,DW_PRAC,4,DW_PRAC,True,0.95182866
/content/drive/MyDrive/DeepWeeds/dataset/20170727-113505-1.jpg,4,DW_PRAC,4,DW_PRAC,True,0.97793543
/content/drive/MyDrive/DeepWeeds/dataset/20170727-113637-3.jpg,4,DW_PRAC,4,DW_PRAC,True,0.9986223
/content/drive/MyDrive/DeepWeeds/dataset/20170727-113753-1.jpg,4,DW_PRAC,4,DW_PRAC,True,0.813063
/content/drive/MyDrive/DeepWeeds/dataset/20170727-113909-1.jpg,4,DW_PRAC,4,DW_PRAC,True,0.91849595
/content/drive/MyDrive/DeepWeeds/dataset/20170727-114516-3.jpg,4,DW_PRAC,4,DW_PRAC,True,0.87749803
/content/drive/MyDrive/DeepWeeds/dataset/20170727-114537-3.jpg,4,DW_PRAC,4,DW_PRAC,True,0.90230626
/content/drive/MyDrive/DeepWeeds/dataset/20170727-114626-3.jpg,4,DW_PRAC,7,DW_SNWE,False,0.720449
/content/drive/MyDrive/DeepWeeds/dataset/20170727-115147-1.jpg,4,DW_PRAC,4,DW_PRAC,True,0.9562757
/content/drive/MyDrive/DeepWeeds/dataset/20170727-115706-3.jpg,4,DW_PRAC,4,DW_PRAC,True,0.9178167
/content/drive/MyDrive/DeepWeeds/dataset/20170727-120128-3.jpg,4,DW_PRAC,4,DW_PRAC,True,0.932491
/content/drive/MyDrive/DeepWeeds/dataset/20170727-120657-3.jpg,4,DW_PRAC,4,DW_PRAC,True,0.99068147
/content/drive/MyDrive/DeepWeeds/dataset/20170727-121108-3.jpg,4,DW_PRAC,4,DW_PRAC,True,0.8583925
/content/drive/MyDrive/DeepWeeds/dataset/20170727-121830-3.jpg,4,DW_PRAC,4,DW_PRAC,True,0.926656
/content/drive/MyDrive/DeepWeeds/dataset/20170727-124429-3.jpg,4,DW_PRAC,4,DW_PRAC,True,0.88631517
/content/drive/MyDrive/DeepWeeds/dataset/20170727-124737-1.jpg,4,DW_PRAC,4,DW_PRAC,True,0.99646866
/content/drive/MyDrive/DeepWeeds/dataset/20170727-124737-3.jpg,4,DW_PRAC,4,DW_PRAC,True,0.7758632
/content/drive/MyDrive/DeepWeeds/dataset/20170727-124937-3.jpg,4,DW_PRAC,4,DW_PRAC,True,0.9959422
/content/drive/MyDrive/DeepWeeds/dataset/20170727-125008-1.jpg,4,DW_PRAC,2,DW_PARK,False,0.5106733
/content/drive/MyDrive/DeepWeeds/dataset/20170727-125315-1.jpg,4,DW_PRAC,4,DW_PRAC,True,0.9715025
/content/drive/MyDrive/DeepWeeds/dataset/20170727-125540-3.jpg,4,DW_PRAC,4,DW_PRAC,True,0.9965245
/content/drive/MyDrive/DeepWeeds/dataset/20170727-125722-3.jpg,4,DW_PRAC,4,DW_PRAC,True,0.998166
/content/drive/MyDrive/DeepWeeds/dataset/20170727-125859-3.jpg,4,DW_PRAC,4,DW_PRAC,True,0.9985139
/content/drive/MyDrive/DeepWeeds/dataset/20170727-130103-1.jpg,4,DW_PRAC,4,DW_PRAC,True,0.9735999
/content/drive/MyDrive/DeepWeeds/dataset/20170727-130230-1.jpg,4,DW_PRAC,4,DW_PRAC,True,0.99439055
/content/drive/MyDrive/DeepWeeds/dataset/20170727-130315-1.jpg,4,DW_PRAC,4,DW_PRAC,True,0.99745077
/content/drive/MyDrive/DeepWeeds/dataset/20170727-130601-1.jpg,4,DW_PRAC,4,DW_PRAC,True,0.99725586
/content/drive/MyDrive/DeepWeeds/dataset/20170727-134916-1.jpg,4,DW_PRAC,4,DW_PRAC,True,0.9844668
/content/drive/MyDrive/DeepWeeds/dataset/20170727-135150-1.jpg,4,DW_PRAC,4,DW_PRAC,True,0.9958841
/content/drive/MyDrive/DeepWeeds/dataset/20170727-135548-1.jpg,4,DW_PRAC,4,DW_PRAC,True,0.88489574
/content/drive/MyDrive/DeepWeeds/dataset/20170727-135945-1.jpg,4,DW_PRAC,4,DW_PRAC,True,0.88885534
/content/drive/MyDrive/DeepWeeds/dataset/20170727-140142-1.jpg,4,DW_PRAC,4,DW_PRAC,True,0.999213
/content/drive/MyDrive/DeepWeeds/dataset/20170727-140315-1.jpg,4,DW_PRAC,4,DW_PRAC,True,0.9990374
/content/drive/MyDrive/DeepWeeds/dataset/20170727-140504-1.jpg,4,DW_PRAC,4,DW_PRAC,True,0.8852933
/content/drive/MyDrive/DeepWeeds/dataset/20170727-142959-1.jpg,4,DW_PRAC,4,DW_PRAC,True,0.7713917
/content/drive/MyDrive/DeepWeeds/dataset/20170727-143117-1.jpg,4,DW_PRAC,4,DW_PRAC,True,0.98297876
/content/drive/MyDrive/DeepWeeds/dataset/20170727-143545-1.jpg,4,DW_PRAC,2,DW_PARK,False,0.5259204
/content/drive/MyDrive/DeepWeeds/dataset/20170727-143716-1.jpg,4,DW_PRAC,4,DW_PRAC,True,0.9320027
/content/drive/MyDrive/DeepWeeds/dataset/20170727-143758-1.jpg,4,DW_PRAC,4,DW_PRAC,True,0.94849646
/content/drive/MyDrive/DeepWeeds/dataset/20170727-143918-3.jpg,4,DW_PRAC,4,DW_PRAC,True,0.9959925
/content/drive/MyDrive/DeepWeeds/dataset/20170727-144045-3.jpg,4,DW_PRAC,4,DW_PRAC,True,0.99982136
/content/drive/MyDrive/DeepWeeds/dataset/20170727-144243-1.jpg,4,DW_PRAC,4,DW_PRAC,True,0.99100083
/content/drive/MyDrive/DeepWeeds/dataset/20170727-144352-1.jpg,4,DW_PRAC,4,DW_PRAC,True,0.8472984
/content/drive/MyDrive/DeepWeeds/dataset/20170727-144559-1.jpg,4,DW_PRAC,4,DW_PRAC,True,0.76610506
/content/drive/MyDrive/DeepWeeds/dataset/20170727-144725-1.jpg,8,DW_NEG,4,DW_PRAC,False,0.96395475
/content/drive/MyDrive/DeepWeeds/dataset/20170727-144821-1.jpg,4,DW_PRAC,4,DW_PRAC,True,0.94633377
/content/drive/MyDrive/DeepWeeds/dataset/20170727-144930-1.jpg,4,DW_PRAC,4,DW_PRAC,True,0.9755956
/content/drive/MyDrive/DeepWeeds/dataset/20170727-145457-3.jpg,4,DW_PRAC,4,DW_PRAC,True,0.9926668
/content/drive/MyDrive/DeepWeeds/dataset/20170727-145756-3.jpg,4,DW_PRAC,4,DW_PRAC,True,0.99955386
/content/drive/MyDrive/DeepWeeds/dataset/20170727-150018-3.jpg,4,DW_PRAC,4,DW_PRAC,True,0.99684024
/content/drive/MyDrive/DeepWeeds/dataset/20170727-150211-3.jpg,4,DW_PRAC,4,DW_PRAC,True,0.99940956
/content/drive/MyDrive/DeepWeeds/dataset/20170727-150645-3.jpg,4,DW_PRAC,4,DW_PRAC,True,0.9990127
/content/drive/MyDrive/DeepWeeds/dataset/20170727-151447-1.jpg,4,DW_PRAC,4,DW_PRAC,True,0.738374
/content/drive/MyDrive/DeepWeeds/dataset/20170727-151613-1.jpg,4,DW_PRAC,4,DW_PRAC,True,0.9873203
/content/drive/MyDrive/DeepWeeds/dataset/20170727-151953-3.jpg,4,DW_PRAC,4,DW_PRAC,True,0.99631965
/content/drive/MyDrive/DeepWeeds/dataset/20170727-152403-3.jpg,4,DW_PRAC,4,DW_PRAC,True,0.7840896
/content/drive/MyDrive/DeepWeeds/dataset/20170727-152802-1.jpg,4,DW_PRAC,4,DW_PRAC,True,0.99943596
/content/drive/MyDrive/DeepWeeds/dataset/20170727-152845-1.jpg,4,DW_PRAC,4,DW_PRAC,True,0.9990295
/content/drive/MyDrive/DeepWeeds/dataset/20170727-152953-1.jpg,4,DW_PRAC,4,DW_PRAC,True,0.99437475
/content/drive/MyDrive/DeepWeeds/dataset/20170727-153017-3.jpg,4,DW_PRAC,4,DW_PRAC,True,0.9412033
/content/drive/MyDrive/DeepWeeds/dataset/20170727-154134-1.jpg,4,DW_PRAC,4,DW_PRAC,True,0.9963115
/content/drive/MyDrive/DeepWeeds/dataset/20170727-154439-1.jpg,4,DW_PRAC,4,DW_PRAC,True,0.99727875
/content/drive/MyDrive/DeepWeeds/dataset/20170727-154716-1.jpg,4,DW_PRAC,4,DW_PRAC,True,0.9471208
/content/drive/MyDrive/DeepWeeds/dataset/20170727-155224-1.jpg,8,DW_NEG,4,DW_PRAC,False,0.69912505
/content/drive/MyDrive/DeepWeeds/dataset/20170727-155330-1.jpg,4,DW_PRAC,4,DW_PRAC,True,0.8093926
/content/drive/MyDrive/DeepWeeds/dataset/20170727-155556-1.jpg,4,DW_PRAC,4,DW_PRAC,True,0.9651079
/content/drive/MyDrive/DeepWeeds/dataset/20170727-155712-1.jpg,4,DW_PRAC,4,DW_PRAC,True,0.9964645
/content/drive/MyDrive/DeepWeeds/dataset/20170727-162343-1.jpg,4,DW_PRAC,4,DW_PRAC,True,0.9967603
/content/drive/MyDrive/DeepWeeds/dataset/20170727-162546-1.jpg,4,DW_PRAC,4,DW_PRAC,True,0.98740375
/content/drive/MyDrive/DeepWeeds/dataset/20170727-162713-3.jpg,4,DW_PRAC,4,DW_PRAC,True,0.9901378
/content/drive/MyDrive/DeepWeeds/dataset/20170727-162837-1.jpg,4,DW_PRAC,4,DW_PRAC,True,0.99808806
/content/drive/MyDrive/DeepWeeds/dataset/20170727-163001-1.jpg,4,DW_PRAC,4,DW_PRAC,True,0.9951309
/content/drive/MyDrive/DeepWeeds/dataset/20170727-163200-1.jpg,4,DW_PRAC,4,DW_PRAC,True,0.9994199
/content/drive/MyDrive/DeepWeeds/dataset/20170727-163756-3.jpg,4,DW_PRAC,4,DW_PRAC,True,0.9821147
/content/drive/MyDrive/DeepWeeds/dataset/20170727-164023-1.jpg,4,DW_PRAC,4,DW_PRAC,True,0.97049135
/content/drive/MyDrive/DeepWeeds/dataset/20170727-164126-1.jpg,4,DW_PRAC,4,DW_PRAC,True,0.9929404
/content/drive/MyDrive/DeepWeeds/dataset/20170727-164248-3.jpg,4,DW_PRAC,4,DW_PRAC,True,0.8656878
/content/drive/MyDrive/DeepWeeds/dataset/20170727-164539-1.jpg,4,DW_PRAC,4,DW_PRAC,True,0.97472113
/content/drive/MyDrive/DeepWeeds/dataset/20170727-164636-1.jpg,4,DW_PRAC,4,DW_PRAC,True,0.9524253
/content/drive/MyDrive/DeepWeeds/dataset/20170727-165148-1.jpg,4,DW_PRAC,4,DW_PRAC,True,0.9168061
/content/drive/MyDrive/DeepWeeds/dataset/20170727-165320-1.jpg,4,DW_PRAC,4,DW_PRAC,True,0.9943733
/content/drive/MyDrive/DeepWeeds/dataset/20170727-165433-3.jpg,4,DW_PRAC,4,DW_PRAC,True,0.9955259
/content/drive/MyDrive/DeepWeeds/dataset/20170727-165544-1.jpg,4,DW_PRAC,4,DW_PRAC,True,0.99895215
/content/drive/MyDrive/DeepWeeds/dataset/20170727-165715-1.jpg,4,DW_PRAC,4,DW_PRAC,True,0.9954764
/content/drive/MyDrive/DeepWeeds/dataset/20170727-170007-1.jpg,4,DW_PRAC,4,DW_PRAC,True,0.99734867
/content/drive/MyDrive/DeepWeeds/dataset/20170727-170217-1.jpg,4,DW_PRAC,4,DW_PRAC,True,0.9957253
/content/drive/MyDrive/DeepWeeds/dataset/20170727-170437-1.jpg,8,DW_NEG,4,DW_PRAC,False,0.95102054
/content/drive/MyDrive/DeepWeeds/dataset/20170727-170649-1.jpg,4,DW_PRAC,4,DW_PRAC,True,0.9695721
/content/drive/MyDrive/DeepWeeds/dataset/20170727-170810-3.jpg,4,DW_PRAC,4,DW_PRAC,True,0.96150905
/content/drive/MyDrive/DeepWeeds/dataset/20170727-170947-1.jpg,4,DW_PRAC,4,DW_PRAC,True,0.9191853
/content/drive/MyDrive/DeepWeeds/dataset/20170727-171052-3.jpg,4,DW_PRAC,4,DW_PRAC,True,0.9385494
/content/drive/MyDrive/DeepWeeds/dataset/20170727-171203-1.jpg,4,DW_PRAC,4,DW_PRAC,True,0.9752264
/content/drive/MyDrive/DeepWeeds/dataset/20170727-171518-1.jpg,4,DW_PRAC,4,DW_PRAC,True,0.98821855
/content/drive/MyDrive/DeepWeeds/dataset/20170727-171618-3.jpg,4,DW_PRAC,4,DW_PRAC,True,0.9629132
/content/drive/MyDrive/DeepWeeds/dataset/20170727-171709-3.jpg,4,DW_PRAC,4,DW_PRAC,True,0.9972615
/content/drive/MyDrive/DeepWeeds/dataset/20170727-171755-2.jpg,4,DW_PRAC,4,DW_PRAC,True,0.9995919
/content/drive/MyDrive/DeepWeeds/dataset/20170727-171755-3.jpg,4,DW_PRAC,4,DW_PRAC,True,0.93927294
/content/drive/MyDrive/DeepWeeds/dataset/20170727-171839-1.jpg,4,DW_PRAC,4,DW_PRAC,True,0.80634356
/content/drive/MyDrive/DeepWeeds/dataset/20170727-171942-1.jpg,4,DW_PRAC,4,DW_PRAC,True,0.57920724
/content/drive/MyDrive/DeepWeeds/dataset/20170728-115256-1.jpg,4,DW_PRAC,4,DW_PRAC,True,0.9569054
/content/drive/MyDrive/DeepWeeds/dataset/20170728-120134-2.jpg,4,DW_PRAC,4,DW_PRAC,True,0.995169
/content/drive/MyDrive/DeepWeeds/dataset/20170728-120207-2.jpg,4,DW_PRAC,4,DW_PRAC,True,0.9990314
/content/drive/MyDrive/DeepWeeds/dataset/20170728-120435-2.jpg,4,DW_PRAC,4,DW_PRAC,True,0.9318389
/content/drive/MyDrive/DeepWeeds/dataset/20170728-120534-2.jpg,4,DW_PRAC,4,DW_PRAC,True,0.9786588
/content/drive/MyDrive/DeepWeeds/dataset/20170728-120900-2.jpg,4,DW_PRAC,4,DW_PRAC,True,0.9512585
/content/drive/MyDrive/DeepWeeds/dataset/20170728-121232-2.jpg,4,DW_PRAC,4,DW_PRAC,True,0.9984883
/content/drive/MyDrive/DeepWeeds/dataset/20170728-121353-2.jpg,4,DW_PRAC,4,DW_PRAC,True,0.99339867
/content/drive/MyDrive/DeepWeeds/dataset/20170728-121519-2.jpg,4,DW_PRAC,4,DW_PRAC,True,0.99972755
/content/drive/MyDrive/DeepWeeds/dataset/20170728-121823-2.jpg,4,DW_PRAC,4,DW_PRAC,True,0.9954495
/content/drive/MyDrive/DeepWeeds/dataset/20170728-122008-2.jpg,4,DW_PRAC,4,DW_PRAC,True,0.96888566
/content/drive/MyDrive/DeepWeeds/dataset/20170728-122106-2.jpg,4,DW_PRAC,4,DW_PRAC,True,0.97393
/content/drive/MyDrive/DeepWeeds/dataset/20170728-122306-3.jpg,4,DW_PRAC,4,DW_PRAC,True,0.88615394
/content/drive/MyDrive/DeepWeeds/dataset/20170728-122338-2.jpg,4,DW_PRAC,4,DW_PRAC,True,0.98800313
/content/drive/MyDrive/DeepWeeds/dataset/20170728-122435-2.jpg,4,DW_PRAC,4,DW_PRAC,True,0.9885231
/content/drive/MyDrive/DeepWeeds/dataset/20170728-122456-2.jpg,4,DW_PRAC,4,DW_PRAC,True,0.99656904
/content/drive/MyDrive/DeepWeeds/dataset/20170728-122620-3.jpg,4,DW_PRAC,4,DW_PRAC,True,0.9796087
/content/drive/MyDrive/DeepWeeds/dataset/20170728-122736-2.jpg,4,DW_PRAC,4,DW_PRAC,True,0.874105
/content/drive/MyDrive/DeepWeeds/dataset/20170728-123000-2.jpg,4,DW_PRAC,8,DW_NEG,False,0.56149155
/content/drive/MyDrive/DeepWeeds/dataset/20170728-123035-2.jpg,4,DW_PRAC,4,DW_PRAC,True,0.9850293
/content/drive/MyDrive/DeepWeeds/dataset/20170728-123815-3.jpg,4,DW_PRAC,4,DW_PRAC,True,0.99907696
/content/drive/MyDrive/DeepWeeds/dataset/20170728-124106-2.jpg,4,DW_PRAC,4,DW_PRAC,True,0.9253581
/content/drive/MyDrive/DeepWeeds/dataset/20170728-124313-3.jpg,4,DW_PRAC,4,DW_PRAC,True,0.8677834
/content/drive/MyDrive/DeepWeeds/dataset/20170728-124451-2.jpg,4,DW_PRAC,4,DW_PRAC,True,0.9981
/content/drive/MyDrive/DeepWeeds/dataset/20170728-124642-2.jpg,4,DW_PRAC,4,DW_PRAC,True,0.9934863
/content/drive/MyDrive/DeepWeeds/dataset/20170728-124749-2.jpg,4,DW_PRAC,4,DW_PRAC,True,0.8236282
/content/drive/MyDrive/DeepWeeds/dataset/20170728-124827-2.jpg,4,DW_PRAC,4,DW_PRAC,True,0.9977368
/content/drive/MyDrive/DeepWeeds/dataset/20170728-125031-2.jpg,4,DW_PRAC,4,DW_PRAC,True,0.9994832
/content/drive/MyDrive/DeepWeeds/dataset/20170728-125054-3.jpg,4,DW_PRAC,4,DW_PRAC,True,0.6377681
/content/drive/MyDrive/DeepWeeds/dataset/20170728-125317-2.jpg,4,DW_PRAC,4,DW_PRAC,True,0.9993512
/content/drive/MyDrive/DeepWeeds/dataset/20170728-125433-3.jpg,4,DW_PRAC,4,DW_PRAC,True,0.78458554
/content/drive/MyDrive/DeepWeeds/dataset/20170728-125810-3.jpg,4,DW_PRAC,4,DW_PRAC,True,0.9813689
/content/drive/MyDrive/DeepWeeds/dataset/20170728-145909-1.jpg,8,DW_NEG,4,DW_PRAC,False,0.48790532
/content/drive/MyDrive/DeepWeeds/dataset/20170728-150105-1.jpg,4,DW_PRAC,4,DW_PRAC,True,0.98583305
/content/drive/MyDrive/DeepWeeds/dataset/20170728-150215-1.jpg,4,DW_PRAC,4,DW_PRAC,True,0.9833174
/content/drive/MyDrive/DeepWeeds/dataset/20170728-150426-3.jpg,8,DW_NEG,4,DW_PRAC,False,0.995259
/content/drive/MyDrive/DeepWeeds/dataset/20170728-150511-3.jpg,8,DW_NEG,4,DW_PRAC,False,0.85533404
/content/drive/MyDrive/DeepWeeds/dataset/20170728-150813-1.jpg,8,DW_NEG,4,DW_PRAC,False,0.87013143
/content/drive/MyDrive/DeepWeeds/dataset/20170728-150847-1.jpg,4,DW_PRAC,4,DW_PRAC,True,0.9639247
/content/drive/MyDrive/DeepWeeds/dataset/20170728-150952-1.jpg,4,DW_PRAC,4,DW_PRAC,True,0.9971119
/content/drive/MyDrive/DeepWeeds/dataset/20170728-151413-1.jpg,8,DW_NEG,4,DW_PRAC,False,0.97425246
/content/drive/MyDrive/DeepWeeds/dataset/20170728-151548-2.jpg,4,DW_PRAC,4,DW_PRAC,True,0.99002737
/content/drive/MyDrive/DeepWeeds/dataset/20170728-151846-1.jpg,8,DW_NEG,4,DW_PRAC,False,0.997442
/content/drive/MyDrive/DeepWeeds/dataset/20170728-151858-2.jpg,4,DW_PRAC,4,DW_PRAC,True,0.95926726
/content/drive/MyDrive/DeepWeeds/dataset/20170728-152054-1.jpg,8,DW_NEG,4,DW_PRAC,False,0.9204701
/content/drive/MyDrive/DeepWeeds/dataset/20170728-152216-1.jpg,4,DW_PRAC,4,DW_PRAC,True,0.99384415
/content/drive/MyDrive/DeepWeeds/dataset/20170728-152245-3.jpg,8,DW_NEG,4,DW_PRAC,False,0.99518365
/content/drive/MyDrive/DeepWeeds/dataset/20170728-152532-1.jpg,4,DW_PRAC,4,DW_PRAC,True,0.982862
/content/drive/MyDrive/DeepWeeds/dataset/20170728-152722-2.jpg,4,DW_PRAC,4,DW_PRAC,True,0.9091571
/content/drive/MyDrive/DeepWeeds/dataset/20170728-152827-3.jpg,8,DW_NEG,4,DW_PRAC,False,0.97473675
/content/drive/MyDrive/DeepWeeds/dataset/20170728-152836-2.jpg,4,DW_PRAC,4,DW_PRAC,True,0.99565244
/content/drive/MyDrive/DeepWeeds/dataset/20170728-153122-1.jpg,8,DW_NEG,4,DW_PRAC,False,0.8183856
/content/drive/MyDrive/DeepWeeds/dataset/20170728-153128-1.jpg,4,DW_PRAC,4,DW_PRAC,True,0.8360912
/content/drive/MyDrive/DeepWeeds/dataset/20170728-153152-2.jpg,4,DW_PRAC,4,DW_PRAC,True,0.68234694
/content/drive/MyDrive/DeepWeeds/dataset/20170728-153256-3.jpg,8,DW_NEG,4,DW_PRAC,False,0.96457845
/content/drive/MyDrive/DeepWeeds/dataset/20170728-153449-2.jpg,4,DW_PRAC,4,DW_PRAC,True,0.9986588
/content/drive/MyDrive/DeepWeeds/dataset/20170728-153536-3.jpg,8,DW_NEG,4,DW_PRAC,False,0.827795
/content/drive/MyDrive/DeepWeeds/dataset/20170728-153614-1.jpg,8,DW_NEG,4,DW_PRAC,False,0.7899223
/content/drive/MyDrive/DeepWeeds/dataset/20170728-154000-3.jpg,8,DW_NEG,4,DW_PRAC,False,0.49902824
/content/drive/MyDrive/DeepWeeds/dataset/20170728-154142-1.jpg,4,DW_PRAC,4,DW_PRAC,True,0.9889782
/content/drive/MyDrive/DeepWeeds/dataset/20170728-154302-3.jpg,8,DW_NEG,4,DW_PRAC,False,0.99036473
/content/drive/MyDrive/DeepWeeds/dataset/20170728-154705-1.jpg,4,DW_PRAC,4,DW_PRAC,True,0.99588084
/content/drive/MyDrive/DeepWeeds/dataset/20170728-155251-1.jpg,4,DW_PRAC,4,DW_PRAC,True,0.9626573
/content/drive/MyDrive/DeepWeeds/dataset/20170729-085836-3.jpg,4,DW_PRAC,4,DW_PRAC,True,0.71041095
/content/drive/MyDrive/DeepWeeds/dataset/20170729-085926-1.jpg,4,DW_PRAC,4,DW_PRAC,True,0.8182053
/content/drive/MyDrive/DeepWeeds/dataset/20170729-085955-3.jpg,4,DW_PRAC,4,DW_PRAC,True,0.988962
/content/drive/MyDrive/DeepWeeds/dataset/20170729-090140-1.jpg,4,DW_PRAC,4,DW_PRAC,True,0.9334656
/content/drive/MyDrive/DeepWeeds/dataset/20170729-090346-1.jpg,4,DW_PRAC,4,DW_PRAC,True,0.99987257
/content/drive/MyDrive/DeepWeeds/dataset/20170729-090408-1.jpg,4,DW_PRAC,4,DW_PRAC,True,0.99816906
/content/drive/MyDrive/DeepWeeds/dataset/20170729-090602-1.jpg,4,DW_PRAC,4,DW_PRAC,True,0.9855376
/content/drive/MyDrive/DeepWeeds/dataset/20170729-090812-1.jpg,4,DW_PRAC,4,DW_PRAC,True,0.9984049
/content/drive/MyDrive/DeepWeeds/dataset/20170729-091011-1.jpg,4,DW_PRAC,4,DW_PRAC,True,0.9950152
/content/drive/MyDrive/DeepWeeds/dataset/20170729-091101-1.jpg,4,DW_PRAC,4,DW_PRAC,True,0.987271
/content/drive/MyDrive/DeepWeeds/dataset/20170729-091105-2.jpg,4,DW_PRAC,4,DW_PRAC,True,0.9991334
/content/drive/MyDrive/DeepWeeds/dataset/20170729-091718-1.jpg,4,DW_PRAC,4,DW_PRAC,True,0.9992337
/content/drive/MyDrive/DeepWeeds/dataset/20170729-091749-2.jpg,4,DW_PRAC,4,DW_PRAC,True,0.99424535
/content/drive/MyDrive/DeepWeeds/dataset/20170729-092018-1.jpg,4,DW_PRAC,7,DW_SNWE,False,0.66647744
/content/drive/MyDrive/DeepWeeds/dataset/20170729-092200-2.jpg,4,DW_PRAC,4,DW_PRAC,True,0.9997923
/content/drive/MyDrive/DeepWeeds/dataset/20170729-092240-1.jpg,4,DW_PRAC,4,DW_PRAC,True,0.99924123
/content/drive/MyDrive/DeepWeeds/dataset/20170729-092430-1.jpg,4,DW_PRAC,4,DW_PRAC,True,0.96137816
/content/drive/MyDrive/DeepWeeds/dataset/20170729-092523-1.jpg,4,DW_PRAC,4,DW_PRAC,True,0.9977538
/content/drive/MyDrive/DeepWeeds/dataset/20170729-092652-1.jpg,4,DW_PRAC,4,DW_PRAC,True,0.993739
/content/drive/MyDrive/DeepWeeds/dataset/20170729-092752-1.jpg,4,DW_PRAC,4,DW_PRAC,True,0.99656445
/content/drive/MyDrive/DeepWeeds/dataset/20170729-092837-2.jpg,4,DW_PRAC,4,DW_PRAC,True,0.9967333
/content/drive/MyDrive/DeepWeeds/dataset/20170729-092929-2.jpg,4,DW_PRAC,4,DW_PRAC,True,0.9959401
/content/drive/MyDrive/DeepWeeds/dataset/20170729-093015-3.jpg,8,DW_NEG,8,DW_NEG,True,0.4923782
/content/drive/MyDrive/DeepWeeds/dataset/20170729-093227-2.jpg,4,DW_PRAC,4,DW_PRAC,True,0.9898056
/content/drive/MyDrive/DeepWeeds/dataset/20170729-093431-2.jpg,4,DW_PRAC,4,DW_PRAC,True,0.99981445
/content/drive/MyDrive/DeepWeeds/dataset/20170729-093609-2.jpg,4,DW_PRAC,4,DW_PRAC,True,0.99774027
/content/drive/MyDrive/DeepWeeds/dataset/20170729-153313-3.jpg,4,DW_PRAC,4,DW_PRAC,True,0.77309465
/content/drive/MyDrive/DeepWeeds/dataset/20170729-153504-3.jpg,4,DW_PRAC,4,DW_PRAC,True,0.99132514
/content/drive/MyDrive/DeepWeeds/dataset/20170729-153538-3.jpg,4,DW_PRAC,4,DW_PRAC,True,0.9695785
/content/drive/MyDrive/DeepWeeds/dataset/20170729-153742-3.jpg,4,DW_PRAC,4,DW_PRAC,True,0.997563
/content/drive/MyDrive/DeepWeeds/dataset/20170729-154133-3.jpg,4,DW_PRAC,4,DW_PRAC,True,0.9508125
/content/drive/MyDrive/DeepWeeds/dataset/20170729-154609-3.jpg,4,DW_PRAC,4,DW_PRAC,True,0.9727853
/content/drive/MyDrive/DeepWeeds/dataset/20170803-131501-1.jpg,0,DW_CHAP,7,DW_SNWE,False,0.77982235
/content/drive/MyDrive/DeepWeeds/dataset/20170803-132255-1.jpg,7,DW_SNWE,7,DW_SNWE,True,0.5342977
/content/drive/MyDrive/DeepWeeds/dataset/20170804-132430-1.jpg,1,DW_LANT,8,DW_NEG,False,0.5617645
/content/drive/MyDrive/DeepWeeds/dataset/20170804-133024-1.jpg,0,DW_CHAP,0,DW_CHAP,True,0.39911938
/content/drive/MyDrive/DeepWeeds/dataset/20170811-100750-2.jpg,0,DW_CHAP,0,DW_CHAP,True,0.97997266
/content/drive/MyDrive/DeepWeeds/dataset/20170811-103503-2.jpg,0,DW_CHAP,0,DW_CHAP,True,0.53852826
/content/drive/MyDrive/DeepWeeds/dataset/20170811-103645-2.jpg,0,DW_CHAP,0,DW_CHAP,True,0.6130705
/content/drive/MyDrive/DeepWeeds/dataset/20170811-103813-2.jpg,0,DW_CHAP,0,DW_CHAP,True,0.7398265
/content/drive/MyDrive/DeepWeeds/dataset/20170811-103929-2.jpg,0,DW_CHAP,0,DW_CHAP,True,0.9052307
/content/drive/MyDrive/DeepWeeds/dataset/20170811-104139-1.jpg,0,DW_CHAP,0,DW_CHAP,True,0.9814217
/content/drive/MyDrive/DeepWeeds/dataset/20170811-104353-2.jpg,0,DW_CHAP,0,DW_CHAP,True,0.75748265
/content/drive/MyDrive/DeepWeeds/dataset/20170811-104441-2.jpg,0,DW_CHAP,0,DW_CHAP,True,0.8232118
/content/drive/MyDrive/DeepWeeds/dataset/20170811-104623-2.jpg,0,DW_CHAP,0,DW_CHAP,True,0.984695
/content/drive/MyDrive/DeepWeeds/dataset/20170811-104804-2.jpg,0,DW_CHAP,0,DW_CHAP,True,0.54511017
/content/drive/MyDrive/DeepWeeds/dataset/20170811-105123-2.jpg,0,DW_CHAP,7,DW_SNWE,False,0.818358
/content/drive/MyDrive/DeepWeeds/dataset/20170811-110245-2.jpg,0,DW_CHAP,0,DW_CHAP,True,0.9939328
/content/drive/MyDrive/DeepWeeds/dataset/20170811-110609-1.jpg,0,DW_CHAP,0,DW_CHAP,True,0.97105265
/content/drive/MyDrive/DeepWeeds/dataset/20170811-111114-2.jpg,0,DW_CHAP,0,DW_CHAP,True,0.99214244
/content/drive/MyDrive/DeepWeeds/dataset/20170811-111301-2.jpg,0,DW_CHAP,0,DW_CHAP,True,0.9250739
/content/drive/MyDrive/DeepWeeds/dataset/20170811-111413-1.jpg,0,DW_CHAP,0,DW_CHAP,True,0.9938745
/content/drive/MyDrive/DeepWeeds/dataset/20170811-112522-2.jpg,0,DW_CHAP,0,DW_CHAP,True,0.99700195
/content/drive/MyDrive/DeepWeeds/dataset/20170811-112727-1.jpg,0,DW_CHAP,0,DW_CHAP,True,0.9616958
/content/drive/MyDrive/DeepWeeds/dataset/20170811-112959-2.jpg,0,DW_CHAP,0,DW_CHAP,True,0.45070666
/content/drive/MyDrive/DeepWeeds/dataset/20170811-113501-1.jpg,0,DW_CHAP,0,DW_CHAP,True,0.5414276
/content/drive/MyDrive/DeepWeeds/dataset/20170811-113755-1.jpg,0,DW_CHAP,8,DW_NEG,False,0.88433534
/content/drive/MyDrive/DeepWeeds/dataset/20170811-114019-1.jpg,0,DW_CHAP,0,DW_CHAP,True,0.7910647
/content/drive/MyDrive/DeepWeeds/dataset/20170811-114143-2.jpg,0,DW_CHAP,0,DW_CHAP,True,0.77789414
/content/drive/MyDrive/DeepWeeds/dataset/20170811-114743-2.jpg,0,DW_CHAP,7,DW_SNWE,False,0.64865553
/content/drive/MyDrive/DeepWeeds/dataset/20170811-114958-2.jpg,0,DW_CHAP,0,DW_CHAP,True,0.9755903
/content/drive/MyDrive/DeepWeeds/dataset/20170811-115130-2.jpg,0,DW_CHAP,0,DW_CHAP,True,0.8577941
/content/drive/MyDrive/DeepWeeds/dataset/20170811-122609-2.jpg,0,DW_CHAP,0,DW_CHAP,True,0.9981254
/content/drive/MyDrive/DeepWeeds/dataset/20170811-122809-2.jpg,0,DW_CHAP,0,DW_CHAP,True,0.902012
/content/drive/MyDrive/DeepWeeds/dataset/20170811-123016-2.jpg,0,DW_CHAP,0,DW_CHAP,True,0.7758349
/content/drive/MyDrive/DeepWeeds/dataset/20170811-123636-2.jpg,0,DW_CHAP,0,DW_CHAP,True,0.95461416
/content/drive/MyDrive/DeepWeeds/dataset/20170811-124710-1.jpg,0,DW_CHAP,0,DW_CHAP,True,0.863485
/content/drive/MyDrive/DeepWeeds/dataset/20170811-124841-2.jpg,0,DW_CHAP,0,DW_CHAP,True,0.9290503
/content/drive/MyDrive/DeepWeeds/dataset/20170811-125030-1.jpg,0,DW_CHAP,0,DW_CHAP,True,0.772245
/content/drive/MyDrive/DeepWeeds/dataset/20170811-125055-1.jpg,0,DW_CHAP,0,DW_CHAP,True,0.97214913
/content/drive/MyDrive/DeepWeeds/dataset/20170811-125323-1.jpg,0,DW_CHAP,0,DW_CHAP,True,0.94292545
/content/drive/MyDrive/DeepWeeds/dataset/20170811-125323-2.jpg,0,DW_CHAP,0,DW_CHAP,True,0.9821061
/content/drive/MyDrive/DeepWeeds/dataset/20170811-125610-1.jpg,0,DW_CHAP,0,DW_CHAP,True,0.84095657
/content/drive/MyDrive/DeepWeeds/dataset/20170811-125920-1.jpg,0,DW_CHAP,0,DW_CHAP,True,0.9911515
/content/drive/MyDrive/DeepWeeds/dataset/20170811-130221-1.jpg,0,DW_CHAP,0,DW_CHAP,True,0.99854326
/content/drive/MyDrive/DeepWeeds/dataset/20170811-130352-2.jpg,0,DW_CHAP,0,DW_CHAP,True,0.9934621
/content/drive/MyDrive/DeepWeeds/dataset/20170811-130639-1.jpg,0,DW_CHAP,0,DW_CHAP,True,0.936291
/content/drive/MyDrive/DeepWeeds/dataset/20170811-131045-1.jpg,0,DW_CHAP,0,DW_CHAP,True,0.99416465
/content/drive/MyDrive/DeepWeeds/dataset/20170811-131052-2.jpg,0,DW_CHAP,0,DW_CHAP,True,0.9658965
/content/drive/MyDrive/DeepWeeds/dataset/20170811-131255-1.jpg,0,DW_CHAP,0,DW_CHAP,True,0.5356657
/content/drive/MyDrive/DeepWeeds/dataset/20170811-131454-1.jpg,0,DW_CHAP,5,DW_RUBV,False,0.9233047
/content/drive/MyDrive/DeepWeeds/dataset/20170811-131532-2.jpg,0,DW_CHAP,0,DW_CHAP,True,0.9963225
/content/drive/MyDrive/DeepWeeds/dataset/20170811-132405-2.jpg,0,DW_CHAP,0,DW_CHAP,True,0.5713198
/content/drive/MyDrive/DeepWeeds/dataset/20170811-132518-1.jpg,0,DW_CHAP,5,DW_RUBV,False,0.6281876
/content/drive/MyDrive/DeepWeeds/dataset/20170811-132606-1.jpg,0,DW_CHAP,0,DW_CHAP,True,0.70216906
/content/drive/MyDrive/DeepWeeds/dataset/20170811-132732-1.jpg,0,DW_CHAP,0,DW_CHAP,True,0.99507266
/content/drive/MyDrive/DeepWeeds/dataset/20170811-133033-1.jpg,0,DW_CHAP,0,DW_CHAP,True,0.88407683
/content/drive/MyDrive/DeepWeeds/dataset/20170811-133219-2.jpg,0,DW_CHAP,0,DW_CHAP,True,0.6579968
/content/drive/MyDrive/DeepWeeds/dataset/20170811-133320-1.jpg,0,DW_CHAP,0,DW_CHAP,True,0.99056226
/content/drive/MyDrive/DeepWeeds/dataset/20170811-133606-2.jpg,0,DW_CHAP,7,DW_SNWE,False,0.63464445
/content/drive/MyDrive/DeepWeeds/dataset/20170811-133631-2.jpg,0,DW_CHAP,0,DW_CHAP,True,0.7076189
/content/drive/MyDrive/DeepWeeds/dataset/20170811-133720-2.jpg,0,DW_CHAP,0,DW_CHAP,True,0.8041202
/content/drive/MyDrive/DeepWeeds/dataset/20170811-133943-2.jpg,0,DW_CHAP,0,DW_CHAP,True,0.8480198
/content/drive/MyDrive/DeepWeeds/dataset/20170811-134007-1.jpg,0,DW_CHAP,0,DW_CHAP,True,0.9570279
/content/drive/MyDrive/DeepWeeds/dataset/20170811-134128-1.jpg,0,DW_CHAP,0,DW_CHAP,True,0.7796852
/content/drive/MyDrive/DeepWeeds/dataset/20170811-134256-1.jpg,0,DW_CHAP,0,DW_CHAP,True,0.47164065
/content/drive/MyDrive/DeepWeeds/dataset/20170811-134409-1.jpg,0,DW_CHAP,0,DW_CHAP,True,0.7250745
/content/drive/MyDrive/DeepWeeds/dataset/20170811-134449-2.jpg,0,DW_CHAP,0,DW_CHAP,True,0.9570661
/content/drive/MyDrive/DeepWeeds/dataset/20170811-134636-2.jpg,0,DW_CHAP,0,DW_CHAP,True,0.66383016
/content/drive/MyDrive/DeepWeeds/dataset/20170811-154839-2.jpg,0,DW_CHAP,0,DW_CHAP,True,0.9966671
/content/drive/MyDrive/DeepWeeds/dataset/20170811-155004-2.jpg,0,DW_CHAP,0,DW_CHAP,True,0.51999766
/content/drive/MyDrive/DeepWeeds/dataset/20170811-155103-2.jpg,0,DW_CHAP,0,DW_CHAP,True,0.94272816
/content/drive/MyDrive/DeepWeeds/dataset/20170811-162102-1.jpg,0,DW_CHAP,0,DW_CHAP,True,0.9837992
/content/drive/MyDrive/DeepWeeds/dataset/20170811-162503-1.jpg,0,DW_CHAP,0,DW_CHAP,True,0.9576833
/content/drive/MyDrive/DeepWeeds/dataset/20170811-163650-1.jpg,0,DW_CHAP,0,DW_CHAP,True,0.9883455
/content/drive/MyDrive/DeepWeeds/dataset/20170906-091751-1.jpg,3,DW_PART,7,DW_SNWE,False,0.6766178
/content/drive/MyDrive/DeepWeeds/dataset/20170906-092311-1.jpg,3,DW_PART,3,DW_PART,True,0.7515554
/content/drive/MyDrive/DeepWeeds/dataset/20170906-093055-1.jpg,3,DW_PART,7,DW_SNWE,False,0.59691375
/content/drive/MyDrive/DeepWeeds/dataset/20170906-094133-4.jpg,3,DW_PART,2,DW_PARK,False,0.97594905
/content/drive/MyDrive/DeepWeeds/dataset/20170906-094622-1.jpg,3,DW_PART,4,DW_PRAC,False,0.400334
/content/drive/MyDrive/DeepWeeds/dataset/20170906-094844-2.jpg,3,DW_PART,4,DW_PRAC,False,0.54922456
/content/drive/MyDrive/DeepWeeds/dataset/20170906-095922-1.jpg,3,DW_PART,3,DW_PART,True,0.7303619
/content/drive/MyDrive/DeepWeeds/dataset/20170906-100132-1.jpg,3,DW_PART,3,DW_PART,True,0.97682923
/content/drive/MyDrive/DeepWeeds/dataset/20170906-100809-1.jpg,3,DW_PART,3,DW_PART,True,0.86046475
/content/drive/MyDrive/DeepWeeds/dataset/20170906-101344-1.jpg,3,DW_PART,3,DW_PART,True,0.78931344
/content/drive/MyDrive/DeepWeeds/dataset/20170906-103622-1.jpg,3,DW_PART,3,DW_PART,True,0.90654284
/content/drive/MyDrive/DeepWeeds/dataset/20170906-103848-1.jpg,3,DW_PART,3,DW_PART,True,0.981642
/content/drive/MyDrive/DeepWeeds/dataset/20170906-104758-1.jpg,3,DW_PART,3,DW_PART,True,0.89950544
/content/drive/MyDrive/DeepWeeds/dataset/20170906-105128-1.jpg,3,DW_PART,4,DW_PRAC,False,0.9345363
/content/drive/MyDrive/DeepWeeds/dataset/20170906-105324-1.jpg,3,DW_PART,0,DW_CHAP,False,0.51385665
/content/drive/MyDrive/DeepWeeds/dataset/20170906-105821-1.jpg,3,DW_PART,3,DW_PART,True,0.7993127
/content/drive/MyDrive/DeepWeeds/dataset/20170906-110222-1.jpg,3,DW_PART,3,DW_PART,True,0.9861042
/content/drive/MyDrive/DeepWeeds/dataset/20170906-110330-1.jpg,3,DW_PART,3,DW_PART,True,0.38853106
/content/drive/MyDrive/DeepWeeds/dataset/20170906-110557-1.jpg,3,DW_PART,3,DW_PART,True,0.9401729
/content/drive/MyDrive/DeepWeeds/dataset/20170906-110802-4.jpg,3,DW_PART,3,DW_PART,True,0.41519007
/content/drive/MyDrive/DeepWeeds/dataset/20170906-111722-1.jpg,3,DW_PART,3,DW_PART,True,0.9907101
/content/drive/MyDrive/DeepWeeds/dataset/20170906-111745-1.jpg,3,DW_PART,3,DW_PART,True,0.92128503
/content/drive/MyDrive/DeepWeeds/dataset/20170906-111956-1.jpg,3,DW_PART,3,DW_PART,True,0.9546082
/content/drive/MyDrive/DeepWeeds/dataset/20170906-112511-2.jpg,3,DW_PART,3,DW_PART,True,0.7214032
/content/drive/MyDrive/DeepWeeds/dataset/20170906-112604-2.jpg,3,DW_PART,3,DW_PART,True,0.6613141
/content/drive/MyDrive/DeepWeeds/dataset/20170906-112821-2.jpg,3,DW_PART,3,DW_PART,True,0.90189767
/content/drive/MyDrive/DeepWeeds/dataset/20170906-113112-4.jpg,3,DW_PART,3,DW_PART,True,0.51103806
/content/drive/MyDrive/DeepWeeds/dataset/20170906-113219-4.jpg,3,DW_PART,3,DW_PART,True,0.596174
/content/drive/MyDrive/DeepWeeds/dataset/20170906-113426-1.jpg,3,DW_PART,0,DW_CHAP,False,0.6736488
/content/drive/MyDrive/DeepWeeds/dataset/20170906-113558-1.jpg,3,DW_PART,3,DW_PART,True,0.51817316
/content/drive/MyDrive/DeepWeeds/dataset/20170906-113859-1.jpg,3,DW_PART,8,DW_NEG,False,0.6310638
/content/drive/MyDrive/DeepWeeds/dataset/20170906-114011-2.jpg,3,DW_PART,3,DW_PART,True,0.8585891
/content/drive/MyDrive/DeepWeeds/dataset/20170906-114254-2.jpg,3,DW_PART,8,DW_NEG,False,0.5252961
/content/drive/MyDrive/DeepWeeds/dataset/20170906-114332-1.jpg,3,DW_PART,3,DW_PART,True,0.66395426
/content/drive/MyDrive/DeepWeeds/dataset/20170906-114810-1.jpg,3,DW_PART,3,DW_PART,True,0.9506943
/content/drive/MyDrive/DeepWeeds/dataset/20170906-115056-1.jpg,3,DW_PART,4,DW_PRAC,False,0.27955598
/content/drive/MyDrive/DeepWeeds/dataset/20170906-115342-1.jpg,3,DW_PART,3,DW_PART,True,0.6224252
/content/drive/MyDrive/DeepWeeds/dataset/20170906-130826-1.jpg,3,DW_PART,4,DW_PRAC,False,0.9591374
/content/drive/MyDrive/DeepWeeds/dataset/20170906-131829-2.jpg,3,DW_PART,3,DW_PART,True,0.90393925
/content/drive/MyDrive/DeepWeeds/dataset/20170906-132328-1.jpg,3,DW_PART,3,DW_PART,True,0.57375985
/content/drive/MyDrive/DeepWeeds/dataset/20170906-133106-1.jpg,3,DW_PART,3,DW_PART,True,0.49446076
/content/drive/MyDrive/DeepWeeds/dataset/20170906-133247-1.jpg,3,DW_PART,0,DW_CHAP,False,0.3218766
/content/drive/MyDrive/DeepWeeds/dataset/20170906-134145-1.jpg,3,DW_PART,2,DW_PARK,False,0.64849657
/content/drive/MyDrive/DeepWeeds/dataset/20170906-134516-2.jpg,3,DW_PART,2,DW_PARK,False,0.40614972
/content/drive/MyDrive/DeepWeeds/dataset/20170906-135313-1.jpg,3,DW_PART,3,DW_PART,True,0.8153025
/content/drive/MyDrive/DeepWeeds/dataset/20170906-135435-1.jpg,3,DW_PART,7,DW_SNWE,False,0.46593967
/content/drive/MyDrive/DeepWeeds/dataset/20170906-135705-1.jpg,3,DW_PART,3,DW_PART,True,0.5261985
/content/drive/MyDrive/DeepWeeds/dataset/20170906-140251-1.jpg,3,DW_PART,3,DW_PART,True,0.9491292
/content/drive/MyDrive/DeepWeeds/dataset/20170906-140427-1.jpg,3,DW_PART,7,DW_SNWE,False,0.24570976
/content/drive/MyDrive/DeepWeeds/dataset/20170913-095507-2.jpg,3,DW_PART,3,DW_PART,True,0.6424664
/content/drive/MyDrive/DeepWeeds/dataset/20170913-095627-2.jpg,3,DW_PART,3,DW_PART,True,0.6512597
/content/drive/MyDrive/DeepWeeds/dataset/20170913-095721-1.jpg,3,DW_PART,3,DW_PART,True,0.99900913
/content/drive/MyDrive/DeepWeeds/dataset/20170913-100017-2.jpg,3,DW_PART,3,DW_PART,True,0.42944938
/content/drive/MyDrive/DeepWeeds/dataset/20170913-100044-1.jpg,3,DW_PART,3,DW_PART,True,0.7487377
/content/drive/MyDrive/DeepWeeds/dataset/20170913-100153-1.jpg,3,DW_PART,3,DW_PART,True,0.8123083
/content/drive/MyDrive/DeepWeeds/dataset/20170913-100332-1.jpg,3,DW_PART,3,DW_PART,True,0.8526372
/content/drive/MyDrive/DeepWeeds/dataset/20170913-100339-2.jpg,3,DW_PART,3,DW_PART,True,0.50342417
/content/drive/MyDrive/DeepWeeds/dataset/20170913-100435-2.jpg,3,DW_PART,3,DW_PART,True,0.9917686
/content/drive/MyDrive/DeepWeeds/dataset/20170913-100631-2.jpg,3,DW_PART,3,DW_PART,True,0.98801893
/content/drive/MyDrive/DeepWeeds/dataset/20170913-100746-1.jpg,3,DW_PART,3,DW_PART,True,0.99181914
/content/drive/MyDrive/DeepWeeds/dataset/20170913-100817-1.jpg,3,DW_PART,3,DW_PART,True,0.6840096
/content/drive/MyDrive/DeepWeeds/dataset/20170913-100918-2.jpg,3,DW_PART,8,DW_NEG,False,0.30073532
/content/drive/MyDrive/DeepWeeds/dataset/20170913-101044-2.jpg,3,DW_PART,3,DW_PART,True,0.98337317
/content/drive/MyDrive/DeepWeeds/dataset/20170913-101125-3.jpg,5,DW_RUBV,5,DW_RUBV,True,0.96234983
/content/drive/MyDrive/DeepWeeds/dataset/20170913-101208-2.jpg,3,DW_PART,0,DW_CHAP,False,0.5098201
/content/drive/MyDrive/DeepWeeds/dataset/20170913-101243-2.jpg,3,DW_PART,3,DW_PART,True,0.8810769
/content/drive/MyDrive/DeepWeeds/dataset/20170913-101430-2.jpg,3,DW_PART,4,DW_PRAC,False,0.6042695
/content/drive/MyDrive/DeepWeeds/dataset/20170913-101449-2.jpg,3,DW_PART,3,DW_PART,True,0.40966284
/content/drive/MyDrive/DeepWeeds/dataset/20170913-101538-3.jpg,5,DW_RUBV,5,DW_RUBV,True,0.87337536
/content/drive/MyDrive/DeepWeeds/dataset/20170913-101930-2.jpg,3,DW_PART,3,DW_PART,True,0.6553113
/content/drive/MyDrive/DeepWeeds/dataset/20170913-101959-2.jpg,3,DW_PART,4,DW_PRAC,False,0.5300481
/content/drive/MyDrive/DeepWeeds/dataset/20170913-102030-3.jpg,5,DW_RUBV,5,DW_RUBV,True,0.9728879
/content/drive/MyDrive/DeepWeeds/dataset/20170913-102241-3.jpg,5,DW_RUBV,5,DW_RUBV,True,0.6719145
/content/drive/MyDrive/DeepWeeds/dataset/20170913-102316-3.jpg,5,DW_RUBV,5,DW_RUBV,True,0.85479105
/content/drive/MyDrive/DeepWeeds/dataset/20170913-102531-3.jpg,5,DW_RUBV,7,DW_SNWE,False,0.57943857
/content/drive/MyDrive/DeepWeeds/dataset/20170913-102554-2.jpg,3,DW_PART,3,DW_PART,True,0.9452821
/content/drive/MyDrive/DeepWeeds/dataset/20170913-102722-2.jpg,3,DW_PART,4,DW_PRAC,False,0.57681775
/content/drive/MyDrive/DeepWeeds/dataset/20170913-102830-2.jpg,3,DW_PART,3,DW_PART,True,0.7513457
/content/drive/MyDrive/DeepWeeds/dataset/20170913-102846-2.jpg,3,DW_PART,3,DW_PART,True,0.9885699
/content/drive/MyDrive/DeepWeeds/dataset/20170913-103112-2.jpg,3,DW_PART,3,DW_PART,True,0.78243786
/content/drive/MyDrive/DeepWeeds/dataset/20170913-103205-1.jpg,3,DW_PART,4,DW_PRAC,False,0.74206704
/content/drive/MyDrive/DeepWeeds/dataset/20170913-103325-1.jpg,3,DW_PART,0,DW_CHAP,False,0.42336708
/content/drive/MyDrive/DeepWeeds/dataset/20170913-103455-2.jpg,3,DW_PART,3,DW_PART,True,0.9730498
/content/drive/MyDrive/DeepWeeds/dataset/20170913-103603-3.jpg,5,DW_RUBV,5,DW_RUBV,True,0.7697562
/content/drive/MyDrive/DeepWeeds/dataset/20170913-103603-2.jpg,3,DW_PART,4,DW_PRAC,False,0.82176435
/content/drive/MyDrive/DeepWeeds/dataset/20170913-103628-2.jpg,3,DW_PART,3,DW_PART,True,0.992031
/content/drive/MyDrive/DeepWeeds/dataset/20170913-103816-1.jpg,3,DW_PART,3,DW_PART,True,0.86909556
/content/drive/MyDrive/DeepWeeds/dataset/20170913-103910-2.jpg,3,DW_PART,4,DW_PRAC,False,0.7466348
/content/drive/MyDrive/DeepWeeds/dataset/20170913-104009-2.jpg,3,DW_PART,4,DW_PRAC,False,0.45886698
/content/drive/MyDrive/DeepWeeds/dataset/20170913-104029-3.jpg,5,DW_RUBV,5,DW_RUBV,True,0.9660479
/content/drive/MyDrive/DeepWeeds/dataset/20170913-104151-2.jpg,3,DW_PART,3,DW_PART,True,0.95526165
/content/drive/MyDrive/DeepWeeds/dataset/20170913-104338-2.jpg,3,DW_PART,4,DW_PRAC,False,0.83192754
/content/drive/MyDrive/DeepWeeds/dataset/20170913-104513-2.jpg,3,DW_PART,3,DW_PART,True,0.9141266
/content/drive/MyDrive/DeepWeeds/dataset/20170913-104650-2.jpg,3,DW_PART,4,DW_PRAC,False,0.49715886
/content/drive/MyDrive/DeepWeeds/dataset/20170913-104753-2.jpg,3,DW_PART,3,DW_PART,True,0.9706012
/content/drive/MyDrive/DeepWeeds/dataset/20170913-104923-2.jpg,3,DW_PART,3,DW_PART,True,0.932977
/content/drive/MyDrive/DeepWeeds/dataset/20170913-104934-3.jpg,5,DW_RUBV,5,DW_RUBV,True,0.70740575
/content/drive/MyDrive/DeepWeeds/dataset/20170913-105137-1.jpg,3,DW_PART,8,DW_NEG,False,0.60517687
/content/drive/MyDrive/DeepWeeds/dataset/20170913-105406-1.jpg,3,DW_PART,3,DW_PART,True,0.58762276
/content/drive/MyDrive/DeepWeeds/dataset/20170913-105513-1.jpg,3,DW_PART,3,DW_PART,True,0.9906024
/content/drive/MyDrive/DeepWeeds/dataset/20170913-105638-2.jpg,3,DW_PART,4,DW_PRAC,False,0.90579104
/content/drive/MyDrive/DeepWeeds/dataset/20170913-105750-2.jpg,3,DW_PART,3,DW_PART,True,0.98069084
/content/drive/MyDrive/DeepWeeds/dataset/20170913-105801-2.jpg,3,DW_PART,3,DW_PART,True,0.98239625
/content/drive/MyDrive/DeepWeeds/dataset/20170913-105901-3.jpg,5,DW_RUBV,0,DW_CHAP,False,0.6136108
/content/drive/MyDrive/DeepWeeds/dataset/20170913-105923-2.jpg,3,DW_PART,3,DW_PART,True,0.83340585
/content/drive/MyDrive/DeepWeeds/dataset/20170913-110131-2.jpg,3,DW_PART,3,DW_PART,True,0.8268919
/content/drive/MyDrive/DeepWeeds/dataset/20170913-110220-2.jpg,3,DW_PART,3,DW_PART,True,0.6045351
/content/drive/MyDrive/DeepWeeds/dataset/20170913-110433-3.jpg,5,DW_RUBV,5,DW_RUBV,True,0.82249343
/content/drive/MyDrive/DeepWeeds/dataset/20170913-110903-1.jpg,3,DW_PART,3,DW_PART,True,0.923105
/content/drive/MyDrive/DeepWeeds/dataset/20170913-111002-1.jpg,3,DW_PART,3,DW_PART,True,0.54806155
/content/drive/MyDrive/DeepWeeds/dataset/20170913-115201-2.jpg,5,DW_RUBV,5,DW_RUBV,True,0.7427201
/content/drive/MyDrive/DeepWeeds/dataset/20170913-115358-2.jpg,5,DW_RUBV,5,DW_RUBV,True,0.9966961
/content/drive/MyDrive/DeepWeeds/dataset/20170913-120255-1.jpg,5,DW_RUBV,0,DW_CHAP,False,0.7411239
/content/drive/MyDrive/DeepWeeds/dataset/20170913-120450-1.jpg,5,DW_RUBV,5,DW_RUBV,True,0.97401977
/content/drive/MyDrive/DeepWeeds/dataset/20170913-121131-3.jpg,3,DW_PART,4,DW_PRAC,False,0.7505529
/content/drive/MyDrive/DeepWeeds/dataset/20170913-121310-1.jpg,5,DW_RUBV,5,DW_RUBV,True,0.9952839
/content/drive/MyDrive/DeepWeeds/dataset/20170913-121403-1.jpg,5,DW_RUBV,5,DW_RUBV,True,0.9488493
/content/drive/MyDrive/DeepWeeds/dataset/20170913-121531-1.jpg,5,DW_RUBV,5,DW_RUBV,True,0.8460393
/content/drive/MyDrive/DeepWeeds/dataset/20170913-121858-1.jpg,5,DW_RUBV,5,DW_RUBV,True,0.92172855
/content/drive/MyDrive/DeepWeeds/dataset/20170913-122058-3.jpg,3,DW_PART,8,DW_NEG,False,0.59478164
/content/drive/MyDrive/DeepWeeds/dataset/20170913-122153-3.jpg,3,DW_PART,8,DW_NEG,False,0.64961076
/content/drive/MyDrive/DeepWeeds/dataset/20170913-122254-3.jpg,3,DW_PART,3,DW_PART,True,0.8845174
/content/drive/MyDrive/DeepWeeds/dataset/20170913-122527-2.jpg,5,DW_RUBV,5,DW_RUBV,True,0.9835173
/content/drive/MyDrive/DeepWeeds/dataset/20170913-122745-2.jpg,5,DW_RUBV,5,DW_RUBV,True,0.98574257
/content/drive/MyDrive/DeepWeeds/dataset/20170913-123002-1.jpg,5,DW_RUBV,0,DW_CHAP,False,0.70899755
/content/drive/MyDrive/DeepWeeds/dataset/20170913-123129-3.jpg,3,DW_PART,3,DW_PART,True,0.5853748
/content/drive/MyDrive/DeepWeeds/dataset/20170913-123421-1.jpg,5,DW_RUBV,5,DW_RUBV,True,0.8335459
/content/drive/MyDrive/DeepWeeds/dataset/20170913-123421-2.jpg,5,DW_RUBV,5,DW_RUBV,True,0.9099126
/content/drive/MyDrive/DeepWeeds/dataset/20170913-123452-1.jpg,5,DW_RUBV,5,DW_RUBV,True,0.91092014
/content/drive/MyDrive/DeepWeeds/dataset/20170913-123917-1.jpg,5,DW_RUBV,5,DW_RUBV,True,0.96284765
/content/drive/MyDrive/DeepWeeds/dataset/20170913-123917-2.jpg,5,DW_RUBV,5,DW_RUBV,True,0.8242954
/content/drive/MyDrive/DeepWeeds/dataset/20170913-124037-2.jpg,5,DW_RUBV,5,DW_RUBV,True,0.860014
/content/drive/MyDrive/DeepWeeds/dataset/20170913-124224-1.jpg,5,DW_RUBV,5,DW_RUBV,True,0.98618466
/content/drive/MyDrive/DeepWeeds/dataset/20170913-124425-1.jpg,5,DW_RUBV,0,DW_CHAP,False,0.66610533
/content/drive/MyDrive/DeepWeeds/dataset/20170913-124549-3.jpg,5,DW_RUBV,2,DW_PARK,False,0.728944
/content/drive/MyDrive/DeepWeeds/dataset/20170913-125011-3.jpg,5,DW_RUBV,3,DW_PART,False,0.8031451
/content/drive/MyDrive/DeepWeeds/dataset/20170913-125115-3.jpg,5,DW_RUBV,5,DW_RUBV,True,0.988014
/content/drive/MyDrive/DeepWeeds/dataset/20170913-130414-2.jpg,5,DW_RUBV,5,DW_RUBV,True,0.47325128
/content/drive/MyDrive/DeepWeeds/dataset/20170913-155252-3.jpg,3,DW_PART,3,DW_PART,True,0.9687376
/content/drive/MyDrive/DeepWeeds/dataset/20170920-093850-1.jpg,2,DW_PARK,2,DW_PARK,True,0.98370403
/content/drive/MyDrive/DeepWeeds/dataset/20170920-094016-1.jpg,4,DW_PRAC,4,DW_PRAC,True,0.65616995
/content/drive/MyDrive/DeepWeeds/dataset/20170920-094203-1.jpg,4,DW_PRAC,4,DW_PRAC,True,0.8979243
/content/drive/MyDrive/DeepWeeds/dataset/20170920-094607-2.jpg,2,DW_PARK,2,DW_PARK,True,0.97050166
/content/drive/MyDrive/DeepWeeds/dataset/20170920-094836-1.jpg,2,DW_PARK,2,DW_PARK,True,0.9418668
/content/drive/MyDrive/DeepWeeds/dataset/20170920-095021-2.jpg,2,DW_PARK,4,DW_PRAC,False,0.6033434
/content/drive/MyDrive/DeepWeeds/dataset/20170920-095212-2.jpg,2,DW_PARK,2,DW_PARK,True,0.9956072
/content/drive/MyDrive/DeepWeeds/dataset/20170920-095313-3.jpg,2,DW_PARK,2,DW_PARK,True,0.9874485
/content/drive/MyDrive/DeepWeeds/dataset/20170920-095354-1.jpg,2,DW_PARK,2,DW_PARK,True,0.988257
/content/drive/MyDrive/DeepWeeds/dataset/20170920-095433-3.jpg,2,DW_PARK,2,DW_PARK,True,0.9655911
/content/drive/MyDrive/DeepWeeds/dataset/20170920-095541-2.jpg,2,DW_PARK,2,DW_PARK,True,0.82335603
/content/drive/MyDrive/DeepWeeds/dataset/20170920-095621-2.jpg,2,DW_PARK,2,DW_PARK,True,0.9633022
/content/drive/MyDrive/DeepWeeds/dataset/20170920-095728-1.jpg,2,DW_PARK,2,DW_PARK,True,0.97837317
/content/drive/MyDrive/DeepWeeds/dataset/20170920-095837-2.jpg,2,DW_PARK,2,DW_PARK,True,0.8309355
/content/drive/MyDrive/DeepWeeds/dataset/20170920-095943-2.jpg,2,DW_PARK,2,DW_PARK,True,0.98943955
/content/drive/MyDrive/DeepWeeds/dataset/20170920-100021-1.jpg,2,DW_PARK,2,DW_PARK,True,0.98561573
/content/drive/MyDrive/DeepWeeds/dataset/20170920-100128-3.jpg,2,DW_PARK,2,DW_PARK,True,0.9983981
/content/drive/MyDrive/DeepWeeds/dataset/20170920-100316-2.jpg,5,DW_RUBV,5,DW_RUBV,True,0.962233
/content/drive/MyDrive/DeepWeeds/dataset/20170920-100529-1.jpg,2,DW_PARK,2,DW_PARK,True,0.99619615
/content/drive/MyDrive/DeepWeeds/dataset/20170920-100719-1.jpg,2,DW_PARK,2,DW_PARK,True,0.9985159
/content/drive/MyDrive/DeepWeeds/dataset/20170920-100810-1.jpg,2,DW_PARK,2,DW_PARK,True,0.9880547
/content/drive/MyDrive/DeepWeeds/dataset/20170920-101025-1.jpg,2,DW_PARK,2,DW_PARK,True,0.9993655
/content/drive/MyDrive/DeepWeeds/dataset/20170920-101233-2.jpg,4,DW_PRAC,4,DW_PRAC,True,0.37553602
/content/drive/MyDrive/DeepWeeds/dataset/20170920-101734-3.jpg,4,DW_PRAC,4,DW_PRAC,True,0.9951934
/content/drive/MyDrive/DeepWeeds/dataset/20170920-101832-2.jpg,2,DW_PARK,2,DW_PARK,True,0.9658117
/content/drive/MyDrive/DeepWeeds/dataset/20170920-101929-1.jpg,2,DW_PARK,2,DW_PARK,True,0.9966667
/content/drive/MyDrive/DeepWeeds/dataset/20170920-110518-3.jpg,2,DW_PARK,2,DW_PARK,True,0.8658582
/content/drive/MyDrive/DeepWeeds/dataset/20170920-110747-3.jpg,2,DW_PARK,2,DW_PARK,True,0.99452114
/content/drive/MyDrive/DeepWeeds/dataset/20170920-110952-2.jpg,2,DW_PARK,2,DW_PARK,True,0.55298114
/content/drive/MyDrive/DeepWeeds/dataset/20170920-111008-2.jpg,2,DW_PARK,2,DW_PARK,True,0.9531768
/content/drive/MyDrive/DeepWeeds/dataset/20170920-111044-2.jpg,2,DW_PARK,2,DW_PARK,True,0.77375555
/content/drive/MyDrive/DeepWeeds/dataset/20170920-111114-3.jpg,2,DW_PARK,2,DW_PARK,True,0.9711538
/content/drive/MyDrive/DeepWeeds/dataset/20170920-111217-2.jpg,2,DW_PARK,2,DW_PARK,True,0.9990926
/content/drive/MyDrive/DeepWeeds/dataset/20170920-111615-2.jpg,2,DW_PARK,2,DW_PARK,True,0.99499893
/content/drive/MyDrive/DeepWeeds/dataset/20170920-111954-2.jpg,2,DW_PARK,4,DW_PRAC,False,0.5438332
/content/drive/MyDrive/DeepWeeds/dataset/20170920-112135-2.jpg,2,DW_PARK,2,DW_PARK,True,0.749172
/content/drive/MyDrive/DeepWeeds/dataset/20170920-112234-2.jpg,2,DW_PARK,2,DW_PARK,True,0.9523287
/content/drive/MyDrive/DeepWeeds/dataset/20170920-112429-3.jpg,2,DW_PARK,2,DW_PARK,True,0.81378436
/content/drive/MyDrive/DeepWeeds/dataset/20170920-112429-2.jpg,2,DW_PARK,2,DW_PARK,True,0.9978635
/content/drive/MyDrive/DeepWeeds/dataset/20170920-112533-2.jpg,2,DW_PARK,2,DW_PARK,True,0.8209823
/content/drive/MyDrive/DeepWeeds/dataset/20170920-112624-2.jpg,2,DW_PARK,2,DW_PARK,True,0.99824727
/content/drive/MyDrive/DeepWeeds/dataset/20170920-112704-3.jpg,2,DW_PARK,2,DW_PARK,True,0.9664224
/content/drive/MyDrive/DeepWeeds/dataset/20170920-112823-3.jpg,2,DW_PARK,2,DW_PARK,True,0.9576111
/content/drive/MyDrive/DeepWeeds/dataset/20170920-112959-3.jpg,2,DW_PARK,2,DW_PARK,True,0.9885593
/content/drive/MyDrive/DeepWeeds/dataset/20170920-113041-3.jpg,2,DW_PARK,2,DW_PARK,True,0.94553703
/content/drive/MyDrive/DeepWeeds/dataset/20170920-113351-3.jpg,2,DW_PARK,2,DW_PARK,True,0.9907481
/content/drive/MyDrive/DeepWeeds/dataset/20170920-113437-3.jpg,2,DW_PARK,8,DW_NEG,False,0.6754698
/content/drive/MyDrive/DeepWeeds/dataset/20170920-113554-3.jpg,2,DW_PARK,2,DW_PARK,True,0.984245
/content/drive/MyDrive/DeepWeeds/dataset/20170920-113554-2.jpg,2,DW_PARK,2,DW_PARK,True,0.81911474
/content/drive/MyDrive/DeepWeeds/dataset/20170920-113711-2.jpg,2,DW_PARK,2,DW_PARK,True,0.94527304
/content/drive/MyDrive/DeepWeeds/dataset/20170920-113748-2.jpg,2,DW_PARK,2,DW_PARK,True,0.80002624
/content/drive/MyDrive/DeepWeeds/dataset/20170920-113904-3.jpg,2,DW_PARK,2,DW_PARK,True,0.99245113
/content/drive/MyDrive/DeepWeeds/dataset/20170920-113935-3.jpg,2,DW_PARK,8,DW_NEG,False,0.81380844
/content/drive/MyDrive/DeepWeeds/dataset/20170920-114043-2.jpg,2,DW_PARK,2,DW_PARK,True,0.98679906
/content/drive/MyDrive/DeepWeeds/dataset/20170920-114126-3.jpg,2,DW_PARK,2,DW_PARK,True,0.9835413
/content/drive/MyDrive/DeepWeeds/dataset/20170920-114200-3.jpg,2,DW_PARK,2,DW_PARK,True,0.98931164
/content/drive/MyDrive/DeepWeeds/dataset/20170920-114321-2.jpg,2,DW_PARK,2,DW_PARK,True,0.9945016
/content/drive/MyDrive/DeepWeeds/dataset/20170920-114445-2.jpg,2,DW_PARK,2,DW_PARK,True,0.9895263
/content/drive/MyDrive/DeepWeeds/dataset/20170920-114740-3.jpg,2,DW_PARK,2,DW_PARK,True,0.7729513
/content/drive/MyDrive/DeepWeeds/dataset/20170920-114832-2.jpg,2,DW_PARK,2,DW_PARK,True,0.9750001
/content/drive/MyDrive/DeepWeeds/dataset/20170920-114935-2.jpg,2,DW_PARK,4,DW_PRAC,False,0.6335794
/content/drive/MyDrive/DeepWeeds/dataset/20170920-115200-3.jpg,2,DW_PARK,2,DW_PARK,True,0.96995956
/content/drive/MyDrive/DeepWeeds/dataset/20170920-115235-3.jpg,2,DW_PARK,2,DW_PARK,True,0.67239845
/content/drive/MyDrive/DeepWeeds/dataset/20170920-115442-3.jpg,2,DW_PARK,2,DW_PARK,True,0.9749845
/content/drive/MyDrive/DeepWeeds/dataset/20170920-115556-2.jpg,2,DW_PARK,2,DW_PARK,True,0.8472976
/content/drive/MyDrive/DeepWeeds/dataset/20170920-115735-2.jpg,2,DW_PARK,2,DW_PARK,True,0.99943954
/content/drive/MyDrive/DeepWeeds/dataset/20170920-115939-2.jpg,2,DW_PARK,2,DW_PARK,True,0.9995415
/content/drive/MyDrive/DeepWeeds/dataset/20170920-120150-2.jpg,2,DW_PARK,2,DW_PARK,True,0.5016733
/content/drive/MyDrive/DeepWeeds/dataset/20170920-120333-2.jpg,2,DW_PARK,2,DW_PARK,True,0.9467741
/content/drive/MyDrive/DeepWeeds/dataset/20170920-121355-2.jpg,2,DW_PARK,2,DW_PARK,True,0.9469012
/content/drive/MyDrive/DeepWeeds/dataset/20170920-130439-2.jpg,2,DW_PARK,2,DW_PARK,True,0.99693006
/content/drive/MyDrive/DeepWeeds/dataset/20170920-130645-2.jpg,2,DW_PARK,2,DW_PARK,True,0.9967722
/content/drive/MyDrive/DeepWeeds/dataset/20170920-130842-2.jpg,2,DW_PARK,2,DW_PARK,True,0.789213
/content/drive/MyDrive/DeepWeeds/dataset/20170920-131101-2.jpg,2,DW_PARK,2,DW_PARK,True,0.6266256
/content/drive/MyDrive/DeepWeeds/dataset/20170920-132106-2.jpg,2,DW_PARK,7,DW_SNWE,False,0.43931746
/content/drive/MyDrive/DeepWeeds/dataset/20170920-132131-2.jpg,2,DW_PARK,2,DW_PARK,True,0.8915073
/content/drive/MyDrive/DeepWeeds/dataset/20170920-132642-2.jpg,2,DW_PARK,2,DW_PARK,True,0.93265784
/content/drive/MyDrive/DeepWeeds/dataset/20170920-132804-2.jpg,2,DW_PARK,2,DW_PARK,True,0.70669997
/content/drive/MyDrive/DeepWeeds/dataset/20170920-133333-2.jpg,2,DW_PARK,2,DW_PARK,True,0.9674036
/content/drive/MyDrive/DeepWeeds/dataset/20170920-133602-2.jpg,2,DW_PARK,2,DW_PARK,True,0.82016194
/content/drive/MyDrive/DeepWeeds/dataset/20170920-133910-2.jpg,2,DW_PARK,2,DW_PARK,True,0.9340228
/content/drive/MyDrive/DeepWeeds/dataset/20170920-134448-2.jpg,2,DW_PARK,2,DW_PARK,True,0.99801314
/content/drive/MyDrive/DeepWeeds/dataset/20170920-134648-2.jpg,2,DW_PARK,2,DW_PARK,True,0.63404775
/content/drive/MyDrive/DeepWeeds/dataset/20170920-135837-2.jpg,2,DW_PARK,2,DW_PARK,True,0.99740124
/content/drive/MyDrive/DeepWeeds/dataset/20170920-140003-2.jpg,2,DW_PARK,2,DW_PARK,True,0.997159
/content/drive/MyDrive/DeepWeeds/dataset/20170920-140039-2.jpg,2,DW_PARK,2,DW_PARK,True,0.9989141
/content/drive/MyDrive/DeepWeeds/dataset/20170920-155806-3.jpg,2,DW_PARK,4,DW_PRAC,False,0.92949563
/content/drive/MyDrive/DeepWeeds/dataset/20170920-160041-3.jpg,2,DW_PARK,4,DW_PRAC,False,0.82049394
/content/drive/MyDrive/DeepWeeds/dataset/20170920-160318-3.jpg,2,DW_PARK,2,DW_PARK,True,0.9250173
/content/drive/MyDrive/DeepWeeds/dataset/20170920-160503-3.jpg,2,DW_PARK,2,DW_PARK,True,0.9658851
/content/drive/MyDrive/DeepWeeds/dataset/20170920-160607-3.jpg,2,DW_PARK,2,DW_PARK,True,0.9948896
/content/drive/MyDrive/DeepWeeds/dataset/20170920-160634-3.jpg,2,DW_PARK,2,DW_PARK,True,0.8644247
/content/drive/MyDrive/DeepWeeds/dataset/20170920-160641-3.jpg,2,DW_PARK,2,DW_PARK,True,0.8321362
/content/drive/MyDrive/DeepWeeds/dataset/20170920-162202-3.jpg,2,DW_PARK,2,DW_PARK,True,0.9633876
/content/drive/MyDrive/DeepWeeds/dataset/20170920-162231-3.jpg,2,DW_PARK,2,DW_PARK,True,0.88936406
/content/drive/MyDrive/DeepWeeds/dataset/20170920-162413-3.jpg,2,DW_PARK,2,DW_PARK,True,0.8185717
/content/drive/MyDrive/DeepWeeds/dataset/20170920-162530-3.jpg,2,DW_PARK,4,DW_PRAC,False,0.78490967
/content/drive/MyDrive/DeepWeeds/dataset/20170920-162748-3.jpg,2,DW_PARK,2,DW_PARK,True,0.9853608
/content/drive/MyDrive/DeepWeeds/dataset/20170920-163000-3.jpg,2,DW_PARK,2,DW_PARK,True,0.997601
/content/drive/MyDrive/DeepWeeds/dataset/20170920-163148-3.jpg,2,DW_PARK,2,DW_PARK,True,0.9975055
/content/drive/MyDrive/DeepWeeds/dataset/20170920-163339-3.jpg,2,DW_PARK,4,DW_PRAC,False,0.6357576
/content/drive/MyDrive/DeepWeeds/dataset/20170920-163639-3.jpg,2,DW_PARK,2,DW_PARK,True,0.77326417
/content/drive/MyDrive/DeepWeeds/dataset/20170920-163751-3.jpg,2,DW_PARK,2,DW_PARK,True,0.98681414
/content/drive/MyDrive/DeepWeeds/dataset/20170920-163917-3.jpg,2,DW_PARK,2,DW_PARK,True,0.92654973
/content/drive/MyDrive/DeepWeeds/dataset/20170920-164059-3.jpg,2,DW_PARK,2,DW_PARK,True,0.9921767
/content/drive/MyDrive/DeepWeeds/dataset/20170920-164158-3.jpg,2,DW_PARK,2,DW_PARK,True,0.98874223
/content/drive/MyDrive/DeepWeeds/dataset/20170920-164316-3.jpg,2,DW_PARK,2,DW_PARK,True,0.9995449
/content/drive/MyDrive/DeepWeeds/dataset/20170920-164757-3.jpg,2,DW_PARK,2,DW_PARK,True,0.999311
/content/drive/MyDrive/DeepWeeds/dataset/20170920-165451-1.jpg,2,DW_PARK,2,DW_PARK,True,0.97391933
/content/drive/MyDrive/DeepWeeds/dataset/20170920-171035-3.jpg,2,DW_PARK,2,DW_PARK,True,0.985666
/content/drive/MyDrive/DeepWeeds/dataset/20170920-171149-3.jpg,2,DW_PARK,2,DW_PARK,True,0.84409475
/content/drive/MyDrive/DeepWeeds/dataset/20170920-171241-3.jpg,2,DW_PARK,2,DW_PARK,True,0.6215827
/content/drive/MyDrive/DeepWeeds/dataset/20170920-171421-1.jpg,4,DW_PRAC,4,DW_PRAC,True,0.8462277
/content/drive/MyDrive/DeepWeeds/dataset/20170920-171913-1.jpg,2,DW_PARK,2,DW_PARK,True,0.9984884
/content/drive/MyDrive/DeepWeeds/dataset/20170920-172123-1.jpg,2,DW_PARK,2,DW_PARK,True,0.9988738
/content/drive/MyDrive/DeepWeeds/dataset/20170920-172144-1.jpg,2,DW_PARK,2,DW_PARK,True,0.99895155
/content/drive/MyDrive/DeepWeeds/dataset/20170920-173342-1.jpg,4,DW_PRAC,4,DW_PRAC,True,0.99623674
/content/drive/MyDrive/DeepWeeds/dataset/20170920-174352-1.jpg,4,DW_PRAC,4,DW_PRAC,True,0.9419831
/content/drive/MyDrive/DeepWeeds/dataset/20170920-175053-1.jpg,4,DW_PRAC,4,DW_PRAC,True,0.90138257
/content/drive/MyDrive/DeepWeeds/dataset/20170920-175548-1.jpg,4,DW_PRAC,4,DW_PRAC,True,0.90990156
/content/drive/MyDrive/DeepWeeds/dataset/20170920-180555-1.jpg,2,DW_PARK,2,DW_PARK,True,0.55524534
/content/drive/MyDrive/DeepWeeds/dataset/20170920-180928-1.jpg,2,DW_PARK,2,DW_PARK,True,0.99913186
/content/drive/MyDrive/DeepWeeds/dataset/20170920-181127-1.jpg,2,DW_PARK,2,DW_PARK,True,0.88943213
/content/drive/MyDrive/DeepWeeds/dataset/20170920-181438-1.jpg,2,DW_PARK,2,DW_PARK,True,0.9941148
/content/drive/MyDrive/DeepWeeds/dataset/20170920-182700-1.jpg,2,DW_PARK,2,DW_PARK,True,0.9994368
/content/drive/MyDrive/DeepWeeds/dataset/20170920-182841-1.jpg,2,DW_PARK,2,DW_PARK,True,0.8360999
/content/drive/MyDrive/DeepWeeds/dataset/20170920-183241-1.jpg,2,DW_PARK,4,DW_PRAC,False,0.5385848
/content/drive/MyDrive/DeepWeeds/dataset/20170920-183454-1.jpg,2,DW_PARK,2,DW_PARK,True,0.7611322
/content/drive/MyDrive/DeepWeeds/dataset/20170920-183728-1.jpg,2,DW_PARK,2,DW_PARK,True,0.5237113
/content/drive/MyDrive/DeepWeeds/dataset/20170920-183850-1.jpg,2,DW_PARK,2,DW_PARK,True,0.9683529
/content/drive/MyDrive/DeepWeeds/dataset/20170920-184039-1.jpg,2,DW_PARK,8,DW_NEG,False,0.49773556
/content/drive/MyDrive/DeepWeeds/dataset/20170920-184353-1.jpg,2,DW_PARK,4,DW_PRAC,False,0.5880519
/content/drive/MyDrive/DeepWeeds/dataset/20170920-184817-1.jpg,2,DW_PARK,2,DW_PARK,True,0.99579877
/content/drive/MyDrive/DeepWeeds/dataset/20170920-184941-1.jpg,2,DW_PARK,2,DW_PARK,True,0.9997688
/content/drive/MyDrive/DeepWeeds/dataset/20170920-185314-1.jpg,2,DW_PARK,2,DW_PARK,True,0.99974424
/content/drive/MyDrive/DeepWeeds/dataset/20170920-185519-1.jpg,2,DW_PARK,2,DW_PARK,True,0.99970347
/content/drive/MyDrive/DeepWeeds/dataset/20170920-185902-1.jpg,2,DW_PARK,2,DW_PARK,True,0.9733374
/content/drive/MyDrive/DeepWeeds/dataset/20170920-190044-1.jpg,2,DW_PARK,2,DW_PARK,True,0.9983382
/content/drive/MyDrive/DeepWeeds/dataset/20170920-190248-1.jpg,2,DW_PARK,2,DW_PARK,True,0.99950004
/content/drive/MyDrive/DeepWeeds/dataset/20170920-190555-1.jpg,2,DW_PARK,2,DW_PARK,True,0.98636764
/content/drive/MyDrive/DeepWeeds/dataset/20170920-190826-1.jpg,2,DW_PARK,2,DW_PARK,True,0.88562274
/content/drive/MyDrive/DeepWeeds/dataset/20170920-191259-1.jpg,2,DW_PARK,2,DW_PARK,True,0.99857736
/content/drive/MyDrive/DeepWeeds/dataset/20170920-191441-1.jpg,2,DW_PARK,2,DW_PARK,True,0.9354341
/content/drive/MyDrive/DeepWeeds/dataset/20170920-191834-1.jpg,2,DW_PARK,2,DW_PARK,True,0.999703
/content/drive/MyDrive/DeepWeeds/dataset/20170920-192152-1.jpg,2,DW_PARK,2,DW_PARK,True,0.96212286
/content/drive/MyDrive/DeepWeeds/dataset/20170920-192229-1.jpg,2,DW_PARK,4,DW_PRAC,False,0.5511593
/content/drive/MyDrive/DeepWeeds/dataset/20171025-073152-1.jpg,3,DW_PART,3,DW_PART,True,0.99138606
/content/drive/MyDrive/DeepWeeds/dataset/20171025-073606-3.jpg,3,DW_PART,3,DW_PART,True,0.9151738
/content/drive/MyDrive/DeepWeeds/dataset/20171025-073744-2.jpg,3,DW_PART,3,DW_PART,True,0.98548776
/content/drive/MyDrive/DeepWeeds/dataset/20171025-073808-2.jpg,3,DW_PART,3,DW_PART,True,0.99220055
/content/drive/MyDrive/DeepWeeds/dataset/20171025-073905-1.jpg,3,DW_PART,3,DW_PART,True,0.85642546
/content/drive/MyDrive/DeepWeeds/dataset/20171025-074102-1.jpg,3,DW_PART,3,DW_PART,True,0.9197621
/content/drive/MyDrive/DeepWeeds/dataset/20171025-074208-1.jpg,3,DW_PART,3,DW_PART,True,0.9954881
/content/drive/MyDrive/DeepWeeds/dataset/20171025-074248-1.jpg,3,DW_PART,3,DW_PART,True,0.9239823
/content/drive/MyDrive/DeepWeeds/dataset/20171025-074337-3.jpg,3,DW_PART,3,DW_PART,True,0.90503466
/content/drive/MyDrive/DeepWeeds/dataset/20171025-074506-3.jpg,3,DW_PART,3,DW_PART,True,0.98447937
/content/drive/MyDrive/DeepWeeds/dataset/20171025-074626-2.jpg,3,DW_PART,3,DW_PART,True,0.98921204
/content/drive/MyDrive/DeepWeeds/dataset/20171025-074720-3.jpg,7,DW_SNWE,1,DW_LANT,False,0.46717566
/content/drive/MyDrive/DeepWeeds/dataset/20171025-074818-2.jpg,3,DW_PART,3,DW_PART,True,0.99200046
/content/drive/MyDrive/DeepWeeds/dataset/20171025-074849-2.jpg,3,DW_PART,3,DW_PART,True,0.986896
/content/drive/MyDrive/DeepWeeds/dataset/20171025-075029-3.jpg,3,DW_PART,3,DW_PART,True,0.9650021
/content/drive/MyDrive/DeepWeeds/dataset/20171025-075115-2.jpg,3,DW_PART,3,DW_PART,True,0.9473546
/content/drive/MyDrive/DeepWeeds/dataset/20171025-075150-2.jpg,3,DW_PART,3,DW_PART,True,0.5001546
/content/drive/MyDrive/DeepWeeds/dataset/20171025-075249-2.jpg,3,DW_PART,0,DW_CHAP,False,0.4393456
/content/drive/MyDrive/DeepWeeds/dataset/20171025-075340-2.jpg,3,DW_PART,3,DW_PART,True,0.9804128
/content/drive/MyDrive/DeepWeeds/dataset/20171025-075340-3.jpg,3,DW_PART,8,DW_NEG,False,0.87427217
/content/drive/MyDrive/DeepWeeds/dataset/20171025-075506-1.jpg,3,DW_PART,8,DW_NEG,False,0.5580743
/content/drive/MyDrive/DeepWeeds/dataset/20171025-075716-2.jpg,3,DW_PART,3,DW_PART,True,0.99062574
/content/drive/MyDrive/DeepWeeds/dataset/20171025-075821-1.jpg,3,DW_PART,3,DW_PART,True,0.77877766
/content/drive/MyDrive/DeepWeeds/dataset/20171025-075925-1.jpg,3,DW_PART,3,DW_PART,True,0.82033086
/content/drive/MyDrive/DeepWeeds/dataset/20171025-075943-3.jpg,3,DW_PART,8,DW_NEG,False,0.72350883
/content/drive/MyDrive/DeepWeeds/dataset/20171025-080026-1.jpg,3,DW_PART,0,DW_CHAP,False,0.2523425
/content/drive/MyDrive/DeepWeeds/dataset/20171025-080121-3.jpg,3,DW_PART,3,DW_PART,True,0.91946876
/content/drive/MyDrive/DeepWeeds/dataset/20171025-080431-1.jpg,3,DW_PART,3,DW_PART,True,0.8440187
/content/drive/MyDrive/DeepWeeds/dataset/20171025-080507-2.jpg,3,DW_PART,3,DW_PART,True,0.9178167
/content/drive/MyDrive/DeepWeeds/dataset/20171025-080722-2.jpg,3,DW_PART,0,DW_CHAP,False,0.9184242
/content/drive/MyDrive/DeepWeeds/dataset/20171025-080751-2.jpg,3,DW_PART,3,DW_PART,True,0.53699064
/content/drive/MyDrive/DeepWeeds/dataset/20171025-080908-1.jpg,3,DW_PART,3,DW_PART,True,0.5710066
/content/drive/MyDrive/DeepWeeds/dataset/20171025-081120-1.jpg,3,DW_PART,3,DW_PART,True,0.7737962
/content/drive/MyDrive/DeepWeeds/dataset/20171025-081156-2.jpg,3,DW_PART,7,DW_SNWE,False,0.3857103
/content/drive/MyDrive/DeepWeeds/dataset/20171025-081344-3.jpg,3,DW_PART,4,DW_PRAC,False,0.6717951
/content/drive/MyDrive/DeepWeeds/dataset/20171025-081404-1.jpg,3,DW_PART,3,DW_PART,True,0.44323692
/content/drive/MyDrive/DeepWeeds/dataset/20171025-081521-2.jpg,3,DW_PART,3,DW_PART,True,0.48322293
/content/drive/MyDrive/DeepWeeds/dataset/20171025-081726-2.jpg,3,DW_PART,3,DW_PART,True,0.68571657
/content/drive/MyDrive/DeepWeeds/dataset/20171025-081930-1.jpg,3,DW_PART,3,DW_PART,True,0.8982759
/content/drive/MyDrive/DeepWeeds/dataset/20171025-082014-1.jpg,3,DW_PART,0,DW_CHAP,False,0.4319738
/content/drive/MyDrive/DeepWeeds/dataset/20171025-082114-2.jpg,3,DW_PART,0,DW_CHAP,False,0.39638984
/content/drive/MyDrive/DeepWeeds/dataset/20171025-082205-2.jpg,3,DW_PART,0,DW_CHAP,False,0.6000385
/content/drive/MyDrive/DeepWeeds/dataset/20171025-082301-2.jpg,3,DW_PART,3,DW_PART,True,0.34719127
/content/drive/MyDrive/DeepWeeds/dataset/20171025-082509-1.jpg,3,DW_PART,4,DW_PRAC,False,0.7691014
/content/drive/MyDrive/DeepWeeds/dataset/20171025-082541-1.jpg,3,DW_PART,3,DW_PART,True,0.940434
/content/drive/MyDrive/DeepWeeds/dataset/20171025-082655-2.jpg,3,DW_PART,4,DW_PRAC,False,0.64396286
/content/drive/MyDrive/DeepWeeds/dataset/20171025-082655-3.jpg,3,DW_PART,3,DW_PART,True,0.57797825
/content/drive/MyDrive/DeepWeeds/dataset/20171025-082743-1.jpg,0,DW_CHAP,0,DW_CHAP,True,0.8409946
/content/drive/MyDrive/DeepWeeds/dataset/20171025-082800-1.jpg,0,DW_CHAP,0,DW_CHAP,True,0.90827864
/content/drive/MyDrive/DeepWeeds/dataset/20171025-082942-1.jpg,3,DW_PART,3,DW_PART,True,0.85549575
/content/drive/MyDrive/DeepWeeds/dataset/20171025-083335-3.jpg,3,DW_PART,0,DW_CHAP,False,0.30040547
/content/drive/MyDrive/DeepWeeds/dataset/20171025-085901-1.jpg,3,DW_PART,0,DW_CHAP,False,0.63244456
/content/drive/MyDrive/DeepWeeds/dataset/20171025-090203-2.jpg,3,DW_PART,3,DW_PART,True,0.96969986
/content/drive/MyDrive/DeepWeeds/dataset/20171025-090316-1.jpg,3,DW_PART,3,DW_PART,True,0.90310705
/content/drive/MyDrive/DeepWeeds/dataset/20171025-090420-1.jpg,3,DW_PART,3,DW_PART,True,0.70100063
/content/drive/MyDrive/DeepWeeds/dataset/20171025-090526-1.jpg,3,DW_PART,3,DW_PART,True,0.88321656
/content/drive/MyDrive/DeepWeeds/dataset/20171025-090747-2.jpg,3,DW_PART,3,DW_PART,True,0.99756867
/content/drive/MyDrive/DeepWeeds/dataset/20171025-090814-2.jpg,3,DW_PART,3,DW_PART,True,0.8982087
/content/drive/MyDrive/DeepWeeds/dataset/20171025-090913-3.jpg,3,DW_PART,3,DW_PART,True,0.8888725
/content/drive/MyDrive/DeepWeeds/dataset/20171025-091030-1.jpg,3,DW_PART,3,DW_PART,True,0.988096
/content/drive/MyDrive/DeepWeeds/dataset/20171025-091225-3.jpg,3,DW_PART,3,DW_PART,True,0.9435865
/content/drive/MyDrive/DeepWeeds/dataset/20171025-091236-1.jpg,3,DW_PART,8,DW_NEG,False,0.24443522
/content/drive/MyDrive/DeepWeeds/dataset/20171025-091343-1.jpg,3,DW_PART,3,DW_PART,True,0.7357174
/content/drive/MyDrive/DeepWeeds/dataset/20171025-091430-1.jpg,3,DW_PART,3,DW_PART,True,0.8316759
/content/drive/MyDrive/DeepWeeds/dataset/20171025-091610-2.jpg,3,DW_PART,4,DW_PRAC,False,0.5396749
/content/drive/MyDrive/DeepWeeds/dataset/20171025-091641-1.jpg,3,DW_PART,3,DW_PART,True,0.993164
/content/drive/MyDrive/DeepWeeds/dataset/20171025-091815-2.jpg,3,DW_PART,3,DW_PART,True,0.9077983
/content/drive/MyDrive/DeepWeeds/dataset/20171025-091838-1.jpg,3,DW_PART,3,DW_PART,True,0.59387225
/content/drive/MyDrive/DeepWeeds/dataset/20171025-091935-1.jpg,3,DW_PART,3,DW_PART,True,0.93303084
/content/drive/MyDrive/DeepWeeds/dataset/20171025-092049-3.jpg,3,DW_PART,8,DW_NEG,False,0.8540666
/content/drive/MyDrive/DeepWeeds/dataset/20171025-092149-1.jpg,3,DW_PART,8,DW_NEG,False,0.57581276
/content/drive/MyDrive/DeepWeeds/dataset/20171025-092347-2.jpg,3,DW_PART,3,DW_PART,True,0.9335006
/content/drive/MyDrive/DeepWeeds/dataset/20171025-092414-3.jpg,7,DW_SNWE,7,DW_SNWE,True,0.99262434
/content/drive/MyDrive/DeepWeeds/dataset/20171025-092445-1.jpg,3,DW_PART,3,DW_PART,True,0.83335096
/content/drive/MyDrive/DeepWeeds/dataset/20171025-092653-3.jpg,7,DW_SNWE,0,DW_CHAP,False,0.61360425
/content/drive/MyDrive/DeepWeeds/dataset/20171025-092726-2.jpg,3,DW_PART,3,DW_PART,True,0.69952375
/content/drive/MyDrive/DeepWeeds/dataset/20171025-092802-1.jpg,3,DW_PART,3,DW_PART,True,0.6468067
/content/drive/MyDrive/DeepWeeds/dataset/20171025-092853-2.jpg,3,DW_PART,3,DW_PART,True,0.61366755
/content/drive/MyDrive/DeepWeeds/dataset/20171025-093030-1.jpg,3,DW_PART,3,DW_PART,True,0.9376713
/content/drive/MyDrive/DeepWeeds/dataset/20171025-093051-1.jpg,3,DW_PART,0,DW_CHAP,False,0.8102669
/content/drive/MyDrive/DeepWeeds/dataset/20171025-093119-2.jpg,3,DW_PART,3,DW_PART,True,0.83683115
/content/drive/MyDrive/DeepWeeds/dataset/20171025-093313-1.jpg,3,DW_PART,3,DW_PART,True,0.67330086
/content/drive/MyDrive/DeepWeeds/dataset/20171025-093337-3.jpg,3,DW_PART,0,DW_CHAP,False,0.35672385
/content/drive/MyDrive/DeepWeeds/dataset/20171025-093514-1.jpg,3,DW_PART,0,DW_CHAP,False,0.78692013
/content/drive/MyDrive/DeepWeeds/dataset/20171025-093648-3.jpg,3,DW_PART,4,DW_PRAC,False,0.6323697
/content/drive/MyDrive/DeepWeeds/dataset/20171025-093959-3.jpg,7,DW_SNWE,7,DW_SNWE,True,0.7247124
/content/drive/MyDrive/DeepWeeds/dataset/20171025-094213-2.jpg,3,DW_PART,3,DW_PART,True,0.97908014
/content/drive/MyDrive/DeepWeeds/dataset/20171025-094241-1.jpg,3,DW_PART,3,DW_PART,True,0.65967613
/content/drive/MyDrive/DeepWeeds/dataset/20171025-094308-1.jpg,3,DW_PART,3,DW_PART,True,0.9964875
/content/drive/MyDrive/DeepWeeds/dataset/20171025-094427-2.jpg,3,DW_PART,3,DW_PART,True,0.8825946
/content/drive/MyDrive/DeepWeeds/dataset/20171025-094441-1.jpg,3,DW_PART,3,DW_PART,True,0.9484692
/content/drive/MyDrive/DeepWeeds/dataset/20171025-094524-2.jpg,3,DW_PART,3,DW_PART,True,0.6203307
/content/drive/MyDrive/DeepWeeds/dataset/20171025-094836-1.jpg,3,DW_PART,3,DW_PART,True,0.94096375
/content/drive/MyDrive/DeepWeeds/dataset/20171025-094918-1.jpg,3,DW_PART,6,DW_SIWE,False,0.5037802
/content/drive/MyDrive/DeepWeeds/dataset/20171025-095034-3.jpg,3,DW_PART,0,DW_CHAP,False,0.6725351
/content/drive/MyDrive/DeepWeeds/dataset/20171025-095141-3.jpg,3,DW_PART,1,DW_LANT,False,0.4153553
/content/drive/MyDrive/DeepWeeds/dataset/20171025-095149-2.jpg,3,DW_PART,3,DW_PART,True,0.9887052
/content/drive/MyDrive/DeepWeeds/dataset/20171025-095149-1.jpg,3,DW_PART,3,DW_PART,True,0.9891802
/content/drive/MyDrive/DeepWeeds/dataset/20171025-095436-1.jpg,3,DW_PART,3,DW_PART,True,0.9638573
/content/drive/MyDrive/DeepWeeds/dataset/20171025-095534-1.jpg,3,DW_PART,3,DW_PART,True,0.9405734
/content/drive/MyDrive/DeepWeeds/dataset/20171025-095541-2.jpg,3,DW_PART,3,DW_PART,True,0.9844095
/content/drive/MyDrive/DeepWeeds/dataset/20171025-095630-3.jpg,3,DW_PART,3,DW_PART,True,0.7292075
/content/drive/MyDrive/DeepWeeds/dataset/20171025-095741-3.jpg,3,DW_PART,3,DW_PART,True,0.4512067
/content/drive/MyDrive/DeepWeeds/dataset/20171025-095741-1.jpg,3,DW_PART,0,DW_CHAP,False,0.45960724
/content/drive/MyDrive/DeepWeeds/dataset/20171025-095835-2.jpg,3,DW_PART,8,DW_NEG,False,0.39797902
/content/drive/MyDrive/DeepWeeds/dataset/20171025-095957-1.jpg,3,DW_PART,3,DW_PART,True,0.7737287
/content/drive/MyDrive/DeepWeeds/dataset/20171025-100024-1.jpg,3,DW_PART,3,DW_PART,True,0.9755755
/content/drive/MyDrive/DeepWeeds/dataset/20171025-100416-2.jpg,3,DW_PART,3,DW_PART,True,0.9960204
/content/drive/MyDrive/DeepWeeds/dataset/20171025-100447-2.jpg,3,DW_PART,3,DW_PART,True,0.9645845
/content/drive/MyDrive/DeepWeeds/dataset/20171025-100726-1.jpg,3,DW_PART,3,DW_PART,True,0.9577906
/content/drive/MyDrive/DeepWeeds/dataset/20171025-100834-1.jpg,3,DW_PART,3,DW_PART,True,0.91713476
/content/drive/MyDrive/DeepWeeds/dataset/20171025-101023-1.jpg,3,DW_PART,3,DW_PART,True,0.8676337
/content/drive/MyDrive/DeepWeeds/dataset/20171025-171914-3.jpg,3,DW_PART,3,DW_PART,True,0.6882224
/content/drive/MyDrive/DeepWeeds/dataset/20171025-172247-3.jpg,3,DW_PART,3,DW_PART,True,0.89578635
/content/drive/MyDrive/DeepWeeds/dataset/20171102-093305-1.jpg,4,DW_PRAC,4,DW_PRAC,True,0.69679654
/content/drive/MyDrive/DeepWeeds/dataset/20171102-093339-2.jpg,4,DW_PRAC,3,DW_PART,False,0.49970764
/content/drive/MyDrive/DeepWeeds/dataset/20171102-093459-1.jpg,4,DW_PRAC,8,DW_NEG,False,0.37451062
/content/drive/MyDrive/DeepWeeds/dataset/20171102-093603-2.jpg,4,DW_PRAC,0,DW_CHAP,False,0.3718218
/content/drive/MyDrive/DeepWeeds/dataset/20171102-093629-3.jpg,4,DW_PRAC,4,DW_PRAC,True,0.8989186
/content/drive/MyDrive/DeepWeeds/dataset/20171102-093833-1.jpg,4,DW_PRAC,4,DW_PRAC,True,0.9984693
/content/drive/MyDrive/DeepWeeds/dataset/20171102-093954-2.jpg,4,DW_PRAC,7,DW_SNWE,False,0.59685063
/content/drive/MyDrive/DeepWeeds/dataset/20171102-094018-1.jpg,4,DW_PRAC,4,DW_PRAC,True,0.3405704
/content/drive/MyDrive/DeepWeeds/dataset/20171102-094159-3.jpg,4,DW_PRAC,4,DW_PRAC,True,0.9941765
/content/drive/MyDrive/DeepWeeds/dataset/20171102-094409-1.jpg,4,DW_PRAC,4,DW_PRAC,True,0.9184864
/content/drive/MyDrive/DeepWeeds/dataset/20171102-094521-1.jpg,4,DW_PRAC,4,DW_PRAC,True,0.8803508
/content/drive/MyDrive/DeepWeeds/dataset/20171102-094714-3.jpg,4,DW_PRAC,4,DW_PRAC,True,0.7353458
/content/drive/MyDrive/DeepWeeds/dataset/20171102-095239-1.jpg,4,DW_PRAC,4,DW_PRAC,True,0.65175694
/content/drive/MyDrive/DeepWeeds/dataset/20171102-095409-3.jpg,4,DW_PRAC,4,DW_PRAC,True,0.7407011
/content/drive/MyDrive/DeepWeeds/dataset/20171102-095706-3.jpg,4,DW_PRAC,4,DW_PRAC,True,0.9641034
/content/drive/MyDrive/DeepWeeds/dataset/20171102-095745-1.jpg,4,DW_PRAC,4,DW_PRAC,True,0.9655127
/content/drive/MyDrive/DeepWeeds/dataset/20171102-100054-2.jpg,4,DW_PRAC,8,DW_NEG,False,0.5140081
/content/drive/MyDrive/DeepWeeds/dataset/20171102-100226-1.jpg,4,DW_PRAC,4,DW_PRAC,True,0.90361637
/content/drive/MyDrive/DeepWeeds/dataset/20171102-100358-2.jpg,4,DW_PRAC,4,DW_PRAC,True,0.93036294
/content/drive/MyDrive/DeepWeeds/dataset/20171102-100710-2.jpg,4,DW_PRAC,2,DW_PARK,False,0.30972016
/content/drive/MyDrive/DeepWeeds/dataset/20171102-102141-3.jpg,2,DW_PARK,2,DW_PARK,True,0.9758601
/content/drive/MyDrive/DeepWeeds/dataset/20171102-102451-2.jpg,2,DW_PARK,8,DW_NEG,False,0.6297066
/content/drive/MyDrive/DeepWeeds/dataset/20171102-102521-2.jpg,2,DW_PARK,2,DW_PARK,True,0.9996245
/content/drive/MyDrive/DeepWeeds/dataset/20171102-102712-1.jpg,2,DW_PARK,2,DW_PARK,True,0.93744487
/content/drive/MyDrive/DeepWeeds/dataset/20171102-102836-1.jpg,2,DW_PARK,2,DW_PARK,True,0.9994099
/content/drive/MyDrive/DeepWeeds/dataset/20171102-103116-3.jpg,2,DW_PARK,2,DW_PARK,True,0.98558676
/content/drive/MyDrive/DeepWeeds/dataset/20171102-103146-2.jpg,2,DW_PARK,8,DW_NEG,False,0.49321306
/content/drive/MyDrive/DeepWeeds/dataset/20171102-103229-1.jpg,2,DW_PARK,2,DW_PARK,True,0.95707715
/content/drive/MyDrive/DeepWeeds/dataset/20171102-103338-2.jpg,2,DW_PARK,0,DW_CHAP,False,0.5184126
/content/drive/MyDrive/DeepWeeds/dataset/20171102-103650-2.jpg,2,DW_PARK,2,DW_PARK,True,0.9949191
/content/drive/MyDrive/DeepWeeds/dataset/20171102-103902-1.jpg,2,DW_PARK,2,DW_PARK,True,0.9870919
/content/drive/MyDrive/DeepWeeds/dataset/20171102-104223-1.jpg,2,DW_PARK,2,DW_PARK,True,0.9446481
/content/drive/MyDrive/DeepWeeds/dataset/20171102-104513-3.jpg,2,DW_PARK,2,DW_PARK,True,0.94395024
/content/drive/MyDrive/DeepWeeds/dataset/20171102-104540-2.jpg,2,DW_PARK,8,DW_NEG,False,0.59459484
/content/drive/MyDrive/DeepWeeds/dataset/20171102-104838-3.jpg,2,DW_PARK,2,DW_PARK,True,0.9580677
/content/drive/MyDrive/DeepWeeds/dataset/20171102-105848-2.jpg,2,DW_PARK,2,DW_PARK,True,0.9714968
/content/drive/MyDrive/DeepWeeds/dataset/20171102-114807-1.jpg,2,DW_PARK,2,DW_PARK,True,0.9988294
/content/drive/MyDrive/DeepWeeds/dataset/20171102-115100-1.jpg,2,DW_PARK,2,DW_PARK,True,0.9915981
/content/drive/MyDrive/DeepWeeds/dataset/20171102-115127-1.jpg,2,DW_PARK,2,DW_PARK,True,0.9955629
/content/drive/MyDrive/DeepWeeds/dataset/20171102-115324-2.jpg,2,DW_PARK,2,DW_PARK,True,0.9970763
/content/drive/MyDrive/DeepWeeds/dataset/20171102-115408-3.jpg,2,DW_PARK,2,DW_PARK,True,0.8340027
/content/drive/MyDrive/DeepWeeds/dataset/20171102-115518-1.jpg,2,DW_PARK,2,DW_PARK,True,0.98448217
/content/drive/MyDrive/DeepWeeds/dataset/20171102-115533-3.jpg,2,DW_PARK,0,DW_CHAP,False,0.48046917
/content/drive/MyDrive/DeepWeeds/dataset/20171102-115722-3.jpg,2,DW_PARK,2,DW_PARK,True,0.9998317
/content/drive/MyDrive/DeepWeeds/dataset/20171102-115830-3.jpg,2,DW_PARK,2,DW_PARK,True,0.9976254
/content/drive/MyDrive/DeepWeeds/dataset/20171102-115918-3.jpg,2,DW_PARK,2,DW_PARK,True,0.9142482
/content/drive/MyDrive/DeepWeeds/dataset/20171102-120049-1.jpg,2,DW_PARK,2,DW_PARK,True,0.99660045
/content/drive/MyDrive/DeepWeeds/dataset/20171102-120202-3.jpg,2,DW_PARK,2,DW_PARK,True,0.99212873
/content/drive/MyDrive/DeepWeeds/dataset/20171102-120206-1.jpg,2,DW_PARK,2,DW_PARK,True,0.96871006
/content/drive/MyDrive/DeepWeeds/dataset/20171102-120302-3.jpg,2,DW_PARK,2,DW_PARK,True,0.99877244
/content/drive/MyDrive/DeepWeeds/dataset/20171102-120320-1.jpg,2,DW_PARK,6,DW_SIWE,False,0.37976065
/content/drive/MyDrive/DeepWeeds/dataset/20171102-120320-2.jpg,2,DW_PARK,2,DW_PARK,True,0.387338
/content/drive/MyDrive/DeepWeeds/dataset/20171102-120436-1.jpg,2,DW_PARK,2,DW_PARK,True,0.9967198
/content/drive/MyDrive/DeepWeeds/dataset/20171102-120545-2.jpg,2,DW_PARK,2,DW_PARK,True,0.99726605
/content/drive/MyDrive/DeepWeeds/dataset/20171102-120607-1.jpg,2,DW_PARK,2,DW_PARK,True,0.9996829
/content/drive/MyDrive/DeepWeeds/dataset/20171102-120721-3.jpg,2,DW_PARK,2,DW_PARK,True,0.9971301
/content/drive/MyDrive/DeepWeeds/dataset/20171102-120800-2.jpg,2,DW_PARK,2,DW_PARK,True,0.9437478
/content/drive/MyDrive/DeepWeeds/dataset/20171102-120913-1.jpg,2,DW_PARK,8,DW_NEG,False,0.33246607
/content/drive/MyDrive/DeepWeeds/dataset/20171102-120924-1.jpg,2,DW_PARK,2,DW_PARK,True,0.98270345
/content/drive/MyDrive/DeepWeeds/dataset/20171102-121033-3.jpg,2,DW_PARK,2,DW_PARK,True,0.97662306
/content/drive/MyDrive/DeepWeeds/dataset/20171102-121129-3.jpg,2,DW_PARK,2,DW_PARK,True,0.7845549
/content/drive/MyDrive/DeepWeeds/dataset/20171102-121233-2.jpg,2,DW_PARK,2,DW_PARK,True,0.9146483
/content/drive/MyDrive/DeepWeeds/dataset/20171102-121309-3.jpg,2,DW_PARK,2,DW_PARK,True,0.66447026
/content/drive/MyDrive/DeepWeeds/dataset/20171102-121344-1.jpg,2,DW_PARK,2,DW_PARK,True,0.998982
/content/drive/MyDrive/DeepWeeds/dataset/20171102-121420-2.jpg,2,DW_PARK,2,DW_PARK,True,0.7926511
/content/drive/MyDrive/DeepWeeds/dataset/20171102-121558-3.jpg,2,DW_PARK,2,DW_PARK,True,0.9626595
/content/drive/MyDrive/DeepWeeds/dataset/20171102-121656-3.jpg,2,DW_PARK,2,DW_PARK,True,0.8294145
/content/drive/MyDrive/DeepWeeds/dataset/20171102-121749-2.jpg,2,DW_PARK,2,DW_PARK,True,0.99974173
/content/drive/MyDrive/DeepWeeds/dataset/20171102-121818-3.jpg,2,DW_PARK,2,DW_PARK,True,0.92476225
/content/drive/MyDrive/DeepWeeds/dataset/20171102-122100-1.jpg,2,DW_PARK,2,DW_PARK,True,0.8661658
/content/drive/MyDrive/DeepWeeds/dataset/20171102-122305-3.jpg,2,DW_PARK,2,DW_PARK,True,0.98137087
/content/drive/MyDrive/DeepWeeds/dataset/20171102-122334-3.jpg,2,DW_PARK,2,DW_PARK,True,0.9760982
/content/drive/MyDrive/DeepWeeds/dataset/20171102-122443-1.jpg,2,DW_PARK,2,DW_PARK,True,0.80998164
/content/drive/MyDrive/DeepWeeds/dataset/20171102-122505-2.jpg,2,DW_PARK,2,DW_PARK,True,0.9954437
/content/drive/MyDrive/DeepWeeds/dataset/20171102-122536-1.jpg,2,DW_PARK,2,DW_PARK,True,0.8260925
/content/drive/MyDrive/DeepWeeds/dataset/20171102-122639-2.jpg,2,DW_PARK,2,DW_PARK,True,0.98958606
/content/drive/MyDrive/DeepWeeds/dataset/20171102-122719-2.jpg,2,DW_PARK,2,DW_PARK,True,0.93218863
/content/drive/MyDrive/DeepWeeds/dataset/20171102-122743-3.jpg,2,DW_PARK,7,DW_SNWE,False,0.52940446
/content/drive/MyDrive/DeepWeeds/dataset/20171102-122811-1.jpg,2,DW_PARK,2,DW_PARK,True,0.99914837
/content/drive/MyDrive/DeepWeeds/dataset/20171102-122856-2.jpg,2,DW_PARK,2,DW_PARK,True,0.98480946
/content/drive/MyDrive/DeepWeeds/dataset/20171102-122946-2.jpg,2,DW_PARK,2,DW_PARK,True,0.6019126
/content/drive/MyDrive/DeepWeeds/dataset/20171102-123047-1.jpg,2,DW_PARK,2,DW_PARK,True,0.99803644
/content/drive/MyDrive/DeepWeeds/dataset/20171102-123211-2.jpg,2,DW_PARK,0,DW_CHAP,False,0.42147473
/content/drive/MyDrive/DeepWeeds/dataset/20171102-123222-1.jpg,2,DW_PARK,2,DW_PARK,True,0.9976495
/content/drive/MyDrive/DeepWeeds/dataset/20171102-123304-1.jpg,2,DW_PARK,2,DW_PARK,True,0.61725485
/content/drive/MyDrive/DeepWeeds/dataset/20171102-123413-1.jpg,2,DW_PARK,2,DW_PARK,True,0.63877416
/content/drive/MyDrive/DeepWeeds/dataset/20171102-123413-2.jpg,2,DW_PARK,2,DW_PARK,True,0.89843756
/content/drive/MyDrive/DeepWeeds/dataset/20171102-123636-2.jpg,2,DW_PARK,8,DW_NEG,False,0.8369629
/content/drive/MyDrive/DeepWeeds/dataset/20171108-123917-3.jpg,5,DW_RUBV,0,DW_CHAP,False,0.732979
/content/drive/MyDrive/DeepWeeds/dataset/20171108-125348-3.jpg,5,DW_RUBV,5,DW_RUBV,True,0.89205855
/content/drive/MyDrive/DeepWeeds/dataset/20171108-130043-3.jpg,5,DW_RUBV,5,DW_RUBV,True,0.997696
/content/drive/MyDrive/DeepWeeds/dataset/20171108-130405-3.jpg,5,DW_RUBV,5,DW_RUBV,True,0.98484486
/content/drive/MyDrive/DeepWeeds/dataset/20171109-070618-1.jpg,5,DW_RUBV,5,DW_RUBV,True,0.98887116
/content/drive/MyDrive/DeepWeeds/dataset/20171109-070737-3.jpg,5,DW_RUBV,5,DW_RUBV,True,0.9737847
/content/drive/MyDrive/DeepWeeds/dataset/20171109-070859-1.jpg,5,DW_RUBV,5,DW_RUBV,True,0.99443746
/content/drive/MyDrive/DeepWeeds/dataset/20171109-070917-1.jpg,5,DW_RUBV,5,DW_RUBV,True,0.9970983
/content/drive/MyDrive/DeepWeeds/dataset/20171109-071031-1.jpg,5,DW_RUBV,5,DW_RUBV,True,0.9945963
/content/drive/MyDrive/DeepWeeds/dataset/20171109-071206-1.jpg,5,DW_RUBV,5,DW_RUBV,True,0.8787856
/content/drive/MyDrive/DeepWeeds/dataset/20171109-071248-3.jpg,5,DW_RUBV,5,DW_RUBV,True,0.9885371
/content/drive/MyDrive/DeepWeeds/dataset/20171109-071422-3.jpg,5,DW_RUBV,5,DW_RUBV,True,0.6546907
/content/drive/MyDrive/DeepWeeds/dataset/20171109-071541-3.jpg,5,DW_RUBV,5,DW_RUBV,True,0.99492043
/content/drive/MyDrive/DeepWeeds/dataset/20171109-071710-3.jpg,5,DW_RUBV,5,DW_RUBV,True,0.99628216
/content/drive/MyDrive/DeepWeeds/dataset/20171109-071800-3.jpg,5,DW_RUBV,5,DW_RUBV,True,0.9936388
/content/drive/MyDrive/DeepWeeds/dataset/20171109-071849-1.jpg,5,DW_RUBV,5,DW_RUBV,True,0.960614
/content/drive/MyDrive/DeepWeeds/dataset/20171109-072025-1.jpg,5,DW_RUBV,5,DW_RUBV,True,0.9976908
/content/drive/MyDrive/DeepWeeds/dataset/20171109-072130-1.jpg,5,DW_RUBV,5,DW_RUBV,True,0.95524085
/content/drive/MyDrive/DeepWeeds/dataset/20171109-072244-1.jpg,5,DW_RUBV,5,DW_RUBV,True,0.9992774
/content/drive/MyDrive/DeepWeeds/dataset/20171109-072328-1.jpg,5,DW_RUBV,5,DW_RUBV,True,0.9925408
/content/drive/MyDrive/DeepWeeds/dataset/20171109-072419-1.jpg,5,DW_RUBV,5,DW_RUBV,True,0.9415175
/content/drive/MyDrive/DeepWeeds/dataset/20171109-072549-1.jpg,5,DW_RUBV,5,DW_RUBV,True,0.9862119
/content/drive/MyDrive/DeepWeeds/dataset/20171109-072655-1.jpg,5,DW_RUBV,5,DW_RUBV,True,0.995921
/content/drive/MyDrive/DeepWeeds/dataset/20171109-072743-1.jpg,5,DW_RUBV,5,DW_RUBV,True,0.9984831
/content/drive/MyDrive/DeepWeeds/dataset/20171109-072924-3.jpg,5,DW_RUBV,5,DW_RUBV,True,0.9957709
/content/drive/MyDrive/DeepWeeds/dataset/20171109-073153-3.jpg,5,DW_RUBV,5,DW_RUBV,True,0.9780191
/content/drive/MyDrive/DeepWeeds/dataset/20171109-073257-1.jpg,5,DW_RUBV,5,DW_RUBV,True,0.988052
/content/drive/MyDrive/DeepWeeds/dataset/20171109-073321-3.jpg,5,DW_RUBV,5,DW_RUBV,True,0.99191874
/content/drive/MyDrive/DeepWeeds/dataset/20171109-073450-3.jpg,5,DW_RUBV,5,DW_RUBV,True,0.99551684
/content/drive/MyDrive/DeepWeeds/dataset/20171109-073626-1.jpg,5,DW_RUBV,5,DW_RUBV,True,0.99813604
/content/drive/MyDrive/DeepWeeds/dataset/20171109-073724-1.jpg,5,DW_RUBV,5,DW_RUBV,True,0.99659204
/content/drive/MyDrive/DeepWeeds/dataset/20171109-073941-1.jpg,5,DW_RUBV,5,DW_RUBV,True,0.9870504
/content/drive/MyDrive/DeepWeeds/dataset/20171109-074113-3.jpg,5,DW_RUBV,5,DW_RUBV,True,0.9617752
/content/drive/MyDrive/DeepWeeds/dataset/20171109-074159-1.jpg,5,DW_RUBV,5,DW_RUBV,True,0.9811538
/content/drive/MyDrive/DeepWeeds/dataset/20171109-074227-3.jpg,5,DW_RUBV,5,DW_RUBV,True,0.9618857
/content/drive/MyDrive/DeepWeeds/dataset/20171109-074353-1.jpg,5,DW_RUBV,5,DW_RUBV,True,0.38107178
/content/drive/MyDrive/DeepWeeds/dataset/20171109-074524-1.jpg,5,DW_RUBV,5,DW_RUBV,True,0.8415153
/content/drive/MyDrive/DeepWeeds/dataset/20171109-074637-1.jpg,5,DW_RUBV,5,DW_RUBV,True,0.9960808
/content/drive/MyDrive/DeepWeeds/dataset/20171109-074707-3.jpg,5,DW_RUBV,5,DW_RUBV,True,0.96626174
/content/drive/MyDrive/DeepWeeds/dataset/20171109-074707-1.jpg,5,DW_RUBV,5,DW_RUBV,True,0.9994273
/content/drive/MyDrive/DeepWeeds/dataset/20171109-074813-3.jpg,5,DW_RUBV,5,DW_RUBV,True,0.99806076
/content/drive/MyDrive/DeepWeeds/dataset/20171109-074955-1.jpg,5,DW_RUBV,5,DW_RUBV,True,0.87863743
/content/drive/MyDrive/DeepWeeds/dataset/20171109-075129-3.jpg,5,DW_RUBV,5,DW_RUBV,True,0.998816
/content/drive/MyDrive/DeepWeeds/dataset/20171109-084741-3.jpg,5,DW_RUBV,5,DW_RUBV,True,0.9924023
/content/drive/MyDrive/DeepWeeds/dataset/20171109-084949-3.jpg,5,DW_RUBV,5,DW_RUBV,True,0.99014425
/content/drive/MyDrive/DeepWeeds/dataset/20171109-085205-2.jpg,5,DW_RUBV,5,DW_RUBV,True,0.91097337
/content/drive/MyDrive/DeepWeeds/dataset/20171109-085309-3.jpg,5,DW_RUBV,5,DW_RUBV,True,0.9959364
/content/drive/MyDrive/DeepWeeds/dataset/20171109-085426-2.jpg,5,DW_RUBV,5,DW_RUBV,True,0.97403145
/content/drive/MyDrive/DeepWeeds/dataset/20171109-085510-2.jpg,5,DW_RUBV,5,DW_RUBV,True,0.98511606
/content/drive/MyDrive/DeepWeeds/dataset/20171109-085643-2.jpg,5,DW_RUBV,5,DW_RUBV,True,0.99610823
/content/drive/MyDrive/DeepWeeds/dataset/20171109-085941-1.jpg,5,DW_RUBV,5,DW_RUBV,True,0.9282779
/content/drive/MyDrive/DeepWeeds/dataset/20171109-090126-3.jpg,5,DW_RUBV,5,DW_RUBV,True,0.9979875
/content/drive/MyDrive/DeepWeeds/dataset/20171109-090219-3.jpg,5,DW_RUBV,5,DW_RUBV,True,0.99649614
/content/drive/MyDrive/DeepWeeds/dataset/20171109-090247-1.jpg,5,DW_RUBV,5,DW_RUBV,True,0.9857259
/content/drive/MyDrive/DeepWeeds/dataset/20171109-090323-1.jpg,5,DW_RUBV,5,DW_RUBV,True,0.99985886
/content/drive/MyDrive/DeepWeeds/dataset/20171109-090359-1.jpg,5,DW_RUBV,5,DW_RUBV,True,0.9951566
/content/drive/MyDrive/DeepWeeds/dataset/20171109-090427-3.jpg,5,DW_RUBV,5,DW_RUBV,True,0.9987134
/content/drive/MyDrive/DeepWeeds/dataset/20171109-090601-2.jpg,5,DW_RUBV,5,DW_RUBV,True,0.9848461
/content/drive/MyDrive/DeepWeeds/dataset/20171109-090623-3.jpg,5,DW_RUBV,5,DW_RUBV,True,0.9367567
/content/drive/MyDrive/DeepWeeds/dataset/20171109-090726-3.jpg,5,DW_RUBV,5,DW_RUBV,True,0.99667716
/content/drive/MyDrive/DeepWeeds/dataset/20171109-090726-2.jpg,5,DW_RUBV,5,DW_RUBV,True,0.96827936
/content/drive/MyDrive/DeepWeeds/dataset/20171109-090749-1.jpg,5,DW_RUBV,5,DW_RUBV,True,0.9929773
/content/drive/MyDrive/DeepWeeds/dataset/20171109-090842-1.jpg,5,DW_RUBV,5,DW_RUBV,True,0.9906557
/content/drive/MyDrive/DeepWeeds/dataset/20171109-090954-1.jpg,5,DW_RUBV,5,DW_RUBV,True,0.9959117
/content/drive/MyDrive/DeepWeeds/dataset/20171109-091031-1.jpg,5,DW_RUBV,5,DW_RUBV,True,0.76093495
/content/drive/MyDrive/DeepWeeds/dataset/20171109-091124-2.jpg,5,DW_RUBV,5,DW_RUBV,True,0.99262977
/content/drive/MyDrive/DeepWeeds/dataset/20171109-091205-2.jpg,5,DW_RUBV,5,DW_RUBV,True,0.9875547
/content/drive/MyDrive/DeepWeeds/dataset/20171109-091257-3.jpg,5,DW_RUBV,5,DW_RUBV,True,0.9870286
/content/drive/MyDrive/DeepWeeds/dataset/20171109-091409-3.jpg,5,DW_RUBV,5,DW_RUBV,True,0.99779034
/content/drive/MyDrive/DeepWeeds/dataset/20171109-091506-3.jpg,5,DW_RUBV,5,DW_RUBV,True,0.9851289
/content/drive/MyDrive/DeepWeeds/dataset/20171109-091521-2.jpg,5,DW_RUBV,5,DW_RUBV,True,0.9826804
/content/drive/MyDrive/DeepWeeds/dataset/20171109-091628-2.jpg,5,DW_RUBV,5,DW_RUBV,True,0.99801207
/content/drive/MyDrive/DeepWeeds/dataset/20171109-091701-2.jpg,5,DW_RUBV,5,DW_RUBV,True,0.9982716
/content/drive/MyDrive/DeepWeeds/dataset/20171109-091812-1.jpg,5,DW_RUBV,5,DW_RUBV,True,0.9218998
/content/drive/MyDrive/DeepWeeds/dataset/20171109-091826-1.jpg,5,DW_RUBV,5,DW_RUBV,True,0.98533195
/content/drive/MyDrive/DeepWeeds/dataset/20171109-092005-1.jpg,5,DW_RUBV,5,DW_RUBV,True,0.9889269
/content/drive/MyDrive/DeepWeeds/dataset/20171109-092048-1.jpg,5,DW_RUBV,5,DW_RUBV,True,0.9968855
/content/drive/MyDrive/DeepWeeds/dataset/20171109-092149-1.jpg,5,DW_RUBV,5,DW_RUBV,True,0.9818923
/content/drive/MyDrive/DeepWeeds/dataset/20171109-092301-2.jpg,5,DW_RUBV,5,DW_RUBV,True,0.9923396
/content/drive/MyDrive/DeepWeeds/dataset/20171109-092404-2.jpg,5,DW_RUBV,5,DW_RUBV,True,0.98727304
/content/drive/MyDrive/DeepWeeds/dataset/20171109-092455-2.jpg,5,DW_RUBV,5,DW_RUBV,True,0.8805484
/content/drive/MyDrive/DeepWeeds/dataset/20171109-092540-1.jpg,5,DW_RUBV,5,DW_RUBV,True,0.9971783
/content/drive/MyDrive/DeepWeeds/dataset/20171109-092615-1.jpg,5,DW_RUBV,5,DW_RUBV,True,0.99819607
/content/drive/MyDrive/DeepWeeds/dataset/20171109-092733-1.jpg,5,DW_RUBV,5,DW_RUBV,True,0.8535234
/content/drive/MyDrive/DeepWeeds/dataset/20171109-092818-1.jpg,5,DW_RUBV,5,DW_RUBV,True,0.9783288
/content/drive/MyDrive/DeepWeeds/dataset/20171109-092910-2.jpg,5,DW_RUBV,5,DW_RUBV,True,0.9868019
/content/drive/MyDrive/DeepWeeds/dataset/20171109-093036-3.jpg,5,DW_RUBV,5,DW_RUBV,True,0.9985753
/content/drive/MyDrive/DeepWeeds/dataset/20171109-093142-2.jpg,5,DW_RUBV,5,DW_RUBV,True,0.99497235
/content/drive/MyDrive/DeepWeeds/dataset/20171109-093200-3.jpg,5,DW_RUBV,5,DW_RUBV,True,0.9892799
/content/drive/MyDrive/DeepWeeds/dataset/20171109-093300-1.jpg,5,DW_RUBV,5,DW_RUBV,True,0.999079
/content/drive/MyDrive/DeepWeeds/dataset/20171109-093351-2.jpg,5,DW_RUBV,5,DW_RUBV,True,0.9512317
/content/drive/MyDrive/DeepWeeds/dataset/20171109-093438-2.jpg,5,DW_RUBV,1,DW_LANT,False,0.24515179
/content/drive/MyDrive/DeepWeeds/dataset/20171109-093513-1.jpg,5,DW_RUBV,8,DW_NEG,False,0.7997807
/content/drive/MyDrive/DeepWeeds/dataset/20171109-093542-2.jpg,5,DW_RUBV,5,DW_RUBV,True,0.94628847
/content/drive/MyDrive/DeepWeeds/dataset/20171109-093715-3.jpg,5,DW_RUBV,5,DW_RUBV,True,0.9990306
/content/drive/MyDrive/DeepWeeds/dataset/20171109-093759-1.jpg,5,DW_RUBV,5,DW_RUBV,True,0.9940194
/content/drive/MyDrive/DeepWeeds/dataset/20171109-093826-3.jpg,5,DW_RUBV,5,DW_RUBV,True,0.99916375
/content/drive/MyDrive/DeepWeeds/dataset/20171109-094215-2.jpg,5,DW_RUBV,5,DW_RUBV,True,0.6737538
/content/drive/MyDrive/DeepWeeds/dataset/20171109-094316-3.jpg,5,DW_RUBV,5,DW_RUBV,True,0.9995683
/content/drive/MyDrive/DeepWeeds/dataset/20171109-094851-2.jpg,5,DW_RUBV,5,DW_RUBV,True,0.88139194
/content/drive/MyDrive/DeepWeeds/dataset/20171109-095224-3.jpg,5,DW_RUBV,5,DW_RUBV,True,0.9899379
/content/drive/MyDrive/DeepWeeds/dataset/20171109-095504-2.jpg,5,DW_RUBV,5,DW_RUBV,True,0.9092263
/content/drive/MyDrive/DeepWeeds/dataset/20171109-095516-2.jpg,5,DW_RUBV,5,DW_RUBV,True,0.93230766
/content/drive/MyDrive/DeepWeeds/dataset/20171109-175951-2.jpg,5,DW_RUBV,5,DW_RUBV,True,0.9929559
/content/drive/MyDrive/DeepWeeds/dataset/20171109-193741-1.jpg,5,DW_RUBV,0,DW_CHAP,False,0.2959863
/content/drive/MyDrive/DeepWeeds/dataset/20171109-193932-1.jpg,5,DW_RUBV,5,DW_RUBV,True,0.9945956
/content/drive/MyDrive/DeepWeeds/dataset/20171109-194044-1.jpg,5,DW_RUBV,5,DW_RUBV,True,0.99839646
/content/drive/MyDrive/DeepWeeds/dataset/20171109-194239-1.jpg,5,DW_RUBV,5,DW_RUBV,True,0.9990779
/content/drive/MyDrive/DeepWeeds/dataset/20171109-194604-1.jpg,5,DW_RUBV,5,DW_RUBV,True,0.9385116
/content/drive/MyDrive/DeepWeeds/dataset/20171109-194734-1.jpg,5,DW_RUBV,5,DW_RUBV,True,0.994076
/content/drive/MyDrive/DeepWeeds/dataset/20171109-194934-1.jpg,5,DW_RUBV,5,DW_RUBV,True,0.94396955
/content/drive/MyDrive/DeepWeeds/dataset/20171109-195050-1.jpg,5,DW_RUBV,5,DW_RUBV,True,0.9966156
/content/drive/MyDrive/DeepWeeds/dataset/20171113-060557-1.jpg,6,DW_SIWE,6,DW_SIWE,True,0.6331403
/content/drive/MyDrive/DeepWeeds/dataset/20171113-060751-1.jpg,6,DW_SIWE,6,DW_SIWE,True,0.99273914
/content/drive/MyDrive/DeepWeeds/dataset/20171113-060924-1.jpg,6,DW_SIWE,6,DW_SIWE,True,0.9985825
/content/drive/MyDrive/DeepWeeds/dataset/20171113-061216-1.jpg,6,DW_SIWE,6,DW_SIWE,True,0.7411922
/content/drive/MyDrive/DeepWeeds/dataset/20171113-061441-1.jpg,6,DW_SIWE,6,DW_SIWE,True,0.99994683
/content/drive/MyDrive/DeepWeeds/dataset/20171113-091604-3.jpg,5,DW_RUBV,5,DW_RUBV,True,0.99526936
/content/drive/MyDrive/DeepWeeds/dataset/20171113-091817-3.jpg,5,DW_RUBV,5,DW_RUBV,True,0.9533558
/content/drive/MyDrive/DeepWeeds/dataset/20171113-092056-3.jpg,5,DW_RUBV,5,DW_RUBV,True,0.9983475
/content/drive/MyDrive/DeepWeeds/dataset/20171113-092415-1.jpg,5,DW_RUBV,5,DW_RUBV,True,0.983471
/content/drive/MyDrive/DeepWeeds/dataset/20171113-092423-3.jpg,5,DW_RUBV,5,DW_RUBV,True,0.99943835
/content/drive/MyDrive/DeepWeeds/dataset/20171113-092503-1.jpg,5,DW_RUBV,5,DW_RUBV,True,0.9926144
/content/drive/MyDrive/DeepWeeds/dataset/20171113-092616-3.jpg,5,DW_RUBV,5,DW_RUBV,True,0.9556016
/content/drive/MyDrive/DeepWeeds/dataset/20171113-092826-3.jpg,5,DW_RUBV,5,DW_RUBV,True,0.97023743
/content/drive/MyDrive/DeepWeeds/dataset/20171113-092943-1.jpg,5,DW_RUBV,5,DW_RUBV,True,0.9876836
/content/drive/MyDrive/DeepWeeds/dataset/20171113-093033-1.jpg,5,DW_RUBV,5,DW_RUBV,True,0.77844536
/content/drive/MyDrive/DeepWeeds/dataset/20171113-093432-1.jpg,5,DW_RUBV,5,DW_RUBV,True,0.9163309
/content/drive/MyDrive/DeepWeeds/dataset/20171113-093619-3.jpg,5,DW_RUBV,5,DW_RUBV,True,0.78947437
/content/drive/MyDrive/DeepWeeds/dataset/20171113-094218-3.jpg,5,DW_RUBV,8,DW_NEG,False,0.87770253
/content/drive/MyDrive/DeepWeeds/dataset/20171113-094525-3.jpg,5,DW_RUBV,5,DW_RUBV,True,0.92328143
/content/drive/MyDrive/DeepWeeds/dataset/20171113-094840-3.jpg,5,DW_RUBV,5,DW_RUBV,True,0.9736342
/content/drive/MyDrive/DeepWeeds/dataset/20171113-095025-3.jpg,5,DW_RUBV,5,DW_RUBV,True,0.99524915
/content/drive/MyDrive/DeepWeeds/dataset/20171113-095501-3.jpg,5,DW_RUBV,5,DW_RUBV,True,0.9995047
/content/drive/MyDrive/DeepWeeds/dataset/20171113-095647-1.jpg,5,DW_RUBV,5,DW_RUBV,True,0.96318233
/content/drive/MyDrive/DeepWeeds/dataset/20171113-095713-1.jpg,5,DW_RUBV,0,DW_CHAP,False,0.57161176
/content/drive/MyDrive/DeepWeeds/dataset/20171113-100431-3.jpg,5,DW_RUBV,5,DW_RUBV,True,0.9995727
/content/drive/MyDrive/DeepWeeds/dataset/20171113-100926-1.jpg,5,DW_RUBV,5,DW_RUBV,True,0.949601
/content/drive/MyDrive/DeepWeeds/dataset/20171113-101111-1.jpg,5,DW_RUBV,5,DW_RUBV,True,0.9974504
/content/drive/MyDrive/DeepWeeds/dataset/20171113-101255-1.jpg,5,DW_RUBV,5,DW_RUBV,True,0.9890652
/content/drive/MyDrive/DeepWeeds/dataset/20171113-101410-3.jpg,5,DW_RUBV,5,DW_RUBV,True,0.99887675
/content/drive/MyDrive/DeepWeeds/dataset/20171113-101506-1.jpg,5,DW_RUBV,5,DW_RUBV,True,0.9421442
/content/drive/MyDrive/DeepWeeds/dataset/20171113-101657-3.jpg,5,DW_RUBV,5,DW_RUBV,True,0.9983267
/content/drive/MyDrive/DeepWeeds/dataset/20171113-101845-1.jpg,5,DW_RUBV,5,DW_RUBV,True,0.91392094
/content/drive/MyDrive/DeepWeeds/dataset/20171113-101927-0.jpg,6,DW_SIWE,6,DW_SIWE,True,0.9973845
/content/drive/MyDrive/DeepWeeds/dataset/20171113-102057-1.jpg,5,DW_RUBV,5,DW_RUBV,True,0.90683216
/content/drive/MyDrive/DeepWeeds/dataset/20171113-102132-1.jpg,5,DW_RUBV,5,DW_RUBV,True,0.98064375
/content/drive/MyDrive/DeepWeeds/dataset/20171113-102414-0.jpg,6,DW_SIWE,6,DW_SIWE,True,0.99912673
/content/drive/MyDrive/DeepWeeds/dataset/20171113-103235-0.jpg,6,DW_SIWE,6,DW_SIWE,True,0.99906904
/content/drive/MyDrive/DeepWeeds/dataset/20171113-104614-0.jpg,6,DW_SIWE,6,DW_SIWE,True,0.99917585
/content/drive/MyDrive/DeepWeeds/dataset/20171113-105433-0.jpg,6,DW_SIWE,6,DW_SIWE,True,0.9988877
/content/drive/MyDrive/DeepWeeds/dataset/20171113-111444-0.jpg,6,DW_SIWE,6,DW_SIWE,True,0.99466765
/content/drive/MyDrive/DeepWeeds/dataset/20171113-112552-0.jpg,6,DW_SIWE,6,DW_SIWE,True,0.9998894
/content/drive/MyDrive/DeepWeeds/dataset/20171113-112836-0.jpg,6,DW_SIWE,6,DW_SIWE,True,0.94207424
/content/drive/MyDrive/DeepWeeds/dataset/20171113-115125-1.jpg,6,DW_SIWE,6,DW_SIWE,True,0.9985663
/content/drive/MyDrive/DeepWeeds/dataset/20171113-115211-3.jpg,6,DW_SIWE,6,DW_SIWE,True,0.98975426
/content/drive/MyDrive/DeepWeeds/dataset/20171113-115402-3.jpg,6,DW_SIWE,6,DW_SIWE,True,0.7545486
/content/drive/MyDrive/DeepWeeds/dataset/20171113-115609-1.jpg,6,DW_SIWE,6,DW_SIWE,True,0.9854557
/content/drive/MyDrive/DeepWeeds/dataset/20171113-115816-0.jpg,6,DW_SIWE,6,DW_SIWE,True,0.9993992
/content/drive/MyDrive/DeepWeeds/dataset/20171113-115857-1.jpg,6,DW_SIWE,6,DW_SIWE,True,0.9989256
/content/drive/MyDrive/DeepWeeds/dataset/20171113-115932-1.jpg,6,DW_SIWE,6,DW_SIWE,True,0.99907637
/content/drive/MyDrive/DeepWeeds/dataset/20171113-120014-3.jpg,6,DW_SIWE,6,DW_SIWE,True,0.9560723
/content/drive/MyDrive/DeepWeeds/dataset/20171113-120134-1.jpg,6,DW_SIWE,6,DW_SIWE,True,0.99885833
/content/drive/MyDrive/DeepWeeds/dataset/20171113-120206-1.jpg,6,DW_SIWE,6,DW_SIWE,True,0.99953973
/content/drive/MyDrive/DeepWeeds/dataset/20171113-120222-1.jpg,6,DW_SIWE,6,DW_SIWE,True,0.9992268
/content/drive/MyDrive/DeepWeeds/dataset/20171113-120413-1.jpg,6,DW_SIWE,6,DW_SIWE,True,0.9979601
/content/drive/MyDrive/DeepWeeds/dataset/20171113-120539-2.jpg,6,DW_SIWE,6,DW_SIWE,True,0.9984101
/content/drive/MyDrive/DeepWeeds/dataset/20171113-120603-2.jpg,6,DW_SIWE,6,DW_SIWE,True,0.9620094
/content/drive/MyDrive/DeepWeeds/dataset/20171113-120654-2.jpg,6,DW_SIWE,6,DW_SIWE,True,0.9991116
/content/drive/MyDrive/DeepWeeds/dataset/20171113-120832-1.jpg,6,DW_SIWE,6,DW_SIWE,True,0.9041153
/content/drive/MyDrive/DeepWeeds/dataset/20171113-121025-1.jpg,6,DW_SIWE,6,DW_SIWE,True,0.9991387
/content/drive/MyDrive/DeepWeeds/dataset/20171113-121335-3.jpg,6,DW_SIWE,6,DW_SIWE,True,0.99440646
/content/drive/MyDrive/DeepWeeds/dataset/20171113-121456-1.jpg,6,DW_SIWE,6,DW_SIWE,True,0.99259734
/content/drive/MyDrive/DeepWeeds/dataset/20171113-121703-1.jpg,6,DW_SIWE,6,DW_SIWE,True,0.94903845
/content/drive/MyDrive/DeepWeeds/dataset/20171113-121813-0.jpg,6,DW_SIWE,6,DW_SIWE,True,0.9994611
/content/drive/MyDrive/DeepWeeds/dataset/20171113-122227-3.jpg,6,DW_SIWE,6,DW_SIWE,True,0.9967782
/content/drive/MyDrive/DeepWeeds/dataset/20171113-122417-3.jpg,6,DW_SIWE,6,DW_SIWE,True,0.99951315
/content/drive/MyDrive/DeepWeeds/dataset/20171113-123027-3.jpg,6,DW_SIWE,6,DW_SIWE,True,0.9602527
/content/drive/MyDrive/DeepWeeds/dataset/20171113-123106-1.jpg,6,DW_SIWE,6,DW_SIWE,True,0.99944645
/content/drive/MyDrive/DeepWeeds/dataset/20171113-123302-1.jpg,6,DW_SIWE,6,DW_SIWE,True,0.9981603
/content/drive/MyDrive/DeepWeeds/dataset/20171113-123427-3.jpg,6,DW_SIWE,6,DW_SIWE,True,0.99866736
/content/drive/MyDrive/DeepWeeds/dataset/20171113-123524-3.jpg,6,DW_SIWE,6,DW_SIWE,True,0.91274434
/content/drive/MyDrive/DeepWeeds/dataset/20171113-123604-1.jpg,6,DW_SIWE,6,DW_SIWE,True,0.9994087
/content/drive/MyDrive/DeepWeeds/dataset/20171113-123718-3.jpg,6,DW_SIWE,6,DW_SIWE,True,0.9909863
/content/drive/MyDrive/DeepWeeds/dataset/20171113-123824-1.jpg,6,DW_SIWE,6,DW_SIWE,True,0.9990251
/content/drive/MyDrive/DeepWeeds/dataset/20171113-123943-3.jpg,6,DW_SIWE,6,DW_SIWE,True,0.93098646
/content/drive/MyDrive/DeepWeeds/dataset/20171113-124114-1.jpg,6,DW_SIWE,6,DW_SIWE,True,0.99618125
/content/drive/MyDrive/DeepWeeds/dataset/20171113-124140-0.jpg,6,DW_SIWE,6,DW_SIWE,True,0.98313725
/content/drive/MyDrive/DeepWeeds/dataset/20171113-124246-3.jpg,6,DW_SIWE,6,DW_SIWE,True,0.9992507
/content/drive/MyDrive/DeepWeeds/dataset/20171113-124335-1.jpg,6,DW_SIWE,6,DW_SIWE,True,0.99950325
/content/drive/MyDrive/DeepWeeds/dataset/20171113-124540-3.jpg,6,DW_SIWE,6,DW_SIWE,True,0.9659095
/content/drive/MyDrive/DeepWeeds/dataset/20171113-130049-2.jpg,6,DW_SIWE,6,DW_SIWE,True,0.9560237
/content/drive/MyDrive/DeepWeeds/dataset/20171113-130331-2.jpg,6,DW_SIWE,6,DW_SIWE,True,0.99685466
/content/drive/MyDrive/DeepWeeds/dataset/20171113-130402-2.jpg,6,DW_SIWE,6,DW_SIWE,True,0.98825085
/content/drive/MyDrive/DeepWeeds/dataset/20171113-130902-2.jpg,6,DW_SIWE,6,DW_SIWE,True,0.9882058
/content/drive/MyDrive/DeepWeeds/dataset/20171113-131014-2.jpg,6,DW_SIWE,6,DW_SIWE,True,0.9940714
/content/drive/MyDrive/DeepWeeds/dataset/20171113-131307-1.jpg,6,DW_SIWE,6,DW_SIWE,True,0.9984798
/content/drive/MyDrive/DeepWeeds/dataset/20171113-131307-2.jpg,6,DW_SIWE,6,DW_SIWE,True,0.99062526
/content/drive/MyDrive/DeepWeeds/dataset/20171113-131345-1.jpg,6,DW_SIWE,6,DW_SIWE,True,0.99979514
/content/drive/MyDrive/DeepWeeds/dataset/20171113-131411-1.jpg,6,DW_SIWE,6,DW_SIWE,True,0.9922984
/content/drive/MyDrive/DeepWeeds/dataset/20171113-131413-0.jpg,6,DW_SIWE,6,DW_SIWE,True,0.9998914
/content/drive/MyDrive/DeepWeeds/dataset/20171113-131609-1.jpg,6,DW_SIWE,6,DW_SIWE,True,0.9935184
/content/drive/MyDrive/DeepWeeds/dataset/20171113-131803-1.jpg,6,DW_SIWE,6,DW_SIWE,True,0.9907774
/content/drive/MyDrive/DeepWeeds/dataset/20171113-131833-3.jpg,6,DW_SIWE,6,DW_SIWE,True,0.99573684
/content/drive/MyDrive/DeepWeeds/dataset/20171113-131947-2.jpg,6,DW_SIWE,6,DW_SIWE,True,0.9599092
/content/drive/MyDrive/DeepWeeds/dataset/20171113-132028-3.jpg,6,DW_SIWE,6,DW_SIWE,True,0.9622667
/content/drive/MyDrive/DeepWeeds/dataset/20171113-132058-1.jpg,6,DW_SIWE,6,DW_SIWE,True,0.9897955
/content/drive/MyDrive/DeepWeeds/dataset/20171113-132208-1.jpg,6,DW_SIWE,6,DW_SIWE,True,0.99883646
/content/drive/MyDrive/DeepWeeds/dataset/20171113-132323-3.jpg,6,DW_SIWE,6,DW_SIWE,True,0.9928559
/content/drive/MyDrive/DeepWeeds/dataset/20171113-132342-3.jpg,6,DW_SIWE,6,DW_SIWE,True,0.9792342
/content/drive/MyDrive/DeepWeeds/dataset/20171113-132416-3.jpg,6,DW_SIWE,6,DW_SIWE,True,0.9995414
/content/drive/MyDrive/DeepWeeds/dataset/20171113-132511-3.jpg,6,DW_SIWE,6,DW_SIWE,True,0.71712476
/content/drive/MyDrive/DeepWeeds/dataset/20171113-132644-1.jpg,6,DW_SIWE,6,DW_SIWE,True,0.99822575
/content/drive/MyDrive/DeepWeeds/dataset/20171113-132701-1.jpg,6,DW_SIWE,6,DW_SIWE,True,0.85037297
/content/drive/MyDrive/DeepWeeds/dataset/20171113-132837-1.jpg,6,DW_SIWE,6,DW_SIWE,True,0.9997011
/content/drive/MyDrive/DeepWeeds/dataset/20171113-132956-0.jpg,6,DW_SIWE,6,DW_SIWE,True,0.9955734
/content/drive/MyDrive/DeepWeeds/dataset/20171113-133044-3.jpg,6,DW_SIWE,6,DW_SIWE,True,0.99416816
/content/drive/MyDrive/DeepWeeds/dataset/20171113-133059-3.jpg,6,DW_SIWE,6,DW_SIWE,True,0.9994419
/content/drive/MyDrive/DeepWeeds/dataset/20171113-133241-3.jpg,6,DW_SIWE,6,DW_SIWE,True,0.98596144
/content/drive/MyDrive/DeepWeeds/dataset/20171113-133317-3.jpg,6,DW_SIWE,6,DW_SIWE,True,0.9822694
/content/drive/MyDrive/DeepWeeds/dataset/20171113-133536-1.jpg,6,DW_SIWE,6,DW_SIWE,True,0.99889
/content/drive/MyDrive/DeepWeeds/dataset/20171113-133710-1.jpg,6,DW_SIWE,6,DW_SIWE,True,0.8404938
/content/drive/MyDrive/DeepWeeds/dataset/20171113-133808-1.jpg,6,DW_SIWE,8,DW_NEG,False,0.585336
/content/drive/MyDrive/DeepWeeds/dataset/20171113-133912-3.jpg,6,DW_SIWE,6,DW_SIWE,True,0.9986324
/content/drive/MyDrive/DeepWeeds/dataset/20171113-133946-1.jpg,6,DW_SIWE,6,DW_SIWE,True,0.920054
/content/drive/MyDrive/DeepWeeds/dataset/20171113-134032-1.jpg,6,DW_SIWE,6,DW_SIWE,True,0.95913804
/content/drive/MyDrive/DeepWeeds/dataset/20171113-134220-1.jpg,6,DW_SIWE,6,DW_SIWE,True,0.95697814
/content/drive/MyDrive/DeepWeeds/dataset/20171113-134326-3.jpg,6,DW_SIWE,6,DW_SIWE,True,0.9051613
/content/drive/MyDrive/DeepWeeds/dataset/20171113-134550-1.jpg,6,DW_SIWE,6,DW_SIWE,True,0.9956321
/content/drive/MyDrive/DeepWeeds/dataset/20171113-134630-3.jpg,6,DW_SIWE,6,DW_SIWE,True,0.9986332
/content/drive/MyDrive/DeepWeeds/dataset/20171113-134706-3.jpg,6,DW_SIWE,6,DW_SIWE,True,0.9474643
/content/drive/MyDrive/DeepWeeds/dataset/20171113-134828-1.jpg,6,DW_SIWE,6,DW_SIWE,True,0.99281716
/content/drive/MyDrive/DeepWeeds/dataset/20171113-134906-1.jpg,6,DW_SIWE,6,DW_SIWE,True,0.999925
/content/drive/MyDrive/DeepWeeds/dataset/20171113-134913-3.jpg,6,DW_SIWE,6,DW_SIWE,True,0.9889741
/content/drive/MyDrive/DeepWeeds/dataset/20171113-134952-3.jpg,6,DW_SIWE,6,DW_SIWE,True,0.99772054
/content/drive/MyDrive/DeepWeeds/dataset/20171113-135139-3.jpg,6,DW_SIWE,6,DW_SIWE,True,0.8843817
/content/drive/MyDrive/DeepWeeds/dataset/20171113-135243-1.jpg,6,DW_SIWE,6,DW_SIWE,True,0.98394406
/content/drive/MyDrive/DeepWeeds/dataset/20171113-135359-3.jpg,6,DW_SIWE,6,DW_SIWE,True,0.9250877
/content/drive/MyDrive/DeepWeeds/dataset/20171113-135516-0.jpg,6,DW_SIWE,6,DW_SIWE,True,0.94913554
/content/drive/MyDrive/DeepWeeds/dataset/20171113-135935-1.jpg,6,DW_SIWE,6,DW_SIWE,True,0.99648464
/content/drive/MyDrive/DeepWeeds/dataset/20171113-140103-1.jpg,6,DW_SIWE,6,DW_SIWE,True,0.998384
/content/drive/MyDrive/DeepWeeds/dataset/20171113-140203-1.jpg,6,DW_SIWE,6,DW_SIWE,True,0.99888474
/content/drive/MyDrive/DeepWeeds/dataset/20171113-140302-2.jpg,6,DW_SIWE,6,DW_SIWE,True,0.99990046
/content/drive/MyDrive/DeepWeeds/dataset/20171113-140544-2.jpg,6,DW_SIWE,6,DW_SIWE,True,0.99815565
/content/drive/MyDrive/DeepWeeds/dataset/20171113-140720-2.jpg,6,DW_SIWE,6,DW_SIWE,True,0.9998925
/content/drive/MyDrive/DeepWeeds/dataset/20171113-140845-2.jpg,6,DW_SIWE,6,DW_SIWE,True,0.99649435
/content/drive/MyDrive/DeepWeeds/dataset/20171113-141151-2.jpg,6,DW_SIWE,6,DW_SIWE,True,0.99441165
/content/drive/MyDrive/DeepWeeds/dataset/20171113-141253-2.jpg,6,DW_SIWE,6,DW_SIWE,True,0.98678964
/content/drive/MyDrive/DeepWeeds/dataset/20171113-141326-2.jpg,6,DW_SIWE,6,DW_SIWE,True,0.9992632
/content/drive/MyDrive/DeepWeeds/dataset/20171113-141550-2.jpg,6,DW_SIWE,6,DW_SIWE,True,0.9964269
/content/drive/MyDrive/DeepWeeds/dataset/20171113-141752-2.jpg,6,DW_SIWE,6,DW_SIWE,True,0.99432594
/content/drive/MyDrive/DeepWeeds/dataset/20171113-142008-2.jpg,6,DW_SIWE,6,DW_SIWE,True,0.99908316
/content/drive/MyDrive/DeepWeeds/dataset/20171113-142238-2.jpg,6,DW_SIWE,6,DW_SIWE,True,0.97419226
/content/drive/MyDrive/DeepWeeds/dataset/20171113-142438-2.jpg,6,DW_SIWE,6,DW_SIWE,True,0.9977533
/content/drive/MyDrive/DeepWeeds/dataset/20171113-142645-0.jpg,6,DW_SIWE,6,DW_SIWE,True,0.99172604
/content/drive/MyDrive/DeepWeeds/dataset/20171113-142713-2.jpg,6,DW_SIWE,6,DW_SIWE,True,0.9469748
/content/drive/MyDrive/DeepWeeds/dataset/20171113-142823-0.jpg,6,DW_SIWE,6,DW_SIWE,True,0.9833945
/content/drive/MyDrive/DeepWeeds/dataset/20171113-142844-3.jpg,6,DW_SIWE,6,DW_SIWE,True,0.997974
/content/drive/MyDrive/DeepWeeds/dataset/20171113-143038-3.jpg,6,DW_SIWE,6,DW_SIWE,True,0.99649304
/content/drive/MyDrive/DeepWeeds/dataset/20171113-143204-3.jpg,6,DW_SIWE,6,DW_SIWE,True,0.9959778
/content/drive/MyDrive/DeepWeeds/dataset/20171113-143258-3.jpg,6,DW_SIWE,6,DW_SIWE,True,0.9997826
/content/drive/MyDrive/DeepWeeds/dataset/20171113-143259-0.jpg,6,DW_SIWE,6,DW_SIWE,True,0.9983695
/content/drive/MyDrive/DeepWeeds/dataset/20171113-143513-2.jpg,6,DW_SIWE,6,DW_SIWE,True,0.9981704
/content/drive/MyDrive/DeepWeeds/dataset/20171113-143805-2.jpg,6,DW_SIWE,6,DW_SIWE,True,0.98627025
/content/drive/MyDrive/DeepWeeds/dataset/20171113-143827-3.jpg,6,DW_SIWE,6,DW_SIWE,True,0.9996182
/content/drive/MyDrive/DeepWeeds/dataset/20171113-143958-2.jpg,6,DW_SIWE,6,DW_SIWE,True,0.998833
/content/drive/MyDrive/DeepWeeds/dataset/20171113-144143-2.jpg,6,DW_SIWE,6,DW_SIWE,True,0.9994267
/content/drive/MyDrive/DeepWeeds/dataset/20171113-144239-3.jpg,6,DW_SIWE,6,DW_SIWE,True,0.99945503
/content/drive/MyDrive/DeepWeeds/dataset/20171113-144335-1.jpg,6,DW_SIWE,6,DW_SIWE,True,0.99822575
/content/drive/MyDrive/DeepWeeds/dataset/20171113-144441-2.jpg,6,DW_SIWE,6,DW_SIWE,True,0.9968548
/content/drive/MyDrive/DeepWeeds/dataset/20171113-144523-3.jpg,6,DW_SIWE,6,DW_SIWE,True,0.6567771
/content/drive/MyDrive/DeepWeeds/dataset/20171113-144652-3.jpg,6,DW_SIWE,8,DW_NEG,False,0.46785012
/content/drive/MyDrive/DeepWeeds/dataset/20171113-144802-3.jpg,6,DW_SIWE,6,DW_SIWE,True,0.9987374
/content/drive/MyDrive/DeepWeeds/dataset/20171113-144900-1.jpg,6,DW_SIWE,6,DW_SIWE,True,0.99446106
/content/drive/MyDrive/DeepWeeds/dataset/20171113-145022-1.jpg,6,DW_SIWE,6,DW_SIWE,True,0.59294224
/content/drive/MyDrive/DeepWeeds/dataset/20171113-145105-1.jpg,6,DW_SIWE,6,DW_SIWE,True,0.9990796
/content/drive/MyDrive/DeepWeeds/dataset/20171113-145232-3.jpg,6,DW_SIWE,6,DW_SIWE,True,0.97905207
/content/drive/MyDrive/DeepWeeds/dataset/20171113-145322-0.jpg,6,DW_SIWE,6,DW_SIWE,True,0.92838734
/content/drive/MyDrive/DeepWeeds/dataset/20171113-145415-3.jpg,6,DW_SIWE,6,DW_SIWE,True,0.99506617
/content/drive/MyDrive/DeepWeeds/dataset/20171113-145512-1.jpg,6,DW_SIWE,6,DW_SIWE,True,0.9981585
/content/drive/MyDrive/DeepWeeds/dataset/20171113-145632-3.jpg,6,DW_SIWE,6,DW_SIWE,True,0.98126465
/content/drive/MyDrive/DeepWeeds/dataset/20171113-145759-3.jpg,6,DW_SIWE,6,DW_SIWE,True,0.9994343
/content/drive/MyDrive/DeepWeeds/dataset/20171113-145845-3.jpg,6,DW_SIWE,6,DW_SIWE,True,0.81837314
/content/drive/MyDrive/DeepWeeds/dataset/20171113-150055-1.jpg,6,DW_SIWE,6,DW_SIWE,True,0.74842715
/content/drive/MyDrive/DeepWeeds/dataset/20171113-150257-3.jpg,6,DW_SIWE,6,DW_SIWE,True,0.9948378
/content/drive/MyDrive/DeepWeeds/dataset/20171113-150406-3.jpg,6,DW_SIWE,5,DW_RUBV,False,0.9274567
/content/drive/MyDrive/DeepWeeds/dataset/20171113-150538-3.jpg,6,DW_SIWE,6,DW_SIWE,True,0.89005136
/content/drive/MyDrive/DeepWeeds/dataset/20171113-150713-1.jpg,6,DW_SIWE,6,DW_SIWE,True,0.9978713
/content/drive/MyDrive/DeepWeeds/dataset/20171113-151058-0.jpg,6,DW_SIWE,6,DW_SIWE,True,0.91794145
/content/drive/MyDrive/DeepWeeds/dataset/20171113-151653-1.jpg,6,DW_SIWE,6,DW_SIWE,True,0.96238405
/content/drive/MyDrive/DeepWeeds/dataset/20171113-151844-1.jpg,6,DW_SIWE,6,DW_SIWE,True,0.9998481
/content/drive/MyDrive/DeepWeeds/dataset/20171113-151947-1.jpg,6,DW_SIWE,6,DW_SIWE,True,0.9968549
/content/drive/MyDrive/DeepWeeds/dataset/20171113-152542-0.jpg,6,DW_SIWE,6,DW_SIWE,True,0.99989605
/content/drive/MyDrive/DeepWeeds/dataset/20171113-153310-0.jpg,6,DW_SIWE,6,DW_SIWE,True,0.9989617
/content/drive/MyDrive/DeepWeeds/dataset/20171113-154731-0.jpg,6,DW_SIWE,6,DW_SIWE,True,0.97940135
/content/drive/MyDrive/DeepWeeds/dataset/20171113-162351-0.jpg,6,DW_SIWE,6,DW_SIWE,True,0.99883884
/content/drive/MyDrive/DeepWeeds/dataset/20171113-163420-0.jpg,6,DW_SIWE,6,DW_SIWE,True,0.9436219
/content/drive/MyDrive/DeepWeeds/dataset/20171113-165713-0.jpg,6,DW_SIWE,6,DW_SIWE,True,0.99394023
/content/drive/MyDrive/DeepWeeds/dataset/20171113-165829-0.jpg,6,DW_SIWE,6,DW_SIWE,True,0.99398464
/content/drive/MyDrive/DeepWeeds/dataset/20171113-173515-0.jpg,6,DW_SIWE,6,DW_SIWE,True,0.99917823
/content/drive/MyDrive/DeepWeeds/dataset/20171121-071112-1.jpg,6,DW_SIWE,6,DW_SIWE,True,0.9191886
/content/drive/MyDrive/DeepWeeds/dataset/20171121-071808-1.jpg,6,DW_SIWE,6,DW_SIWE,True,0.9947731
/content/drive/MyDrive/DeepWeeds/dataset/20171121-071942-1.jpg,6,DW_SIWE,1,DW_LANT,False,0.4904156
/content/drive/MyDrive/DeepWeeds/dataset/20171121-072215-1.jpg,6,DW_SIWE,1,DW_LANT,False,0.37241888
/content/drive/MyDrive/DeepWeeds/dataset/20171121-072546-1.jpg,6,DW_SIWE,6,DW_SIWE,True,0.8297939
/content/drive/MyDrive/DeepWeeds/dataset/20171121-072630-1.jpg,6,DW_SIWE,6,DW_SIWE,True,0.99488056
/content/drive/MyDrive/DeepWeeds/dataset/20171121-072742-1.jpg,6,DW_SIWE,6,DW_SIWE,True,0.61077243
/content/drive/MyDrive/DeepWeeds/dataset/20171121-072857-1.jpg,6,DW_SIWE,6,DW_SIWE,True,0.9005234
/content/drive/MyDrive/DeepWeeds/dataset/20171121-073120-1.jpg,6,DW_SIWE,6,DW_SIWE,True,0.99413884
/content/drive/MyDrive/DeepWeeds/dataset/20171121-073257-1.jpg,6,DW_SIWE,6,DW_SIWE,True,0.9488324
/content/drive/MyDrive/DeepWeeds/dataset/20171121-073316-1.jpg,6,DW_SIWE,6,DW_SIWE,True,0.5661923
/content/drive/MyDrive/DeepWeeds/dataset/20171121-073533-1.jpg,6,DW_SIWE,6,DW_SIWE,True,0.6238891
/content/drive/MyDrive/DeepWeeds/dataset/20171121-073650-1.jpg,6,DW_SIWE,6,DW_SIWE,True,0.778498
/content/drive/MyDrive/DeepWeeds/dataset/20171121-073829-1.jpg,6,DW_SIWE,8,DW_NEG,False,0.51818377
/content/drive/MyDrive/DeepWeeds/dataset/20171121-074235-1.jpg,6,DW_SIWE,6,DW_SIWE,True,0.8605675
/content/drive/MyDrive/DeepWeeds/dataset/20171121-074642-1.jpg,6,DW_SIWE,6,DW_SIWE,True,0.9949687
/content/drive/MyDrive/DeepWeeds/dataset/20171121-074752-1.jpg,6,DW_SIWE,6,DW_SIWE,True,0.9989022
/content/drive/MyDrive/DeepWeeds/dataset/20171121-074902-1.jpg,6,DW_SIWE,6,DW_SIWE,True,0.99895895
/content/drive/MyDrive/DeepWeeds/dataset/20171121-075157-1.jpg,6,DW_SIWE,6,DW_SIWE,True,0.9944159
/content/drive/MyDrive/DeepWeeds/dataset/20171121-075342-1.jpg,6,DW_SIWE,6,DW_SIWE,True,0.99881124
/content/drive/MyDrive/DeepWeeds/dataset/20171121-081532-2.jpg,6,DW_SIWE,6,DW_SIWE,True,0.76958466
/content/drive/MyDrive/DeepWeeds/dataset/20171121-081850-2.jpg,6,DW_SIWE,6,DW_SIWE,True,0.9828234
/content/drive/MyDrive/DeepWeeds/dataset/20171121-082047-1.jpg,6,DW_SIWE,6,DW_SIWE,True,0.9977156
/content/drive/MyDrive/DeepWeeds/dataset/20171121-082247-2.jpg,6,DW_SIWE,6,DW_SIWE,True,0.9643038
/content/drive/MyDrive/DeepWeeds/dataset/20171121-082352-2.jpg,6,DW_SIWE,6,DW_SIWE,True,0.9951185
/content/drive/MyDrive/DeepWeeds/dataset/20171121-082641-2.jpg,6,DW_SIWE,6,DW_SIWE,True,0.98901343
/content/drive/MyDrive/DeepWeeds/dataset/20171121-082826-2.jpg,6,DW_SIWE,6,DW_SIWE,True,0.99972147
/content/drive/MyDrive/DeepWeeds/dataset/20171121-083203-1.jpg,6,DW_SIWE,6,DW_SIWE,True,0.999511
/content/drive/MyDrive/DeepWeeds/dataset/20171121-083301-2.jpg,6,DW_SIWE,6,DW_SIWE,True,0.7789234
/content/drive/MyDrive/DeepWeeds/dataset/20171121-083419-1.jpg,6,DW_SIWE,6,DW_SIWE,True,0.96327025
/content/drive/MyDrive/DeepWeeds/dataset/20171121-083544-1.jpg,6,DW_SIWE,6,DW_SIWE,True,0.9998654
/content/drive/MyDrive/DeepWeeds/dataset/20171121-083556-1.jpg,6,DW_SIWE,6,DW_SIWE,True,0.99899524
/content/drive/MyDrive/DeepWeeds/dataset/20171121-083724-1.jpg,6,DW_SIWE,6,DW_SIWE,True,0.9990144
/content/drive/MyDrive/DeepWeeds/dataset/20171121-083810-1.jpg,6,DW_SIWE,6,DW_SIWE,True,0.9906551
/content/drive/MyDrive/DeepWeeds/dataset/20171121-084234-2.jpg,6,DW_SIWE,6,DW_SIWE,True,0.92501384
/content/drive/MyDrive/DeepWeeds/dataset/20171121-084355-1.jpg,6,DW_SIWE,6,DW_SIWE,True,0.99972814
/content/drive/MyDrive/DeepWeeds/dataset/20171121-084526-1.jpg,6,DW_SIWE,6,DW_SIWE,True,0.8806303
/content/drive/MyDrive/DeepWeeds/dataset/20171121-084655-1.jpg,6,DW_SIWE,6,DW_SIWE,True,0.9971661
/content/drive/MyDrive/DeepWeeds/dataset/20171121-084955-1.jpg,6,DW_SIWE,6,DW_SIWE,True,0.9941744
/content/drive/MyDrive/DeepWeeds/dataset/20171121-085233-1.jpg,6,DW_SIWE,6,DW_SIWE,True,0.99900323
/content/drive/MyDrive/DeepWeeds/dataset/20171121-085507-1.jpg,6,DW_SIWE,6,DW_SIWE,True,0.951337
/content/drive/MyDrive/DeepWeeds/dataset/20171121-085834-1.jpg,6,DW_SIWE,6,DW_SIWE,True,0.99675566
/content/drive/MyDrive/DeepWeeds/dataset/20171121-085944-1.jpg,6,DW_SIWE,6,DW_SIWE,True,0.9997662
/content/drive/MyDrive/DeepWeeds/dataset/20171121-090211-3.jpg,6,DW_SIWE,6,DW_SIWE,True,0.9990307
/content/drive/MyDrive/DeepWeeds/dataset/20171121-090407-3.jpg,6,DW_SIWE,6,DW_SIWE,True,0.99390763
/content/drive/MyDrive/DeepWeeds/dataset/20171121-090439-3.jpg,6,DW_SIWE,6,DW_SIWE,True,0.98910403
/content/drive/MyDrive/DeepWeeds/dataset/20171121-090649-3.jpg,6,DW_SIWE,6,DW_SIWE,True,0.99735934
/content/drive/MyDrive/DeepWeeds/dataset/20171121-090746-1.jpg,6,DW_SIWE,6,DW_SIWE,True,0.9617483
/content/drive/MyDrive/DeepWeeds/dataset/20171121-090807-3.jpg,6,DW_SIWE,6,DW_SIWE,True,0.99453694
/content/drive/MyDrive/DeepWeeds/dataset/20171121-090858-1.jpg,6,DW_SIWE,6,DW_SIWE,True,0.8810936
/content/drive/MyDrive/DeepWeeds/dataset/20171121-090957-3.jpg,6,DW_SIWE,6,DW_SIWE,True,0.56486195
/content/drive/MyDrive/DeepWeeds/dataset/20171121-091025-3.jpg,6,DW_SIWE,6,DW_SIWE,True,0.9898397
/content/drive/MyDrive/DeepWeeds/dataset/20171121-091140-3.jpg,6,DW_SIWE,6,DW_SIWE,True,0.99955314
/content/drive/MyDrive/DeepWeeds/dataset/20171121-091252-1.jpg,6,DW_SIWE,6,DW_SIWE,True,0.9974776
/content/drive/MyDrive/DeepWeeds/dataset/20171121-091316-1.jpg,6,DW_SIWE,6,DW_SIWE,True,0.9922035
/content/drive/MyDrive/DeepWeeds/dataset/20171121-091631-1.jpg,6,DW_SIWE,6,DW_SIWE,True,0.9921163
/content/drive/MyDrive/DeepWeeds/dataset/20171121-101203-1.jpg,6,DW_SIWE,6,DW_SIWE,True,0.9982565
/content/drive/MyDrive/DeepWeeds/dataset/20171121-181049-2.jpg,6,DW_SIWE,1,DW_LANT,False,0.58021826
/content/drive/MyDrive/DeepWeeds/dataset/20171121-181146-2.jpg,6,DW_SIWE,6,DW_SIWE,True,0.93204486
/content/drive/MyDrive/DeepWeeds/dataset/20171122-095907-1.jpg,5,DW_RUBV,5,DW_RUBV,True,0.99284524
/content/drive/MyDrive/DeepWeeds/dataset/20171122-100204-1.jpg,5,DW_RUBV,5,DW_RUBV,True,0.9985864
/content/drive/MyDrive/DeepWeeds/dataset/20171122-100206-1.jpg,5,DW_RUBV,5,DW_RUBV,True,0.99823654
/content/drive/MyDrive/DeepWeeds/dataset/20171122-100508-1.jpg,5,DW_RUBV,5,DW_RUBV,True,0.99789244
/content/drive/MyDrive/DeepWeeds/dataset/20171122-100749-1.jpg,5,DW_RUBV,5,DW_RUBV,True,0.9994592
/content/drive/MyDrive/DeepWeeds/dataset/20171122-101120-1.jpg,5,DW_RUBV,5,DW_RUBV,True,0.9941989
/content/drive/MyDrive/DeepWeeds/dataset/20171122-101355-1.jpg,5,DW_RUBV,5,DW_RUBV,True,0.9981431
/content/drive/MyDrive/DeepWeeds/dataset/20171122-101532-1.jpg,5,DW_RUBV,5,DW_RUBV,True,0.9740262
/content/drive/MyDrive/DeepWeeds/dataset/20171122-101845-1.jpg,5,DW_RUBV,5,DW_RUBV,True,0.9995276
/content/drive/MyDrive/DeepWeeds/dataset/20171122-102101-1.jpg,5,DW_RUBV,5,DW_RUBV,True,0.9971403
/content/drive/MyDrive/DeepWeeds/dataset/20171122-102213-1.jpg,5,DW_RUBV,5,DW_RUBV,True,0.9676734
/content/drive/MyDrive/DeepWeeds/dataset/20171122-102359-1.jpg,5,DW_RUBV,5,DW_RUBV,True,0.9992337
/content/drive/MyDrive/DeepWeeds/dataset/20171122-102714-1.jpg,5,DW_RUBV,5,DW_RUBV,True,0.9988487
/content/drive/MyDrive/DeepWeeds/dataset/20171122-102820-1.jpg,5,DW_RUBV,5,DW_RUBV,True,0.9991327
/content/drive/MyDrive/DeepWeeds/dataset/20171122-103329-1.jpg,5,DW_RUBV,5,DW_RUBV,True,0.9985671
/content/drive/MyDrive/DeepWeeds/dataset/20171122-103613-1.jpg,5,DW_RUBV,5,DW_RUBV,True,0.9976962
/content/drive/MyDrive/DeepWeeds/dataset/20171122-103825-1.jpg,5,DW_RUBV,5,DW_RUBV,True,0.99958354
/content/drive/MyDrive/DeepWeeds/dataset/20171122-104210-1.jpg,5,DW_RUBV,5,DW_RUBV,True,0.98885787
/content/drive/MyDrive/DeepWeeds/dataset/20171122-104347-1.jpg,5,DW_RUBV,5,DW_RUBV,True,0.9969784
/content/drive/MyDrive/DeepWeeds/dataset/20171201-115746-1.jpg,8,DW_NEG,8,DW_NEG,True,0.89150167
/content/drive/MyDrive/DeepWeeds/dataset/20171201-115935-1.jpg,8,DW_NEG,8,DW_NEG,True,0.9805085
/content/drive/MyDrive/DeepWeeds/dataset/20171201-120010-1.jpg,8,DW_NEG,8,DW_NEG,True,0.59850544
/content/drive/MyDrive/DeepWeeds/dataset/20171201-120339-1.jpg,8,DW_NEG,8,DW_NEG,True,0.7973066
/content/drive/MyDrive/DeepWeeds/dataset/20171201-120751-1.jpg,8,DW_NEG,5,DW_RUBV,False,0.74523723
/content/drive/MyDrive/DeepWeeds/dataset/20171201-123729-3.jpg,8,DW_NEG,5,DW_RUBV,False,0.55848855
/content/drive/MyDrive/DeepWeeds/dataset/20171201-124003-3.jpg,8,DW_NEG,0,DW_CHAP,False,0.41481557
/content/drive/MyDrive/DeepWeeds/dataset/20171203-082203-3.jpg,8,DW_NEG,8,DW_NEG,True,0.9075123
/content/drive/MyDrive/DeepWeeds/dataset/20171203-164319-3.jpg,8,DW_NEG,8,DW_NEG,True,0.97701454
/content/drive/MyDrive/DeepWeeds/dataset/20171203-164458-3.jpg,8,DW_NEG,8,DW_NEG,True,0.9987777
/content/drive/MyDrive/DeepWeeds/dataset/20171203-164629-3.jpg,8,DW_NEG,8,DW_NEG,True,0.9902062
/content/drive/MyDrive/DeepWeeds/dataset/20171203-164835-3.jpg,8,DW_NEG,8,DW_NEG,True,0.87724006
/content/drive/MyDrive/DeepWeeds/dataset/20171203-165027-3.jpg,8,DW_NEG,1,DW_LANT,False,0.70960116
/content/drive/MyDrive/DeepWeeds/dataset/20171203-165213-3.jpg,8,DW_NEG,1,DW_LANT,False,0.5038948
/content/drive/MyDrive/DeepWeeds/dataset/20171203-165314-3.jpg,8,DW_NEG,8,DW_NEG,True,0.7659641
/content/drive/MyDrive/DeepWeeds/dataset/20171203-165438-3.jpg,8,DW_NEG,8,DW_NEG,True,0.84232605
/content/drive/MyDrive/DeepWeeds/dataset/20171203-165600-3.jpg,8,DW_NEG,8,DW_NEG,True,0.9183587
/content/drive/MyDrive/DeepWeeds/dataset/20171203-165809-3.jpg,8,DW_NEG,8,DW_NEG,True,0.98682505
/content/drive/MyDrive/DeepWeeds/dataset/20171203-165835-3.jpg,8,DW_NEG,8,DW_NEG,True,0.92048186
/content/drive/MyDrive/DeepWeeds/dataset/20171203-165928-3.jpg,8,DW_NEG,6,DW_SIWE,False,0.54947215
/content/drive/MyDrive/DeepWeeds/dataset/20171203-170121-3.jpg,8,DW_NEG,8,DW_NEG,True,0.49244717
/content/drive/MyDrive/DeepWeeds/dataset/20171203-170255-3.jpg,8,DW_NEG,8,DW_NEG,True,0.9889659
/content/drive/MyDrive/DeepWeeds/dataset/20171203-170431-3.jpg,8,DW_NEG,5,DW_RUBV,False,0.7281074
/content/drive/MyDrive/DeepWeeds/dataset/20171203-170504-3.jpg,8,DW_NEG,8,DW_NEG,True,0.9725001
/content/drive/MyDrive/DeepWeeds/dataset/20171203-170737-3.jpg,8,DW_NEG,8,DW_NEG,True,0.969971
/content/drive/MyDrive/DeepWeeds/dataset/20171203-170822-3.jpg,8,DW_NEG,8,DW_NEG,True,0.9966689
/content/drive/MyDrive/DeepWeeds/dataset/20171203-171008-3.jpg,8,DW_NEG,8,DW_NEG,True,0.85920274
/content/drive/MyDrive/DeepWeeds/dataset/20171203-172110-3.jpg,8,DW_NEG,7,DW_SNWE,False,0.75697553
/content/drive/MyDrive/DeepWeeds/dataset/20171203-172149-3.jpg,8,DW_NEG,8,DW_NEG,True,0.939652
/content/drive/MyDrive/DeepWeeds/dataset/20171203-172251-3.jpg,8,DW_NEG,8,DW_NEG,True,0.8083257
/content/drive/MyDrive/DeepWeeds/dataset/20171203-172354-3.jpg,8,DW_NEG,8,DW_NEG,True,0.7128005
/content/drive/MyDrive/DeepWeeds/dataset/20171203-172543-3.jpg,8,DW_NEG,8,DW_NEG,True,0.7547896
/content/drive/MyDrive/DeepWeeds/dataset/20171203-172649-3.jpg,8,DW_NEG,8,DW_NEG,True,0.98581785
/content/drive/MyDrive/DeepWeeds/dataset/20171203-172836-3.jpg,8,DW_NEG,8,DW_NEG,True,0.9526424
/content/drive/MyDrive/DeepWeeds/dataset/20171203-173011-3.jpg,8,DW_NEG,5,DW_RUBV,False,0.68755096
/content/drive/MyDrive/DeepWeeds/dataset/20171203-173053-3.jpg,8,DW_NEG,8,DW_NEG,True,0.7428735
/content/drive/MyDrive/DeepWeeds/dataset/20171203-173117-3.jpg,8,DW_NEG,8,DW_NEG,True,0.9643782
/content/drive/MyDrive/DeepWeeds/dataset/20171203-173340-3.jpg,8,DW_NEG,8,DW_NEG,True,0.6545506
/content/drive/MyDrive/DeepWeeds/dataset/20171203-173632-3.jpg,8,DW_NEG,1,DW_LANT,False,0.5204469
/content/drive/MyDrive/DeepWeeds/dataset/20171203-173711-3.jpg,8,DW_NEG,8,DW_NEG,True,0.82943773
/content/drive/MyDrive/DeepWeeds/dataset/20171203-173829-3.jpg,8,DW_NEG,8,DW_NEG,True,0.945712
/content/drive/MyDrive/DeepWeeds/dataset/20171203-173928-3.jpg,8,DW_NEG,8,DW_NEG,True,0.968609
/content/drive/MyDrive/DeepWeeds/dataset/20171203-174204-3.jpg,8,DW_NEG,8,DW_NEG,True,0.88928294
/content/drive/MyDrive/DeepWeeds/dataset/20171203-174248-3.jpg,8,DW_NEG,8,DW_NEG,True,0.94519025
/content/drive/MyDrive/DeepWeeds/dataset/20171203-174510-3.jpg,8,DW_NEG,8,DW_NEG,True,0.9665159
/content/drive/MyDrive/DeepWeeds/dataset/20171203-174638-3.jpg,8,DW_NEG,8,DW_NEG,True,0.98355055
/content/drive/MyDrive/DeepWeeds/dataset/20171203-174853-3.jpg,8,DW_NEG,7,DW_SNWE,False,0.5658746
/content/drive/MyDrive/DeepWeeds/dataset/20171205-123527-2.jpg,8,DW_NEG,5,DW_RUBV,False,0.5601479
/content/drive/MyDrive/DeepWeeds/dataset/20171205-123635-2.jpg,8,DW_NEG,5,DW_RUBV,False,0.5831053
/content/drive/MyDrive/DeepWeeds/dataset/20171205-123747-2.jpg,8,DW_NEG,8,DW_NEG,True,0.7998138
/content/drive/MyDrive/DeepWeeds/dataset/20171205-123751-2.jpg,8,DW_NEG,5,DW_RUBV,False,0.8243083
/content/drive/MyDrive/DeepWeeds/dataset/20171205-123836-2.jpg,8,DW_NEG,1,DW_LANT,False,0.6205211
/content/drive/MyDrive/DeepWeeds/dataset/20171205-123919-2.jpg,8,DW_NEG,8,DW_NEG,True,0.9951593
/content/drive/MyDrive/DeepWeeds/dataset/20171205-124008-2.jpg,8,DW_NEG,8,DW_NEG,True,0.83932954
/content/drive/MyDrive/DeepWeeds/dataset/20171205-124103-2.jpg,8,DW_NEG,8,DW_NEG,True,0.32679287
/content/drive/MyDrive/DeepWeeds/dataset/20171205-124157-2.jpg,8,DW_NEG,8,DW_NEG,True,0.36268634
/content/drive/MyDrive/DeepWeeds/dataset/20171205-124252-2.jpg,8,DW_NEG,8,DW_NEG,True,0.77771777
/content/drive/MyDrive/DeepWeeds/dataset/20171205-124423-2.jpg,8,DW_NEG,5,DW_RUBV,False,0.79914886
/content/drive/MyDrive/DeepWeeds/dataset/20171205-124606-2.jpg,8,DW_NEG,5,DW_RUBV,False,0.6127945
/content/drive/MyDrive/DeepWeeds/dataset/20171205-124928-2.jpg,8,DW_NEG,8,DW_NEG,True,0.758194
/content/drive/MyDrive/DeepWeeds/dataset/20171205-133742-2.jpg,8,DW_NEG,8,DW_NEG,True,0.88002235
/content/drive/MyDrive/DeepWeeds/dataset/20171205-133817-2.jpg,8,DW_NEG,0,DW_CHAP,False,0.65499973
/content/drive/MyDrive/DeepWeeds/dataset/20171205-133922-2.jpg,8,DW_NEG,8,DW_NEG,True,0.55213255
/content/drive/MyDrive/DeepWeeds/dataset/20171205-134137-2.jpg,8,DW_NEG,8,DW_NEG,True,0.60245615
/content/drive/MyDrive/DeepWeeds/dataset/20171205-134332-2.jpg,8,DW_NEG,0,DW_CHAP,False,0.4766547
/content/drive/MyDrive/DeepWeeds/dataset/20171205-134545-2.jpg,8,DW_NEG,8,DW_NEG,True,0.60691094
/content/drive/MyDrive/DeepWeeds/dataset/20171205-134654-2.jpg,8,DW_NEG,8,DW_NEG,True,0.59622085
/content/drive/MyDrive/DeepWeeds/dataset/20171205-134842-2.jpg,8,DW_NEG,8,DW_NEG,True,0.8153799
/content/drive/MyDrive/DeepWeeds/dataset/20171205-140835-2.jpg,8,DW_NEG,8,DW_NEG,True,0.92373455
/content/drive/MyDrive/DeepWeeds/dataset/20171205-141022-2.jpg,8,DW_NEG,8,DW_NEG,True,0.88026273
/content/drive/MyDrive/DeepWeeds/dataset/20171205-141130-2.jpg,8,DW_NEG,8,DW_NEG,True,0.70301366
/content/drive/MyDrive/DeepWeeds/dataset/20171205-141403-2.jpg,8,DW_NEG,8,DW_NEG,True,0.7930344
/content/drive/MyDrive/DeepWeeds/dataset/20171205-141517-2.jpg,8,DW_NEG,8,DW_NEG,True,0.4678795
/content/drive/MyDrive/DeepWeeds/dataset/20171205-141533-2.jpg,8,DW_NEG,8,DW_NEG,True,0.9387895
/content/drive/MyDrive/DeepWeeds/dataset/20171205-143012-2.jpg,8,DW_NEG,8,DW_NEG,True,0.96791327
/content/drive/MyDrive/DeepWeeds/dataset/20171205-143250-2.jpg,8,DW_NEG,8,DW_NEG,True,0.61770564
/content/drive/MyDrive/DeepWeeds/dataset/20171205-143421-2.jpg,8,DW_NEG,8,DW_NEG,True,0.835589
/content/drive/MyDrive/DeepWeeds/dataset/20171205-143923-2.jpg,8,DW_NEG,8,DW_NEG,True,0.9630193
/content/drive/MyDrive/DeepWeeds/dataset/20171205-144102-2.jpg,8,DW_NEG,8,DW_NEG,True,0.7110373
/content/drive/MyDrive/DeepWeeds/dataset/20171205-144227-2.jpg,8,DW_NEG,8,DW_NEG,True,0.900086
/content/drive/MyDrive/DeepWeeds/dataset/20171205-144456-2.jpg,8,DW_NEG,8,DW_NEG,True,0.9894169
/content/drive/MyDrive/DeepWeeds/dataset/20171205-144625-2.jpg,8,DW_NEG,5,DW_RUBV,False,0.7708103
/content/drive/MyDrive/DeepWeeds/dataset/20171205-144809-2.jpg,8,DW_NEG,8,DW_NEG,True,0.6851928
/content/drive/MyDrive/DeepWeeds/dataset/20171205-144841-2.jpg,8,DW_NEG,8,DW_NEG,True,0.9463605
/content/drive/MyDrive/DeepWeeds/dataset/20171205-144945-2.jpg,8,DW_NEG,8,DW_NEG,True,0.9880542
/content/drive/MyDrive/DeepWeeds/dataset/20171205-145149-2.jpg,8,DW_NEG,8,DW_NEG,True,0.8396203
/content/drive/MyDrive/DeepWeeds/dataset/20171212-092953-3.jpg,8,DW_NEG,8,DW_NEG,True,0.9969933
/content/drive/MyDrive/DeepWeeds/dataset/20171212-093108-3.jpg,8,DW_NEG,8,DW_NEG,True,0.9986324
/content/drive/MyDrive/DeepWeeds/dataset/20171212-093146-3.jpg,8,DW_NEG,8,DW_NEG,True,0.9918168
/content/drive/MyDrive/DeepWeeds/dataset/20171212-093349-3.jpg,8,DW_NEG,8,DW_NEG,True,0.9875251
/content/drive/MyDrive/DeepWeeds/dataset/20171212-093458-3.jpg,8,DW_NEG,8,DW_NEG,True,0.8591465
/content/drive/MyDrive/DeepWeeds/dataset/20171212-093551-1.jpg,8,DW_NEG,8,DW_NEG,True,0.9579499
/content/drive/MyDrive/DeepWeeds/dataset/20171212-093603-1.jpg,8,DW_NEG,8,DW_NEG,True,0.9443153
/content/drive/MyDrive/DeepWeeds/dataset/20171212-093708-1.jpg,8,DW_NEG,8,DW_NEG,True,0.8959551
/content/drive/MyDrive/DeepWeeds/dataset/20171212-093813-3.jpg,8,DW_NEG,8,DW_NEG,True,0.7439363
/content/drive/MyDrive/DeepWeeds/dataset/20171212-093840-1.jpg,8,DW_NEG,8,DW_NEG,True,0.8770499
/content/drive/MyDrive/DeepWeeds/dataset/20171212-093915-1.jpg,8,DW_NEG,8,DW_NEG,True,0.9916855
/content/drive/MyDrive/DeepWeeds/dataset/20171212-093958-1.jpg,8,DW_NEG,8,DW_NEG,True,0.98818386
/content/drive/MyDrive/DeepWeeds/dataset/20171212-094053-3.jpg,8,DW_NEG,8,DW_NEG,True,0.9678509
/content/drive/MyDrive/DeepWeeds/dataset/20171212-094134-1.jpg,8,DW_NEG,8,DW_NEG,True,0.9795807
/content/drive/MyDrive/DeepWeeds/dataset/20171212-094211-3.jpg,8,DW_NEG,8,DW_NEG,True,0.7967105
/content/drive/MyDrive/DeepWeeds/dataset/20171212-094211-1.jpg,8,DW_NEG,8,DW_NEG,True,0.96627754
/content/drive/MyDrive/DeepWeeds/dataset/20171212-094323-1.jpg,8,DW_NEG,8,DW_NEG,True,0.9929079
/content/drive/MyDrive/DeepWeeds/dataset/20171212-094411-3.jpg,8,DW_NEG,8,DW_NEG,True,0.9982175
/content/drive/MyDrive/DeepWeeds/dataset/20171212-094459-1.jpg,8,DW_NEG,8,DW_NEG,True,0.9708029
/content/drive/MyDrive/DeepWeeds/dataset/20171212-094519-3.jpg,8,DW_NEG,8,DW_NEG,True,0.93830395
/content/drive/MyDrive/DeepWeeds/dataset/20171212-094548-1.jpg,8,DW_NEG,8,DW_NEG,True,0.8964183
/content/drive/MyDrive/DeepWeeds/dataset/20171212-094724-1.jpg,8,DW_NEG,8,DW_NEG,True,0.9851024
/content/drive/MyDrive/DeepWeeds/dataset/20171212-094748-3.jpg,8,DW_NEG,8,DW_NEG,True,0.6795724
/content/drive/MyDrive/DeepWeeds/dataset/20171212-094838-1.jpg,8,DW_NEG,8,DW_NEG,True,0.99338067
/content/drive/MyDrive/DeepWeeds/dataset/20171212-094918-1.jpg,8,DW_NEG,8,DW_NEG,True,0.9955136
/content/drive/MyDrive/DeepWeeds/dataset/20171212-094942-1.jpg,8,DW_NEG,8,DW_NEG,True,0.45912275
/content/drive/MyDrive/DeepWeeds/dataset/20171212-095045-1.jpg,8,DW_NEG,8,DW_NEG,True,0.90025884
/content/drive/MyDrive/DeepWeeds/dataset/20171212-095130-1.jpg,8,DW_NEG,8,DW_NEG,True,0.99961346
/content/drive/MyDrive/DeepWeeds/dataset/20171212-095234-3.jpg,8,DW_NEG,8,DW_NEG,True,0.9956013
/content/drive/MyDrive/DeepWeeds/dataset/20171212-095237-1.jpg,8,DW_NEG,8,DW_NEG,True,0.9223335
/content/drive/MyDrive/DeepWeeds/dataset/20171212-095324-3.jpg,8,DW_NEG,8,DW_NEG,True,0.99787784
/content/drive/MyDrive/DeepWeeds/dataset/20171212-095358-1.jpg,8,DW_NEG,8,DW_NEG,True,0.9457318
/content/drive/MyDrive/DeepWeeds/dataset/20171212-095453-1.jpg,8,DW_NEG,8,DW_NEG,True,0.99370193
/content/drive/MyDrive/DeepWeeds/dataset/20171212-095538-3.jpg,8,DW_NEG,8,DW_NEG,True,0.9557928
/content/drive/MyDrive/DeepWeeds/dataset/20171212-095603-3.jpg,8,DW_NEG,8,DW_NEG,True,0.9913492
/content/drive/MyDrive/DeepWeeds/dataset/20171212-095709-3.jpg,8,DW_NEG,8,DW_NEG,True,0.9306252
/content/drive/MyDrive/DeepWeeds/dataset/20171212-095727-1.jpg,8,DW_NEG,8,DW_NEG,True,0.9691187
/content/drive/MyDrive/DeepWeeds/dataset/20171212-095831-1.jpg,8,DW_NEG,8,DW_NEG,True,0.58753467
/content/drive/MyDrive/DeepWeeds/dataset/20171212-095907-3.jpg,8,DW_NEG,8,DW_NEG,True,0.9433368
/content/drive/MyDrive/DeepWeeds/dataset/20171212-095946-1.jpg,8,DW_NEG,8,DW_NEG,True,0.85853106
/content/drive/MyDrive/DeepWeeds/dataset/20171212-100026-3.jpg,8,DW_NEG,8,DW_NEG,True,0.98396045
/content/drive/MyDrive/DeepWeeds/dataset/20171212-100115-1.jpg,8,DW_NEG,8,DW_NEG,True,0.9872115
/content/drive/MyDrive/DeepWeeds/dataset/20171212-100159-1.jpg,8,DW_NEG,8,DW_NEG,True,0.70992315
/content/drive/MyDrive/DeepWeeds/dataset/20171212-100257-1.jpg,8,DW_NEG,8,DW_NEG,True,0.96505654
/content/drive/MyDrive/DeepWeeds/dataset/20171212-100302-3.jpg,8,DW_NEG,8,DW_NEG,True,0.99327
/content/drive/MyDrive/DeepWeeds/dataset/20171212-100412-1.jpg,8,DW_NEG,8,DW_NEG,True,0.9136278
/content/drive/MyDrive/DeepWeeds/dataset/20171212-100503-1.jpg,8,DW_NEG,8,DW_NEG,True,0.9265744
/content/drive/MyDrive/DeepWeeds/dataset/20171212-100531-3.jpg,8,DW_NEG,8,DW_NEG,True,0.97208256
/content/drive/MyDrive/DeepWeeds/dataset/20171212-100627-1.jpg,8,DW_NEG,8,DW_NEG,True,0.9968279
/content/drive/MyDrive/DeepWeeds/dataset/20171212-100721-1.jpg,8,DW_NEG,8,DW_NEG,True,0.889155
/content/drive/MyDrive/DeepWeeds/dataset/20171212-100816-1.jpg,8,DW_NEG,8,DW_NEG,True,0.648566
/content/drive/MyDrive/DeepWeeds/dataset/20171212-101651-3.jpg,8,DW_NEG,1,DW_LANT,False,0.52478385
/content/drive/MyDrive/DeepWeeds/dataset/20171212-101707-3.jpg,8,DW_NEG,7,DW_SNWE,False,0.5360556
/content/drive/MyDrive/DeepWeeds/dataset/20171212-101854-3.jpg,8,DW_NEG,8,DW_NEG,True,0.59710836
/content/drive/MyDrive/DeepWeeds/dataset/20171212-102128-3.jpg,8,DW_NEG,8,DW_NEG,True,0.88336015
/content/drive/MyDrive/DeepWeeds/dataset/20171212-102147-3.jpg,8,DW_NEG,8,DW_NEG,True,0.95971906
/content/drive/MyDrive/DeepWeeds/dataset/20171212-102223-3.jpg,8,DW_NEG,8,DW_NEG,True,0.987636
/content/drive/MyDrive/DeepWeeds/dataset/20171212-102409-3.jpg,8,DW_NEG,7,DW_SNWE,False,0.7102648
/content/drive/MyDrive/DeepWeeds/dataset/20171212-102455-3.jpg,8,DW_NEG,8,DW_NEG,True,0.6876382
/content/drive/MyDrive/DeepWeeds/dataset/20171212-102739-3.jpg,8,DW_NEG,8,DW_NEG,True,0.9655858
/content/drive/MyDrive/DeepWeeds/dataset/20171212-102858-3.jpg,8,DW_NEG,8,DW_NEG,True,0.99705005
/content/drive/MyDrive/DeepWeeds/dataset/20171212-103115-3.jpg,8,DW_NEG,1,DW_LANT,False,0.3156591
/content/drive/MyDrive/DeepWeeds/dataset/20171212-103305-3.jpg,8,DW_NEG,8,DW_NEG,True,0.5609747
/content/drive/MyDrive/DeepWeeds/dataset/20171212-103320-3.jpg,8,DW_NEG,8,DW_NEG,True,0.78506917
/content/drive/MyDrive/DeepWeeds/dataset/20171212-103529-3.jpg,8,DW_NEG,7,DW_SNWE,False,0.56953686
/content/drive/MyDrive/DeepWeeds/dataset/20171212-103650-3.jpg,8,DW_NEG,1,DW_LANT,False,0.4636108
/content/drive/MyDrive/DeepWeeds/dataset/20171212-103826-3.jpg,8,DW_NEG,1,DW_LANT,False,0.61031413
/content/drive/MyDrive/DeepWeeds/dataset/20171212-104215-3.jpg,8,DW_NEG,8,DW_NEG,True,0.9021648
/content/drive/MyDrive/DeepWeeds/dataset/20171212-104232-3.jpg,8,DW_NEG,8,DW_NEG,True,0.77561694
/content/drive/MyDrive/DeepWeeds/dataset/20171212-104428-3.jpg,8,DW_NEG,8,DW_NEG,True,0.929755
/content/drive/MyDrive/DeepWeeds/dataset/20171212-104643-3.jpg,8,DW_NEG,8,DW_NEG,True,0.84043694
/content/drive/MyDrive/DeepWeeds/dataset/20171212-104904-3.jpg,8,DW_NEG,8,DW_NEG,True,0.8500986
/content/drive/MyDrive/DeepWeeds/dataset/20171212-105025-3.jpg,8,DW_NEG,8,DW_NEG,True,0.72161776
/content/drive/MyDrive/DeepWeeds/dataset/20171212-105237-3.jpg,8,DW_NEG,0,DW_CHAP,False,0.8153791
/content/drive/MyDrive/DeepWeeds/dataset/20171212-105342-3.jpg,8,DW_NEG,8,DW_NEG,True,0.86487496
/content/drive/MyDrive/DeepWeeds/dataset/20171212-105533-3.jpg,8,DW_NEG,1,DW_LANT,False,0.41617855
/content/drive/MyDrive/DeepWeeds/dataset/20171212-105638-3.jpg,8,DW_NEG,8,DW_NEG,True,0.38382325
/content/drive/MyDrive/DeepWeeds/dataset/20171212-105742-3.jpg,8,DW_NEG,8,DW_NEG,True,0.90524906
/content/drive/MyDrive/DeepWeeds/dataset/20171212-110000-3.jpg,8,DW_NEG,8,DW_NEG,True,0.7069838
/content/drive/MyDrive/DeepWeeds/dataset/20171217-100824-2.jpg,8,DW_NEG,0,DW_CHAP,False,0.46489963
/content/drive/MyDrive/DeepWeeds/dataset/20171217-103334-2.jpg,8,DW_NEG,5,DW_RUBV,False,0.48571393
/content/drive/MyDrive/DeepWeeds/dataset/20171217-103510-2.jpg,8,DW_NEG,5,DW_RUBV,False,0.44697288
/content/drive/MyDrive/DeepWeeds/dataset/20171217-103630-2.jpg,8,DW_NEG,8,DW_NEG,True,0.41960827
/content/drive/MyDrive/DeepWeeds/dataset/20171217-183451-2.jpg,8,DW_NEG,0,DW_CHAP,False,0.80563754
/content/drive/MyDrive/DeepWeeds/dataset/20171217-183516-2.jpg,8,DW_NEG,5,DW_RUBV,False,0.38726664
/content/drive/MyDrive/DeepWeeds/dataset/20171217-183635-2.jpg,8,DW_NEG,5,DW_RUBV,False,0.54341567
/content/drive/MyDrive/DeepWeeds/dataset/20171217-183807-2.jpg,8,DW_NEG,8,DW_NEG,True,0.88921887
/content/drive/MyDrive/DeepWeeds/dataset/20171217-183825-2.jpg,8,DW_NEG,8,DW_NEG,True,0.88386935
/content/drive/MyDrive/DeepWeeds/dataset/20171217-184005-2.jpg,8,DW_NEG,5,DW_RUBV,False,0.9768142
/content/drive/MyDrive/DeepWeeds/dataset/20171217-184024-2.jpg,8,DW_NEG,8,DW_NEG,True,0.6973759
/content/drive/MyDrive/DeepWeeds/dataset/20171217-184033-2.jpg,8,DW_NEG,0,DW_CHAP,False,0.53169286
/content/drive/MyDrive/DeepWeeds/dataset/20171217-184108-2.jpg,8,DW_NEG,5,DW_RUBV,False,0.46163857
/content/drive/MyDrive/DeepWeeds/dataset/20171217-184402-2.jpg,8,DW_NEG,8,DW_NEG,True,0.7561139
/content/drive/MyDrive/DeepWeeds/dataset/20171217-184452-2.jpg,8,DW_NEG,5,DW_RUBV,False,0.8468647
/content/drive/MyDrive/DeepWeeds/dataset/20171217-184706-2.jpg,8,DW_NEG,5,DW_RUBV,False,0.9395358
/content/drive/MyDrive/DeepWeeds/dataset/20171217-184806-2.jpg,8,DW_NEG,8,DW_NEG,True,0.5482765
/content/drive/MyDrive/DeepWeeds/dataset/20171218-102859-2.jpg,8,DW_NEG,8,DW_NEG,True,0.54567933
/content/drive/MyDrive/DeepWeeds/dataset/20171218-103016-2.jpg,8,DW_NEG,8,DW_NEG,True,0.9605447
/content/drive/MyDrive/DeepWeeds/dataset/20171218-103116-2.jpg,8,DW_NEG,1,DW_LANT,False,0.9924799
/content/drive/MyDrive/DeepWeeds/dataset/20171218-103217-3.jpg,8,DW_NEG,8,DW_NEG,True,0.92473
/content/drive/MyDrive/DeepWeeds/dataset/20171218-103326-3.jpg,8,DW_NEG,8,DW_NEG,True,0.98449695
/content/drive/MyDrive/DeepWeeds/dataset/20171218-103536-2.jpg,8,DW_NEG,7,DW_SNWE,False,0.51300305
/content/drive/MyDrive/DeepWeeds/dataset/20171218-103643-2.jpg,8,DW_NEG,8,DW_NEG,True,0.64816374
/content/drive/MyDrive/DeepWeeds/dataset/20171218-103818-2.jpg,8,DW_NEG,8,DW_NEG,True,0.9716556
/content/drive/MyDrive/DeepWeeds/dataset/20171218-103854-2.jpg,8,DW_NEG,8,DW_NEG,True,0.6293948
/content/drive/MyDrive/DeepWeeds/dataset/20171218-104001-3.jpg,8,DW_NEG,4,DW_PRAC,False,0.5331798
/content/drive/MyDrive/DeepWeeds/dataset/20171218-104106-3.jpg,8,DW_NEG,8,DW_NEG,True,0.55108476
/content/drive/MyDrive/DeepWeeds/dataset/20171218-104211-2.jpg,8,DW_NEG,1,DW_LANT,False,0.4186578
/content/drive/MyDrive/DeepWeeds/dataset/20171218-104233-3.jpg,8,DW_NEG,8,DW_NEG,True,0.45878217
/content/drive/MyDrive/DeepWeeds/dataset/20171218-104344-3.jpg,8,DW_NEG,8,DW_NEG,True,0.5996637
/content/drive/MyDrive/DeepWeeds/dataset/20171218-104447-3.jpg,8,DW_NEG,8,DW_NEG,True,0.6553153
/content/drive/MyDrive/DeepWeeds/dataset/20171218-104702-3.jpg,8,DW_NEG,8,DW_NEG,True,0.6583707
/content/drive/MyDrive/DeepWeeds/dataset/20171218-104826-3.jpg,8,DW_NEG,8,DW_NEG,True,0.99925464
/content/drive/MyDrive/DeepWeeds/dataset/20171218-105016-3.jpg,8,DW_NEG,8,DW_NEG,True,0.9084957
/content/drive/MyDrive/DeepWeeds/dataset/20171218-105052-2.jpg,8,DW_NEG,0,DW_CHAP,False,0.85807395
/content/drive/MyDrive/DeepWeeds/dataset/20171218-105153-3.jpg,8,DW_NEG,8,DW_NEG,True,0.96685654
/content/drive/MyDrive/DeepWeeds/dataset/20171218-105224-3.jpg,8,DW_NEG,8,DW_NEG,True,0.96049553
/content/drive/MyDrive/DeepWeeds/dataset/20171218-105335-3.jpg,8,DW_NEG,8,DW_NEG,True,0.8417893
/content/drive/MyDrive/DeepWeeds/dataset/20171218-105531-3.jpg,8,DW_NEG,8,DW_NEG,True,0.6499807
/content/drive/MyDrive/DeepWeeds/dataset/20171218-105733-3.jpg,8,DW_NEG,8,DW_NEG,True,0.97883564
/content/drive/MyDrive/DeepWeeds/dataset/20171218-105835-3.jpg,8,DW_NEG,8,DW_NEG,True,0.83161145
/content/drive/MyDrive/DeepWeeds/dataset/20171218-110038-3.jpg,8,DW_NEG,8,DW_NEG,True,0.96154475
/content/drive/MyDrive/DeepWeeds/dataset/20171218-110228-3.jpg,8,DW_NEG,8,DW_NEG,True,0.69596756
/content/drive/MyDrive/DeepWeeds/dataset/20171218-110357-2.jpg,8,DW_NEG,8,DW_NEG,True,0.8081488
/content/drive/MyDrive/DeepWeeds/dataset/20171218-110416-2.jpg,8,DW_NEG,8,DW_NEG,True,0.8682447
/content/drive/MyDrive/DeepWeeds/dataset/20171218-110447-3.jpg,8,DW_NEG,8,DW_NEG,True,0.8715305
/content/drive/MyDrive/DeepWeeds/dataset/20171218-110513-2.jpg,8,DW_NEG,8,DW_NEG,True,0.7388749
/content/drive/MyDrive/DeepWeeds/dataset/20171218-110555-3.jpg,8,DW_NEG,8,DW_NEG,True,0.98480093
/content/drive/MyDrive/DeepWeeds/dataset/20171218-110710-3.jpg,8,DW_NEG,8,DW_NEG,True,0.9341886
/content/drive/MyDrive/DeepWeeds/dataset/20171218-110743-3.jpg,8,DW_NEG,8,DW_NEG,True,0.99459463
/content/drive/MyDrive/DeepWeeds/dataset/20171218-110810-3.jpg,8,DW_NEG,8,DW_NEG,True,0.8401236
/content/drive/MyDrive/DeepWeeds/dataset/20171218-110851-2.jpg,8,DW_NEG,0,DW_CHAP,False,0.50744975
/content/drive/MyDrive/DeepWeeds/dataset/20171218-110920-3.jpg,8,DW_NEG,8,DW_NEG,True,0.9412464
/content/drive/MyDrive/DeepWeeds/dataset/20171218-111034-2.jpg,8,DW_NEG,8,DW_NEG,True,0.89479977
/content/drive/MyDrive/DeepWeeds/dataset/20171218-111057-2.jpg,8,DW_NEG,8,DW_NEG,True,0.8742586
/content/drive/MyDrive/DeepWeeds/dataset/20171218-111211-3.jpg,8,DW_NEG,8,DW_NEG,True,0.920758
/content/drive/MyDrive/DeepWeeds/dataset/20171218-111306-3.jpg,8,DW_NEG,8,DW_NEG,True,0.92626643
/content/drive/MyDrive/DeepWeeds/dataset/20171218-111334-2.jpg,8,DW_NEG,8,DW_NEG,True,0.6753683
/content/drive/MyDrive/DeepWeeds/dataset/20171218-111345-2.jpg,8,DW_NEG,8,DW_NEG,True,0.98724943
/content/drive/MyDrive/DeepWeeds/dataset/20171218-111539-2.jpg,8,DW_NEG,8,DW_NEG,True,0.920111
/content/drive/MyDrive/DeepWeeds/dataset/20171218-111642-2.jpg,8,DW_NEG,0,DW_CHAP,False,0.7213368
/content/drive/MyDrive/DeepWeeds/dataset/20171218-111744-3.jpg,8,DW_NEG,8,DW_NEG,True,0.7759326
/content/drive/MyDrive/DeepWeeds/dataset/20171218-111935-3.jpg,8,DW_NEG,8,DW_NEG,True,0.9357912
/content/drive/MyDrive/DeepWeeds/dataset/20171218-112121-3.jpg,8,DW_NEG,8,DW_NEG,True,0.95195216
/content/drive/MyDrive/DeepWeeds/dataset/20171218-112441-3.jpg,8,DW_NEG,8,DW_NEG,True,0.98879075
/content/drive/MyDrive/DeepWeeds/dataset/20171218-112523-3.jpg,8,DW_NEG,8,DW_NEG,True,0.9713463
/content/drive/MyDrive/DeepWeeds/dataset/20171218-112810-3.jpg,8,DW_NEG,8,DW_NEG,True,0.9780939
/content/drive/MyDrive/DeepWeeds/dataset/20171218-112910-3.jpg,8,DW_NEG,8,DW_NEG,True,0.99956983
/content/drive/MyDrive/DeepWeeds/dataset/20171218-113013-3.jpg,8,DW_NEG,8,DW_NEG,True,0.69999754
/content/drive/MyDrive/DeepWeeds/dataset/20171218-113319-3.jpg,8,DW_NEG,8,DW_NEG,True,0.9841754
/content/drive/MyDrive/DeepWeeds/dataset/20171218-114650-3.jpg,8,DW_NEG,8,DW_NEG,True,0.9182818
/content/drive/MyDrive/DeepWeeds/dataset/20171218-114742-2.jpg,8,DW_NEG,8,DW_NEG,True,0.81665766
/content/drive/MyDrive/DeepWeeds/dataset/20171218-114841-2.jpg,8,DW_NEG,8,DW_NEG,True,0.97686553
/content/drive/MyDrive/DeepWeeds/dataset/20171218-114933-3.jpg,8,DW_NEG,8,DW_NEG,True,0.73398155
/content/drive/MyDrive/DeepWeeds/dataset/20171218-114955-3.jpg,8,DW_NEG,8,DW_NEG,True,0.98735225
/content/drive/MyDrive/DeepWeeds/dataset/20171218-115026-3.jpg,8,DW_NEG,8,DW_NEG,True,0.9234936
/content/drive/MyDrive/DeepWeeds/dataset/20171218-115134-3.jpg,8,DW_NEG,8,DW_NEG,True,0.9256145
/content/drive/MyDrive/DeepWeeds/dataset/20171218-115215-2.jpg,8,DW_NEG,8,DW_NEG,True,0.65205514
/content/drive/MyDrive/DeepWeeds/dataset/20171218-115246-3.jpg,8,DW_NEG,8,DW_NEG,True,0.8720286
/content/drive/MyDrive/DeepWeeds/dataset/20171218-115339-2.jpg,8,DW_NEG,8,DW_NEG,True,0.9936422
/content/drive/MyDrive/DeepWeeds/dataset/20171218-115553-3.jpg,8,DW_NEG,8,DW_NEG,True,0.9906515
/content/drive/MyDrive/DeepWeeds/dataset/20171218-115740-3.jpg,8,DW_NEG,8,DW_NEG,True,0.9870235
/content/drive/MyDrive/DeepWeeds/dataset/20171218-115948-2.jpg,8,DW_NEG,8,DW_NEG,True,0.8371744
/content/drive/MyDrive/DeepWeeds/dataset/20171218-115948-3.jpg,8,DW_NEG,8,DW_NEG,True,0.87767375
/content/drive/MyDrive/DeepWeeds/dataset/20171218-120106-2.jpg,8,DW_NEG,8,DW_NEG,True,0.9855899
/content/drive/MyDrive/DeepWeeds/dataset/20171218-120217-2.jpg,8,DW_NEG,8,DW_NEG,True,0.8555336
/content/drive/MyDrive/DeepWeeds/dataset/20171218-120223-3.jpg,8,DW_NEG,8,DW_NEG,True,0.94895774
/content/drive/MyDrive/DeepWeeds/dataset/20171218-120300-2.jpg,8,DW_NEG,8,DW_NEG,True,0.9884278
/content/drive/MyDrive/DeepWeeds/dataset/20171218-120408-2.jpg,8,DW_NEG,8,DW_NEG,True,0.8480711
/content/drive/MyDrive/DeepWeeds/dataset/20171218-120504-2.jpg,8,DW_NEG,8,DW_NEG,True,0.968909
/content/drive/MyDrive/DeepWeeds/dataset/20171218-120648-3.jpg,8,DW_NEG,8,DW_NEG,True,0.6780178
/content/drive/MyDrive/DeepWeeds/dataset/20171218-120734-2.jpg,8,DW_NEG,8,DW_NEG,True,0.8529063
/content/drive/MyDrive/DeepWeeds/dataset/20171218-120822-2.jpg,8,DW_NEG,8,DW_NEG,True,0.98872083
/content/drive/MyDrive/DeepWeeds/dataset/20171218-120904-2.jpg,8,DW_NEG,8,DW_NEG,True,0.9950178
/content/drive/MyDrive/DeepWeeds/dataset/20171218-120917-3.jpg,8,DW_NEG,8,DW_NEG,True,0.9493825
/content/drive/MyDrive/DeepWeeds/dataset/20171218-121041-2.jpg,8,DW_NEG,8,DW_NEG,True,0.9386332
/content/drive/MyDrive/DeepWeeds/dataset/20171218-121137-2.jpg,8,DW_NEG,8,DW_NEG,True,0.7987046
/content/drive/MyDrive/DeepWeeds/dataset/20171218-121231-3.jpg,8,DW_NEG,8,DW_NEG,True,0.6539282
/content/drive/MyDrive/DeepWeeds/dataset/20171218-121328-3.jpg,8,DW_NEG,8,DW_NEG,True,0.86865324
/content/drive/MyDrive/DeepWeeds/dataset/20171218-121336-2.jpg,8,DW_NEG,8,DW_NEG,True,0.90866274
/content/drive/MyDrive/DeepWeeds/dataset/20171218-121454-2.jpg,8,DW_NEG,8,DW_NEG,True,0.6174874
/content/drive/MyDrive/DeepWeeds/dataset/20171218-121629-2.jpg,8,DW_NEG,8,DW_NEG,True,0.9602107
/content/drive/MyDrive/DeepWeeds/dataset/20171218-121706-3.jpg,8,DW_NEG,8,DW_NEG,True,0.8993011
/content/drive/MyDrive/DeepWeeds/dataset/20171218-121722-2.jpg,8,DW_NEG,8,DW_NEG,True,0.95206654
/content/drive/MyDrive/DeepWeeds/dataset/20171218-121856-3.jpg,8,DW_NEG,8,DW_NEG,True,0.884309
/content/drive/MyDrive/DeepWeeds/dataset/20171218-121917-2.jpg,8,DW_NEG,8,DW_NEG,True,0.90937907
/content/drive/MyDrive/DeepWeeds/dataset/20171218-122016-2.jpg,8,DW_NEG,8,DW_NEG,True,0.95914274
/content/drive/MyDrive/DeepWeeds/dataset/20171218-122016-3.jpg,8,DW_NEG,5,DW_RUBV,False,0.86588633
/content/drive/MyDrive/DeepWeeds/dataset/20171218-122133-3.jpg,8,DW_NEG,8,DW_NEG,True,0.93973804
/content/drive/MyDrive/DeepWeeds/dataset/20171218-122218-3.jpg,8,DW_NEG,8,DW_NEG,True,0.949442
/content/drive/MyDrive/DeepWeeds/dataset/20171218-122332-3.jpg,8,DW_NEG,8,DW_NEG,True,0.77809936
/content/drive/MyDrive/DeepWeeds/dataset/20171219-092659-3.jpg,8,DW_NEG,8,DW_NEG,True,0.604847
/content/drive/MyDrive/DeepWeeds/dataset/20171219-092731-3.jpg,8,DW_NEG,8,DW_NEG,True,0.95246047
/content/drive/MyDrive/DeepWeeds/dataset/20171219-092749-3.jpg,8,DW_NEG,8,DW_NEG,True,0.84748876
/content/drive/MyDrive/DeepWeeds/dataset/20171219-092846-3.jpg,8,DW_NEG,8,DW_NEG,True,0.77503777
/content/drive/MyDrive/DeepWeeds/dataset/20171219-092952-3.jpg,8,DW_NEG,8,DW_NEG,True,0.98006606
/content/drive/MyDrive/DeepWeeds/dataset/20171219-093002-2.jpg,8,DW_NEG,8,DW_NEG,True,0.8933198
/content/drive/MyDrive/DeepWeeds/dataset/20171219-093106-2.jpg,8,DW_NEG,8,DW_NEG,True,0.994402
/content/drive/MyDrive/DeepWeeds/dataset/20171219-093241-3.jpg,8,DW_NEG,1,DW_LANT,False,0.54446006
/content/drive/MyDrive/DeepWeeds/dataset/20171219-093306-3.jpg,8,DW_NEG,0,DW_CHAP,False,0.4190663
/content/drive/MyDrive/DeepWeeds/dataset/20171219-093415-2.jpg,8,DW_NEG,8,DW_NEG,True,0.9810162
/content/drive/MyDrive/DeepWeeds/dataset/20171219-093659-2.jpg,8,DW_NEG,8,DW_NEG,True,0.8620392
/content/drive/MyDrive/DeepWeeds/dataset/20171219-093752-2.jpg,8,DW_NEG,8,DW_NEG,True,0.7377894
/content/drive/MyDrive/DeepWeeds/dataset/20171219-094002-2.jpg,8,DW_NEG,8,DW_NEG,True,0.9897059
/content/drive/MyDrive/DeepWeeds/dataset/20171219-094115-2.jpg,8,DW_NEG,8,DW_NEG,True,0.8535475
/content/drive/MyDrive/DeepWeeds/dataset/20171219-094202-2.jpg,8,DW_NEG,8,DW_NEG,True,0.78712845
/content/drive/MyDrive/DeepWeeds/dataset/20171219-094325-3.jpg,8,DW_NEG,8,DW_NEG,True,0.95702344
/content/drive/MyDrive/DeepWeeds/dataset/20171219-094325-2.jpg,8,DW_NEG,8,DW_NEG,True,0.97807544
/content/drive/MyDrive/DeepWeeds/dataset/20171219-094510-2.jpg,8,DW_NEG,8,DW_NEG,True,0.9745241
/content/drive/MyDrive/DeepWeeds/dataset/20171219-094540-2.jpg,8,DW_NEG,8,DW_NEG,True,0.28185952
/content/drive/MyDrive/DeepWeeds/dataset/20171219-094547-3.jpg,8,DW_NEG,8,DW_NEG,True,0.46589723
/content/drive/MyDrive/DeepWeeds/dataset/20171219-094640-2.jpg,8,DW_NEG,8,DW_NEG,True,0.90545845
/content/drive/MyDrive/DeepWeeds/dataset/20171219-094732-2.jpg,8,DW_NEG,8,DW_NEG,True,0.9962281
/content/drive/MyDrive/DeepWeeds/dataset/20171219-094839-2.jpg,8,DW_NEG,8,DW_NEG,True,0.95670295
/content/drive/MyDrive/DeepWeeds/dataset/20171219-094857-3.jpg,8,DW_NEG,8,DW_NEG,True,0.98834616
/content/drive/MyDrive/DeepWeeds/dataset/20171219-094937-2.jpg,8,DW_NEG,5,DW_RUBV,False,0.6798505
/content/drive/MyDrive/DeepWeeds/dataset/20171219-095012-3.jpg,8,DW_NEG,8,DW_NEG,True,0.85883605
/content/drive/MyDrive/DeepWeeds/dataset/20171219-095039-3.jpg,8,DW_NEG,8,DW_NEG,True,0.9942662
/content/drive/MyDrive/DeepWeeds/dataset/20171219-095132-2.jpg,8,DW_NEG,8,DW_NEG,True,0.99973387
/content/drive/MyDrive/DeepWeeds/dataset/20171219-095213-3.jpg,8,DW_NEG,8,DW_NEG,True,0.9603341
/content/drive/MyDrive/DeepWeeds/dataset/20171219-095213-2.jpg,8,DW_NEG,8,DW_NEG,True,0.9948026
/content/drive/MyDrive/DeepWeeds/dataset/20171219-095232-3.jpg,8,DW_NEG,0,DW_CHAP,False,0.7309476
/content/drive/MyDrive/DeepWeeds/dataset/20171219-095321-2.jpg,8,DW_NEG,8,DW_NEG,True,0.9975176
/content/drive/MyDrive/DeepWeeds/dataset/20171219-095415-3.jpg,8,DW_NEG,8,DW_NEG,True,0.8722607
/content/drive/MyDrive/DeepWeeds/dataset/20171219-095437-3.jpg,8,DW_NEG,8,DW_NEG,True,0.9624427
/content/drive/MyDrive/DeepWeeds/dataset/20171219-095525-2.jpg,8,DW_NEG,0,DW_CHAP,False,0.594467
/content/drive/MyDrive/DeepWeeds/dataset/20171219-095602-3.jpg,8,DW_NEG,5,DW_RUBV,False,0.7047867
/content/drive/MyDrive/DeepWeeds/dataset/20171219-095636-2.jpg,8,DW_NEG,8,DW_NEG,True,0.8845
/content/drive/MyDrive/DeepWeeds/dataset/20171219-095730-2.jpg,8,DW_NEG,8,DW_NEG,True,0.94601357
/content/drive/MyDrive/DeepWeeds/dataset/20171219-095804-2.jpg,8,DW_NEG,8,DW_NEG,True,0.9961067
/content/drive/MyDrive/DeepWeeds/dataset/20171219-095936-3.jpg,8,DW_NEG,8,DW_NEG,True,0.99378526
/content/drive/MyDrive/DeepWeeds/dataset/20171219-095936-2.jpg,8,DW_NEG,8,DW_NEG,True,0.92787254
/content/drive/MyDrive/DeepWeeds/dataset/20171219-100023-3.jpg,8,DW_NEG,8,DW_NEG,True,0.99268335
/content/drive/MyDrive/DeepWeeds/dataset/20171219-100049-2.jpg,8,DW_NEG,8,DW_NEG,True,0.934184
/content/drive/MyDrive/DeepWeeds/dataset/20171219-100301-3.jpg,8,DW_NEG,8,DW_NEG,True,0.73004323
/content/drive/MyDrive/DeepWeeds/dataset/20171219-100402-2.jpg,8,DW_NEG,8,DW_NEG,True,0.99801
/content/drive/MyDrive/DeepWeeds/dataset/20171219-100606-2.jpg,8,DW_NEG,8,DW_NEG,True,0.91113067
/content/drive/MyDrive/DeepWeeds/dataset/20171219-100707-3.jpg,8,DW_NEG,1,DW_LANT,False,0.76896
/content/drive/MyDrive/DeepWeeds/dataset/20171219-100707-2.jpg,8,DW_NEG,4,DW_PRAC,False,0.52862275
/content/drive/MyDrive/DeepWeeds/dataset/20171219-100734-3.jpg,8,DW_NEG,8,DW_NEG,True,0.582157
/content/drive/MyDrive/DeepWeeds/dataset/20171219-100828-2.jpg,8,DW_NEG,8,DW_NEG,True,0.74292874
/content/drive/MyDrive/DeepWeeds/dataset/20171219-100842-2.jpg,8,DW_NEG,8,DW_NEG,True,0.8431445
/content/drive/MyDrive/DeepWeeds/dataset/20171219-101027-3.jpg,8,DW_NEG,8,DW_NEG,True,0.6410054
/content/drive/MyDrive/DeepWeeds/dataset/20171219-101319-2.jpg,8,DW_NEG,8,DW_NEG,True,0.9425502
/content/drive/MyDrive/DeepWeeds/dataset/20171219-101321-3.jpg,8,DW_NEG,8,DW_NEG,True,0.84730387
/content/drive/MyDrive/DeepWeeds/dataset/20171219-101508-2.jpg,8,DW_NEG,8,DW_NEG,True,0.9772773
/content/drive/MyDrive/DeepWeeds/dataset/20171219-101736-2.jpg,8,DW_NEG,8,DW_NEG,True,0.9602906
/content/drive/MyDrive/DeepWeeds/dataset/20171219-101935-3.jpg,8,DW_NEG,8,DW_NEG,True,0.6873822
/content/drive/MyDrive/DeepWeeds/dataset/20171219-102046-2.jpg,8,DW_NEG,8,DW_NEG,True,0.95636463
/content/drive/MyDrive/DeepWeeds/dataset/20171219-102135-3.jpg,8,DW_NEG,8,DW_NEG,True,0.9475636
/content/drive/MyDrive/DeepWeeds/dataset/20171219-102311-2.jpg,8,DW_NEG,8,DW_NEG,True,0.62719834
/content/drive/MyDrive/DeepWeeds/dataset/20171219-102416-2.jpg,8,DW_NEG,4,DW_PRAC,False,0.569325
/content/drive/MyDrive/DeepWeeds/dataset/20171219-102603-2.jpg,8,DW_NEG,8,DW_NEG,True,0.9605801
/content/drive/MyDrive/DeepWeeds/dataset/20171219-102923-3.jpg,8,DW_NEG,8,DW_NEG,True,0.8798088
/content/drive/MyDrive/DeepWeeds/dataset/20171219-103130-2.jpg,8,DW_NEG,8,DW_NEG,True,0.6216493
/content/drive/MyDrive/DeepWeeds/dataset/20171219-103220-3.jpg,8,DW_NEG,8,DW_NEG,True,0.75918156
/content/drive/MyDrive/DeepWeeds/dataset/20171219-104517-2.jpg,8,DW_NEG,8,DW_NEG,True,0.66591936
/content/drive/MyDrive/DeepWeeds/dataset/20171219-104718-2.jpg,8,DW_NEG,8,DW_NEG,True,0.988262
/content/drive/MyDrive/DeepWeeds/dataset/20171219-104859-2.jpg,8,DW_NEG,8,DW_NEG,True,0.6718281
/content/drive/MyDrive/DeepWeeds/dataset/20171219-105010-2.jpg,8,DW_NEG,8,DW_NEG,True,0.97628796
/content/drive/MyDrive/DeepWeeds/dataset/20171219-105135-3.jpg,8,DW_NEG,8,DW_NEG,True,0.6768665
/content/drive/MyDrive/DeepWeeds/dataset/20171219-105255-2.jpg,8,DW_NEG,8,DW_NEG,True,0.89348716
/content/drive/MyDrive/DeepWeeds/dataset/20171219-105402-2.jpg,8,DW_NEG,8,DW_NEG,True,0.7736114
/content/drive/MyDrive/DeepWeeds/dataset/20171219-105511-3.jpg,8,DW_NEG,8,DW_NEG,True,0.88703924
/content/drive/MyDrive/DeepWeeds/dataset/20171219-105602-2.jpg,8,DW_NEG,8,DW_NEG,True,0.812344
/content/drive/MyDrive/DeepWeeds/dataset/20171219-105620-3.jpg,8,DW_NEG,0,DW_CHAP,False,0.63245815
/content/drive/MyDrive/DeepWeeds/dataset/20171219-105739-3.jpg,8,DW_NEG,8,DW_NEG,True,0.9648125
/content/drive/MyDrive/DeepWeeds/dataset/20171219-105947-2.jpg,8,DW_NEG,8,DW_NEG,True,0.9635876
/content/drive/MyDrive/DeepWeeds/dataset/20171219-110157-3.jpg,8,DW_NEG,8,DW_NEG,True,0.8851161
/content/drive/MyDrive/DeepWeeds/dataset/20171219-110157-2.jpg,8,DW_NEG,0,DW_CHAP,False,0.7726597
/content/drive/MyDrive/DeepWeeds/dataset/20171219-110229-2.jpg,8,DW_NEG,8,DW_NEG,True,0.47705826
/content/drive/MyDrive/DeepWeeds/dataset/20171219-110355-3.jpg,8,DW_NEG,8,DW_NEG,True,0.91823214
/content/drive/MyDrive/DeepWeeds/dataset/20171219-110447-2.jpg,8,DW_NEG,8,DW_NEG,True,0.48611808
/content/drive/MyDrive/DeepWeeds/dataset/20171219-111732-3.jpg,8,DW_NEG,8,DW_NEG,True,0.72250426
/content/drive/MyDrive/DeepWeeds/dataset/20171219-111842-3.jpg,8,DW_NEG,8,DW_NEG,True,0.7053271
/content/drive/MyDrive/DeepWeeds/dataset/20171219-111957-3.jpg,8,DW_NEG,8,DW_NEG,True,0.68896055
/content/drive/MyDrive/DeepWeeds/dataset/20171219-112027-2.jpg,8,DW_NEG,8,DW_NEG,True,0.6338555
/content/drive/MyDrive/DeepWeeds/dataset/20171219-112111-2.jpg,8,DW_NEG,2,DW_PARK,False,0.5636074
/content/drive/MyDrive/DeepWeeds/dataset/20171219-112115-3.jpg,8,DW_NEG,8,DW_NEG,True,0.38632092
/content/drive/MyDrive/DeepWeeds/dataset/20171219-112250-2.jpg,8,DW_NEG,4,DW_PRAC,False,0.3700064
/content/drive/MyDrive/DeepWeeds/dataset/20171219-112256-3.jpg,8,DW_NEG,8,DW_NEG,True,0.50569427
/content/drive/MyDrive/DeepWeeds/dataset/20171219-112328-2.jpg,8,DW_NEG,2,DW_PARK,False,0.6586687
/content/drive/MyDrive/DeepWeeds/dataset/20171219-112426-2.jpg,8,DW_NEG,8,DW_NEG,True,0.61238086
/content/drive/MyDrive/DeepWeeds/dataset/20171219-112450-2.jpg,8,DW_NEG,4,DW_PRAC,False,0.46710563
/content/drive/MyDrive/DeepWeeds/dataset/20171219-112533-3.jpg,8,DW_NEG,0,DW_CHAP,False,0.4321531
/content/drive/MyDrive/DeepWeeds/dataset/20171219-112623-3.jpg,8,DW_NEG,7,DW_SNWE,False,0.81469715
/content/drive/MyDrive/DeepWeeds/dataset/20171219-112656-2.jpg,8,DW_NEG,8,DW_NEG,True,0.6814449
/content/drive/MyDrive/DeepWeeds/dataset/20171219-112707-3.jpg,8,DW_NEG,0,DW_CHAP,False,0.49337313
/content/drive/MyDrive/DeepWeeds/dataset/20171219-112749-2.jpg,8,DW_NEG,8,DW_NEG,True,0.8302122
/content/drive/MyDrive/DeepWeeds/dataset/20171219-112824-3.jpg,8,DW_NEG,1,DW_LANT,False,0.43750966
/content/drive/MyDrive/DeepWeeds/dataset/20171219-112840-2.jpg,8,DW_NEG,4,DW_PRAC,False,0.7095233
/content/drive/MyDrive/DeepWeeds/dataset/20171219-112938-2.jpg,8,DW_NEG,4,DW_PRAC,False,0.64551055
/content/drive/MyDrive/DeepWeeds/dataset/20171219-113014-2.jpg,8,DW_NEG,4,DW_PRAC,False,0.7564515
/content/drive/MyDrive/DeepWeeds/dataset/20171219-113056-3.jpg,8,DW_NEG,2,DW_PARK,False,0.45816305
/content/drive/MyDrive/DeepWeeds/dataset/20171219-113123-2.jpg,8,DW_NEG,4,DW_PRAC,False,0.99168783
/content/drive/MyDrive/DeepWeeds/dataset/20171219-113222-3.jpg,8,DW_NEG,8,DW_NEG,True,0.37764174
/content/drive/MyDrive/DeepWeeds/dataset/20171219-113236-3.jpg,8,DW_NEG,8,DW_NEG,True,0.35401693
/content/drive/MyDrive/DeepWeeds/dataset/20171219-113317-3.jpg,8,DW_NEG,4,DW_PRAC,False,0.46865296
/content/drive/MyDrive/DeepWeeds/dataset/20171219-113356-2.jpg,8,DW_NEG,4,DW_PRAC,False,0.47947204
/content/drive/MyDrive/DeepWeeds/dataset/20171219-113453-2.jpg,8,DW_NEG,2,DW_PARK,False,0.53791463
/content/drive/MyDrive/DeepWeeds/dataset/20171219-113507-3.jpg,8,DW_NEG,8,DW_NEG,True,0.49775615
/content/drive/MyDrive/DeepWeeds/dataset/20171219-113537-3.jpg,8,DW_NEG,2,DW_PARK,False,0.53528124
/content/drive/MyDrive/DeepWeeds/dataset/20171219-113555-2.jpg,8,DW_NEG,8,DW_NEG,True,0.49882504
/content/drive/MyDrive/DeepWeeds/dataset/20171219-113619-2.jpg,8,DW_NEG,8,DW_NEG,True,0.9602669
/content/drive/MyDrive/DeepWeeds/dataset/20171219-113700-3.jpg,8,DW_NEG,8,DW_NEG,True,0.44302773
/content/drive/MyDrive/DeepWeeds/dataset/20171219-113826-3.jpg,8,DW_NEG,2,DW_PARK,False,0.6051123
/content/drive/MyDrive/DeepWeeds/dataset/20171219-113852-2.jpg,8,DW_NEG,8,DW_NEG,True,0.646886
/content/drive/MyDrive/DeepWeeds/dataset/20171219-113945-2.jpg,8,DW_NEG,8,DW_NEG,True,0.47077248
/content/drive/MyDrive/DeepWeeds/dataset/20171219-114035-2.jpg,8,DW_NEG,4,DW_PRAC,False,0.6147806
/content/drive/MyDrive/DeepWeeds/dataset/20171219-114055-2.jpg,8,DW_NEG,8,DW_NEG,True,0.5827909
/content/drive/MyDrive/DeepWeeds/dataset/20171219-114123-2.jpg,8,DW_NEG,2,DW_PARK,False,0.5380183
/content/drive/MyDrive/DeepWeeds/dataset/20171219-114203-2.jpg,8,DW_NEG,8,DW_NEG,True,0.81580144
/content/drive/MyDrive/DeepWeeds/dataset/20171219-114259-3.jpg,8,DW_NEG,8,DW_NEG,True,0.6783032
/content/drive/MyDrive/DeepWeeds/dataset/20171219-114339-3.jpg,8,DW_NEG,0,DW_CHAP,False,0.9316477
/content/drive/MyDrive/DeepWeeds/dataset/20171219-114425-3.jpg,8,DW_NEG,2,DW_PARK,False,0.5453067
/content/drive/MyDrive/DeepWeeds/dataset/20171219-114530-3.jpg,8,DW_NEG,7,DW_SNWE,False,0.75949156
/content/drive/MyDrive/DeepWeeds/dataset/20171219-114633-2.jpg,8,DW_NEG,8,DW_NEG,True,0.46053332
/content/drive/MyDrive/DeepWeeds/dataset/20171219-114710-2.jpg,8,DW_NEG,8,DW_NEG,True,0.91517574
/content/drive/MyDrive/DeepWeeds/dataset/20171219-114817-3.jpg,8,DW_NEG,4,DW_PRAC,False,0.54535586
/content/drive/MyDrive/DeepWeeds/dataset/20171219-114940-2.jpg,8,DW_NEG,4,DW_PRAC,False,0.56320995
/content/drive/MyDrive/DeepWeeds/dataset/20171219-114952-2.jpg,8,DW_NEG,2,DW_PARK,False,0.63676137
/content/drive/MyDrive/DeepWeeds/dataset/20171219-123814-2.jpg,8,DW_NEG,8,DW_NEG,True,0.97193146
/content/drive/MyDrive/DeepWeeds/dataset/20171220-082111-2.jpg,8,DW_NEG,5,DW_RUBV,False,0.42727906
/content/drive/MyDrive/DeepWeeds/dataset/20171220-082242-2.jpg,8,DW_NEG,8,DW_NEG,True,0.90051615
/content/drive/MyDrive/DeepWeeds/dataset/20171220-082326-2.jpg,8,DW_NEG,8,DW_NEG,True,0.7036375
/content/drive/MyDrive/DeepWeeds/dataset/20171220-082451-2.jpg,8,DW_NEG,0,DW_CHAP,False,0.37380803
/content/drive/MyDrive/DeepWeeds/dataset/20171220-082517-2.jpg,8,DW_NEG,8,DW_NEG,True,0.56399256
/content/drive/MyDrive/DeepWeeds/dataset/20171220-082613-2.jpg,8,DW_NEG,8,DW_NEG,True,0.7933816
/content/drive/MyDrive/DeepWeeds/dataset/20171220-082706-3.jpg,8,DW_NEG,8,DW_NEG,True,0.98583674
/content/drive/MyDrive/DeepWeeds/dataset/20171220-082743-2.jpg,8,DW_NEG,8,DW_NEG,True,0.74090356
/content/drive/MyDrive/DeepWeeds/dataset/20171220-082807-2.jpg,8,DW_NEG,8,DW_NEG,True,0.770195
/content/drive/MyDrive/DeepWeeds/dataset/20171220-082827-2.jpg,8,DW_NEG,8,DW_NEG,True,0.9669961
/content/drive/MyDrive/DeepWeeds/dataset/20171220-082931-3.jpg,8,DW_NEG,8,DW_NEG,True,0.931177
/content/drive/MyDrive/DeepWeeds/dataset/20171220-082954-3.jpg,8,DW_NEG,8,DW_NEG,True,0.9425813
/content/drive/MyDrive/DeepWeeds/dataset/20171220-083017-2.jpg,8,DW_NEG,7,DW_SNWE,False,0.57077885
/content/drive/MyDrive/DeepWeeds/dataset/20171220-083111-2.jpg,8,DW_NEG,0,DW_CHAP,False,0.53279275
/content/drive/MyDrive/DeepWeeds/dataset/20171220-083131-2.jpg,8,DW_NEG,8,DW_NEG,True,0.81260985
/content/drive/MyDrive/DeepWeeds/dataset/20171220-083131-3.jpg,8,DW_NEG,8,DW_NEG,True,0.9915753
/content/drive/MyDrive/DeepWeeds/dataset/20171220-083218-2.jpg,8,DW_NEG,8,DW_NEG,True,0.28389964
/content/drive/MyDrive/DeepWeeds/dataset/20171220-083245-3.jpg,8,DW_NEG,8,DW_NEG,True,0.76445353
/content/drive/MyDrive/DeepWeeds/dataset/20171220-083307-2.jpg,8,DW_NEG,8,DW_NEG,True,0.43086094
/content/drive/MyDrive/DeepWeeds/dataset/20171220-083345-3.jpg,8,DW_NEG,5,DW_RUBV,False,0.75650716
/content/drive/MyDrive/DeepWeeds/dataset/20171220-083421-2.jpg,8,DW_NEG,8,DW_NEG,True,0.88281816
/content/drive/MyDrive/DeepWeeds/dataset/20171220-083440-2.jpg,8,DW_NEG,8,DW_NEG,True,0.91014314
/content/drive/MyDrive/DeepWeeds/dataset/20171220-083515-2.jpg,8,DW_NEG,8,DW_NEG,True,0.9512917
/content/drive/MyDrive/DeepWeeds/dataset/20171220-083647-3.jpg,8,DW_NEG,8,DW_NEG,True,0.88331544
/content/drive/MyDrive/DeepWeeds/dataset/20171220-083801-3.jpg,8,DW_NEG,8,DW_NEG,True,0.8432367
/content/drive/MyDrive/DeepWeeds/dataset/20171220-083902-3.jpg,8,DW_NEG,8,DW_NEG,True,0.96278566
/content/drive/MyDrive/DeepWeeds/dataset/20171220-084013-3.jpg,8,DW_NEG,8,DW_NEG,True,0.34166732
/content/drive/MyDrive/DeepWeeds/dataset/20171220-084039-2.jpg,8,DW_NEG,1,DW_LANT,False,0.59231806
/content/drive/MyDrive/DeepWeeds/dataset/20171220-084120-2.jpg,8,DW_NEG,8,DW_NEG,True,0.94613224
/content/drive/MyDrive/DeepWeeds/dataset/20171220-084136-3.jpg,8,DW_NEG,8,DW_NEG,True,0.7820624
/content/drive/MyDrive/DeepWeeds/dataset/20171220-084225-2.jpg,8,DW_NEG,5,DW_RUBV,False,0.5443028
/content/drive/MyDrive/DeepWeeds/dataset/20171220-084328-2.jpg,8,DW_NEG,8,DW_NEG,True,0.9193011
/content/drive/MyDrive/DeepWeeds/dataset/20171220-084337-3.jpg,8,DW_NEG,8,DW_NEG,True,0.857176
/content/drive/MyDrive/DeepWeeds/dataset/20171220-084353-3.jpg,8,DW_NEG,8,DW_NEG,True,0.8029911
/content/drive/MyDrive/DeepWeeds/dataset/20171220-084454-3.jpg,8,DW_NEG,8,DW_NEG,True,0.9578032
/content/drive/MyDrive/DeepWeeds/dataset/20171220-084534-2.jpg,8,DW_NEG,1,DW_LANT,False,0.34509644
/content/drive/MyDrive/DeepWeeds/dataset/20171220-084534-3.jpg,8,DW_NEG,8,DW_NEG,True,0.58669555
/content/drive/MyDrive/DeepWeeds/dataset/20171220-084635-2.jpg,8,DW_NEG,8,DW_NEG,True,0.6597274
/content/drive/MyDrive/DeepWeeds/dataset/20171220-084657-2.jpg,8,DW_NEG,8,DW_NEG,True,0.83105767
/content/drive/MyDrive/DeepWeeds/dataset/20171220-084728-3.jpg,8,DW_NEG,0,DW_CHAP,False,0.35305244
/content/drive/MyDrive/DeepWeeds/dataset/20171220-084737-2.jpg,8,DW_NEG,8,DW_NEG,True,0.8530218
/content/drive/MyDrive/DeepWeeds/dataset/20171220-084830-2.jpg,8,DW_NEG,8,DW_NEG,True,0.5930818
/content/drive/MyDrive/DeepWeeds/dataset/20171220-084920-2.jpg,8,DW_NEG,8,DW_NEG,True,0.979928
/content/drive/MyDrive/DeepWeeds/dataset/20171220-084929-2.jpg,8,DW_NEG,8,DW_NEG,True,0.98104584
/content/drive/MyDrive/DeepWeeds/dataset/20171220-085013-3.jpg,8,DW_NEG,8,DW_NEG,True,0.5725514
/content/drive/MyDrive/DeepWeeds/dataset/20171220-085049-3.jpg,8,DW_NEG,7,DW_SNWE,False,0.6798099
/content/drive/MyDrive/DeepWeeds/dataset/20171220-085131-2.jpg,8,DW_NEG,8,DW_NEG,True,0.5911277
/content/drive/MyDrive/DeepWeeds/dataset/20171220-085247-2.jpg,8,DW_NEG,8,DW_NEG,True,0.9242925
/content/drive/MyDrive/DeepWeeds/dataset/20171220-085301-3.jpg,8,DW_NEG,8,DW_NEG,True,0.5539255
/content/drive/MyDrive/DeepWeeds/dataset/20171220-085343-2.jpg,8,DW_NEG,8,DW_NEG,True,0.9772234
/content/drive/MyDrive/DeepWeeds/dataset/20171220-085343-3.jpg,8,DW_NEG,0,DW_CHAP,False,0.627621
/content/drive/MyDrive/DeepWeeds/dataset/20171220-085416-3.jpg,8,DW_NEG,8,DW_NEG,True,0.9173769
/content/drive/MyDrive/DeepWeeds/dataset/20171220-090156-3.jpg,8,DW_NEG,8,DW_NEG,True,0.93672013
/content/drive/MyDrive/DeepWeeds/dataset/20171220-090235-2.jpg,8,DW_NEG,8,DW_NEG,True,0.7781834
/content/drive/MyDrive/DeepWeeds/dataset/20171220-090235-3.jpg,8,DW_NEG,8,DW_NEG,True,0.7837722
/content/drive/MyDrive/DeepWeeds/dataset/20171220-090310-2.jpg,8,DW_NEG,8,DW_NEG,True,0.92277336
/content/drive/MyDrive/DeepWeeds/dataset/20171220-090409-2.jpg,8,DW_NEG,8,DW_NEG,True,0.8364011
/content/drive/MyDrive/DeepWeeds/dataset/20171220-090427-2.jpg,8,DW_NEG,8,DW_NEG,True,0.92532736
/content/drive/MyDrive/DeepWeeds/dataset/20171220-090446-2.jpg,8,DW_NEG,7,DW_SNWE,False,0.7408681
/content/drive/MyDrive/DeepWeeds/dataset/20171220-090603-2.jpg,8,DW_NEG,8,DW_NEG,True,0.6150914
/content/drive/MyDrive/DeepWeeds/dataset/20171220-090621-2.jpg,8,DW_NEG,8,DW_NEG,True,0.9957982
/content/drive/MyDrive/DeepWeeds/dataset/20171220-090736-2.jpg,8,DW_NEG,8,DW_NEG,True,0.94270146
/content/drive/MyDrive/DeepWeeds/dataset/20171220-090814-3.jpg,8,DW_NEG,8,DW_NEG,True,0.65745485
/content/drive/MyDrive/DeepWeeds/dataset/20171220-090841-2.jpg,8,DW_NEG,5,DW_RUBV,False,0.42912933
/content/drive/MyDrive/DeepWeeds/dataset/20171220-090906-2.jpg,8,DW_NEG,5,DW_RUBV,False,0.39948606
/content/drive/MyDrive/DeepWeeds/dataset/20171220-091002-2.jpg,8,DW_NEG,8,DW_NEG,True,0.47368336
/content/drive/MyDrive/DeepWeeds/dataset/20171220-091108-2.jpg,8,DW_NEG,8,DW_NEG,True,0.4890063
/content/drive/MyDrive/DeepWeeds/dataset/20171220-091126-2.jpg,8,DW_NEG,0,DW_CHAP,False,0.2850968
/content/drive/MyDrive/DeepWeeds/dataset/20171220-091218-2.jpg,8,DW_NEG,8,DW_NEG,True,0.47117504
/content/drive/MyDrive/DeepWeeds/dataset/20171220-091311-2.jpg,8,DW_NEG,5,DW_RUBV,False,0.6839974
/content/drive/MyDrive/DeepWeeds/dataset/20171220-091414-2.jpg,8,DW_NEG,8,DW_NEG,True,0.4717524
/content/drive/MyDrive/DeepWeeds/dataset/20171220-091520-2.jpg,8,DW_NEG,8,DW_NEG,True,0.769396
/content/drive/MyDrive/DeepWeeds/dataset/20171220-091520-3.jpg,8,DW_NEG,8,DW_NEG,True,0.42693612
/content/drive/MyDrive/DeepWeeds/dataset/20171220-091621-2.jpg,8,DW_NEG,8,DW_NEG,True,0.45850724
/content/drive/MyDrive/DeepWeeds/dataset/20171220-091646-3.jpg,8,DW_NEG,8,DW_NEG,True,0.88083494
/content/drive/MyDrive/DeepWeeds/dataset/20171220-091648-3.jpg,8,DW_NEG,8,DW_NEG,True,0.7333352
/content/drive/MyDrive/DeepWeeds/dataset/20171220-091733-2.jpg,8,DW_NEG,8,DW_NEG,True,0.55565584
/content/drive/MyDrive/DeepWeeds/dataset/20171220-091744-2.jpg,8,DW_NEG,5,DW_RUBV,False,0.66676503
/content/drive/MyDrive/DeepWeeds/dataset/20171220-091821-2.jpg,8,DW_NEG,5,DW_RUBV,False,0.7377602
/content/drive/MyDrive/DeepWeeds/dataset/20171220-091846-2.jpg,8,DW_NEG,8,DW_NEG,True,0.96169627
/content/drive/MyDrive/DeepWeeds/dataset/20171220-091903-2.jpg,8,DW_NEG,8,DW_NEG,True,0.92751765
/content/drive/MyDrive/DeepWeeds/dataset/20171220-091952-2.jpg,8,DW_NEG,5,DW_RUBV,False,0.7511579
/content/drive/MyDrive/DeepWeeds/dataset/20171220-092044-2.jpg,8,DW_NEG,8,DW_NEG,True,0.8674885
/content/drive/MyDrive/DeepWeeds/dataset/20171220-092108-3.jpg,8,DW_NEG,8,DW_NEG,True,0.99468935
/content/drive/MyDrive/DeepWeeds/dataset/20171220-092203-2.jpg,8,DW_NEG,8,DW_NEG,True,0.8361875
/content/drive/MyDrive/DeepWeeds/dataset/20171220-092221-2.jpg,8,DW_NEG,5,DW_RUBV,False,0.53340787
/content/drive/MyDrive/DeepWeeds/dataset/20171220-092323-2.jpg,8,DW_NEG,5,DW_RUBV,False,0.8047352
/content/drive/MyDrive/DeepWeeds/dataset/20171220-092404-3.jpg,8,DW_NEG,8,DW_NEG,True,0.84042364
/content/drive/MyDrive/DeepWeeds/dataset/20171220-092406-2.jpg,8,DW_NEG,8,DW_NEG,True,0.39918908
/content/drive/MyDrive/DeepWeeds/dataset/20171220-092520-3.jpg,8,DW_NEG,8,DW_NEG,True,0.9177123
/content/drive/MyDrive/DeepWeeds/dataset/20171220-092522-3.jpg,8,DW_NEG,8,DW_NEG,True,0.99268097
/content/drive/MyDrive/DeepWeeds/dataset/20171220-092621-2.jpg,8,DW_NEG,8,DW_NEG,True,0.92287326
/content/drive/MyDrive/DeepWeeds/dataset/20171220-092644-2.jpg,8,DW_NEG,8,DW_NEG,True,0.86657953
/content/drive/MyDrive/DeepWeeds/dataset/20171220-092717-3.jpg,8,DW_NEG,8,DW_NEG,True,0.61368936
/content/drive/MyDrive/DeepWeeds/dataset/20171220-092741-2.jpg,8,DW_NEG,8,DW_NEG,True,0.68590695
/content/drive/MyDrive/DeepWeeds/dataset/20171220-092812-2.jpg,8,DW_NEG,8,DW_NEG,True,0.7364855
/content/drive/MyDrive/DeepWeeds/dataset/20171220-092929-2.jpg,8,DW_NEG,8,DW_NEG,True,0.8517345
/content/drive/MyDrive/DeepWeeds/dataset/20171220-093010-2.jpg,8,DW_NEG,8,DW_NEG,True,0.76430184
/content/drive/MyDrive/DeepWeeds/dataset/20171220-093020-3.jpg,8,DW_NEG,8,DW_NEG,True,0.9522718
/content/drive/MyDrive/DeepWeeds/dataset/20171220-093113-2.jpg,8,DW_NEG,8,DW_NEG,True,0.97231346
/content/drive/MyDrive/DeepWeeds/dataset/20171220-093207-2.jpg,8,DW_NEG,8,DW_NEG,True,0.92195505
/content/drive/MyDrive/DeepWeeds/dataset/20171220-093224-2.jpg,8,DW_NEG,8,DW_NEG,True,0.7505879
/content/drive/MyDrive/DeepWeeds/dataset/20171220-093255-2.jpg,8,DW_NEG,8,DW_NEG,True,0.53599846
/content/drive/MyDrive/DeepWeeds/dataset/20171220-093328-3.jpg,8,DW_NEG,8,DW_NEG,True,0.8765422
/content/drive/MyDrive/DeepWeeds/dataset/20171220-093403-2.jpg,8,DW_NEG,8,DW_NEG,True,0.50965786
/content/drive/MyDrive/DeepWeeds/dataset/20171220-093456-3.jpg,8,DW_NEG,8,DW_NEG,True,0.9076739
/content/drive/MyDrive/DeepWeeds/dataset/20171220-093510-2.jpg,8,DW_NEG,8,DW_NEG,True,0.9894342
/content/drive/MyDrive/DeepWeeds/dataset/20171220-093534-2.jpg,8,DW_NEG,5,DW_RUBV,False,0.75289243
/content/drive/MyDrive/DeepWeeds/dataset/20171220-093637-2.jpg,8,DW_NEG,5,DW_RUBV,False,0.90474254
/content/drive/MyDrive/DeepWeeds/dataset/20171220-094506-2.jpg,8,DW_NEG,1,DW_LANT,False,0.49228165
/content/drive/MyDrive/DeepWeeds/dataset/20171220-094554-2.jpg,8,DW_NEG,8,DW_NEG,True,0.5855137
/content/drive/MyDrive/DeepWeeds/dataset/20171220-094611-2.jpg,8,DW_NEG,8,DW_NEG,True,0.952695
/content/drive/MyDrive/DeepWeeds/dataset/20171220-094659-1.jpg,8,DW_NEG,8,DW_NEG,True,0.8185227
/content/drive/MyDrive/DeepWeeds/dataset/20171220-094737-1.jpg,8,DW_NEG,8,DW_NEG,True,0.94869375
/content/drive/MyDrive/DeepWeeds/dataset/20171220-094750-1.jpg,8,DW_NEG,8,DW_NEG,True,0.7235577
/content/drive/MyDrive/DeepWeeds/dataset/20171220-094826-1.jpg,8,DW_NEG,8,DW_NEG,True,0.9698391
/content/drive/MyDrive/DeepWeeds/dataset/20171220-094829-2.jpg,8,DW_NEG,8,DW_NEG,True,0.9216557
/content/drive/MyDrive/DeepWeeds/dataset/20171220-094856-2.jpg,8,DW_NEG,5,DW_RUBV,False,0.3395506
/content/drive/MyDrive/DeepWeeds/dataset/20171220-094903-2.jpg,8,DW_NEG,6,DW_SIWE,False,0.5916464
/content/drive/MyDrive/DeepWeeds/dataset/20171220-094932-2.jpg,8,DW_NEG,8,DW_NEG,True,0.51447725
/content/drive/MyDrive/DeepWeeds/dataset/20171220-095000-2.jpg,8,DW_NEG,8,DW_NEG,True,0.9810946
/content/drive/MyDrive/DeepWeeds/dataset/20171220-095017-2.jpg,8,DW_NEG,8,DW_NEG,True,0.6172687
/content/drive/MyDrive/DeepWeeds/dataset/20171220-095046-1.jpg,8,DW_NEG,8,DW_NEG,True,0.90986866
/content/drive/MyDrive/DeepWeeds/dataset/20171220-095110-1.jpg,8,DW_NEG,8,DW_NEG,True,0.81386566
/content/drive/MyDrive/DeepWeeds/dataset/20171220-095140-1.jpg,8,DW_NEG,8,DW_NEG,True,0.8758835
/content/drive/MyDrive/DeepWeeds/dataset/20171220-095209-1.jpg,8,DW_NEG,8,DW_NEG,True,0.9360547
/content/drive/MyDrive/DeepWeeds/dataset/20171220-095227-1.jpg,8,DW_NEG,0,DW_CHAP,False,0.5460535
/content/drive/MyDrive/DeepWeeds/dataset/20171220-095249-2.jpg,8,DW_NEG,8,DW_NEG,True,0.88734263
/content/drive/MyDrive/DeepWeeds/dataset/20171220-095316-1.jpg,8,DW_NEG,8,DW_NEG,True,0.96672386
/content/drive/MyDrive/DeepWeeds/dataset/20171220-095345-1.jpg,8,DW_NEG,8,DW_NEG,True,0.7724063
/content/drive/MyDrive/DeepWeeds/dataset/20171220-095429-2.jpg,8,DW_NEG,8,DW_NEG,True,0.6001291
/content/drive/MyDrive/DeepWeeds/dataset/20171220-095444-1.jpg,8,DW_NEG,8,DW_NEG,True,0.975806
/content/drive/MyDrive/DeepWeeds/dataset/20171220-095456-2.jpg,8,DW_NEG,8,DW_NEG,True,0.7733395
/content/drive/MyDrive/DeepWeeds/dataset/20171220-095542-2.jpg,8,DW_NEG,8,DW_NEG,True,0.55426425
/content/drive/MyDrive/DeepWeeds/dataset/20171220-095849-2.jpg,8,DW_NEG,8,DW_NEG,True,0.838935
/content/drive/MyDrive/DeepWeeds/dataset/20171220-100147-2.jpg,8,DW_NEG,8,DW_NEG,True,0.7877421
/content/drive/MyDrive/DeepWeeds/dataset/20171220-100216-2.jpg,8,DW_NEG,0,DW_CHAP,False,0.42935714
/content/drive/MyDrive/DeepWeeds/dataset/20171220-100239-2.jpg,8,DW_NEG,8,DW_NEG,True,0.8894365
/content/drive/MyDrive/DeepWeeds/dataset/20171220-100307-1.jpg,8,DW_NEG,8,DW_NEG,True,0.9620139
/content/drive/MyDrive/DeepWeeds/dataset/20171220-100335-1.jpg,8,DW_NEG,8,DW_NEG,True,0.62720513
/content/drive/MyDrive/DeepWeeds/dataset/20171220-100413-2.jpg,8,DW_NEG,8,DW_NEG,True,0.92014825
/content/drive/MyDrive/DeepWeeds/dataset/20171220-100431-1.jpg,8,DW_NEG,8,DW_NEG,True,0.9039182
/content/drive/MyDrive/DeepWeeds/dataset/20171220-100432-1.jpg,8,DW_NEG,8,DW_NEG,True,0.84448403
/content/drive/MyDrive/DeepWeeds/dataset/20171220-100509-1.jpg,8,DW_NEG,8,DW_NEG,True,0.97274584
/content/drive/MyDrive/DeepWeeds/dataset/20171220-100547-1.jpg,8,DW_NEG,8,DW_NEG,True,0.7931348
/content/drive/MyDrive/DeepWeeds/dataset/20171220-100613-1.jpg,8,DW_NEG,8,DW_NEG,True,0.9853285
/content/drive/MyDrive/DeepWeeds/dataset/20171220-100652-1.jpg,8,DW_NEG,8,DW_NEG,True,0.95112205
/content/drive/MyDrive/DeepWeeds/dataset/20171220-100717-2.jpg,8,DW_NEG,8,DW_NEG,True,0.83664906
/content/drive/MyDrive/DeepWeeds/dataset/20171220-100754-1.jpg,8,DW_NEG,8,DW_NEG,True,0.991998
/content/drive/MyDrive/DeepWeeds/dataset/20171220-100855-2.jpg,8,DW_NEG,1,DW_LANT,False,0.57225883
/content/drive/MyDrive/DeepWeeds/dataset/20171220-100932-2.jpg,8,DW_NEG,8,DW_NEG,True,0.8111389
/content/drive/MyDrive/DeepWeeds/dataset/20171220-101008-1.jpg,8,DW_NEG,8,DW_NEG,True,0.7053987
/content/drive/MyDrive/DeepWeeds/dataset/20171220-101143-1.jpg,8,DW_NEG,8,DW_NEG,True,0.9895287
/content/drive/MyDrive/DeepWeeds/dataset/20171220-101311-2.jpg,8,DW_NEG,1,DW_LANT,False,0.5685145
/content/drive/MyDrive/DeepWeeds/dataset/20171220-101409-2.jpg,8,DW_NEG,5,DW_RUBV,False,0.68044037
/content/drive/MyDrive/DeepWeeds/dataset/20171220-101409-1.jpg,8,DW_NEG,8,DW_NEG,True,0.8540668
/content/drive/MyDrive/DeepWeeds/dataset/20171220-101427-2.jpg,8,DW_NEG,5,DW_RUBV,False,0.6959908
/content/drive/MyDrive/DeepWeeds/dataset/20171220-101529-1.jpg,8,DW_NEG,8,DW_NEG,True,0.8057492
/content/drive/MyDrive/DeepWeeds/dataset/20171220-101617-1.jpg,8,DW_NEG,8,DW_NEG,True,0.67836183
/content/drive/MyDrive/DeepWeeds/dataset/20171220-101632-2.jpg,8,DW_NEG,8,DW_NEG,True,0.74007916
/content/drive/MyDrive/DeepWeeds/dataset/20171220-101652-1.jpg,8,DW_NEG,8,DW_NEG,True,0.7681486
/content/drive/MyDrive/DeepWeeds/dataset/20171220-101708-2.jpg,8,DW_NEG,8,DW_NEG,True,0.8693186
/content/drive/MyDrive/DeepWeeds/dataset/20171220-101721-2.jpg,8,DW_NEG,8,DW_NEG,True,0.86837405
/content/drive/MyDrive/DeepWeeds/dataset/20171220-101738-1.jpg,8,DW_NEG,8,DW_NEG,True,0.9207966
/content/drive/MyDrive/DeepWeeds/dataset/20171220-101819-2.jpg,8,DW_NEG,8,DW_NEG,True,0.43709087
/content/drive/MyDrive/DeepWeeds/dataset/20171220-101928-2.jpg,8,DW_NEG,8,DW_NEG,True,0.6749458
/content/drive/MyDrive/DeepWeeds/dataset/20180105-091416-2.jpg,8,DW_NEG,1,DW_LANT,False,0.3644495
/content/drive/MyDrive/DeepWeeds/dataset/20180105-091434-2.jpg,8,DW_NEG,8,DW_NEG,True,0.71421504
/content/drive/MyDrive/DeepWeeds/dataset/20180105-091536-3.jpg,8,DW_NEG,8,DW_NEG,True,0.9634374
/content/drive/MyDrive/DeepWeeds/dataset/20180105-091601-2.jpg,8,DW_NEG,8,DW_NEG,True,0.9462696
/content/drive/MyDrive/DeepWeeds/dataset/20180105-091636-2.jpg,8,DW_NEG,8,DW_NEG,True,0.983053
/content/drive/MyDrive/DeepWeeds/dataset/20180105-091702-2.jpg,8,DW_NEG,6,DW_SIWE,False,0.53634083
/content/drive/MyDrive/DeepWeeds/dataset/20180105-091702-3.jpg,8,DW_NEG,8,DW_NEG,True,0.9940469
/content/drive/MyDrive/DeepWeeds/dataset/20180105-091755-2.jpg,8,DW_NEG,8,DW_NEG,True,0.7282151
/content/drive/MyDrive/DeepWeeds/dataset/20180105-091821-3.jpg,8,DW_NEG,8,DW_NEG,True,0.97032017
/content/drive/MyDrive/DeepWeeds/dataset/20180105-092012-3.jpg,8,DW_NEG,8,DW_NEG,True,0.94073963
/content/drive/MyDrive/DeepWeeds/dataset/20180105-092131-2.jpg,8,DW_NEG,8,DW_NEG,True,0.9647816
/content/drive/MyDrive/DeepWeeds/dataset/20180105-092131-3.jpg,8,DW_NEG,8,DW_NEG,True,0.94796216
/content/drive/MyDrive/DeepWeeds/dataset/20180105-092143-2.jpg,8,DW_NEG,8,DW_NEG,True,0.75367785
/content/drive/MyDrive/DeepWeeds/dataset/20180105-092221-3.jpg,8,DW_NEG,8,DW_NEG,True,0.95025396
/content/drive/MyDrive/DeepWeeds/dataset/20180105-092233-3.jpg,8,DW_NEG,8,DW_NEG,True,0.5987798
/content/drive/MyDrive/DeepWeeds/dataset/20180105-092305-2.jpg,8,DW_NEG,8,DW_NEG,True,0.9456029
/content/drive/MyDrive/DeepWeeds/dataset/20180105-092328-3.jpg,8,DW_NEG,6,DW_SIWE,False,0.5945647
/content/drive/MyDrive/DeepWeeds/dataset/20180105-092404-2.jpg,8,DW_NEG,8,DW_NEG,True,0.9170176
/content/drive/MyDrive/DeepWeeds/dataset/20180105-092426-2.jpg,8,DW_NEG,8,DW_NEG,True,0.9725088
/content/drive/MyDrive/DeepWeeds/dataset/20180105-092451-2.jpg,8,DW_NEG,8,DW_NEG,True,0.9791102
/content/drive/MyDrive/DeepWeeds/dataset/20180105-092547-2.jpg,8,DW_NEG,8,DW_NEG,True,0.96084917
/content/drive/MyDrive/DeepWeeds/dataset/20180105-092612-2.jpg,8,DW_NEG,8,DW_NEG,True,0.9860931
/content/drive/MyDrive/DeepWeeds/dataset/20180105-092644-2.jpg,8,DW_NEG,8,DW_NEG,True,0.9945162
/content/drive/MyDrive/DeepWeeds/dataset/20180105-092727-2.jpg,8,DW_NEG,5,DW_RUBV,False,0.36063972
/content/drive/MyDrive/DeepWeeds/dataset/20180105-092741-2.jpg,8,DW_NEG,8,DW_NEG,True,0.8328025
/content/drive/MyDrive/DeepWeeds/dataset/20180105-092822-2.jpg,8,DW_NEG,8,DW_NEG,True,0.9466628
/content/drive/MyDrive/DeepWeeds/dataset/20180105-092846-2.jpg,8,DW_NEG,8,DW_NEG,True,0.5544256
/content/drive/MyDrive/DeepWeeds/dataset/20180105-092927-2.jpg,8,DW_NEG,8,DW_NEG,True,0.85179347
/content/drive/MyDrive/DeepWeeds/dataset/20180105-092958-2.jpg,8,DW_NEG,8,DW_NEG,True,0.6995514
/content/drive/MyDrive/DeepWeeds/dataset/20180105-093026-2.jpg,8,DW_NEG,8,DW_NEG,True,0.9832123
/content/drive/MyDrive/DeepWeeds/dataset/20180105-093111-2.jpg,8,DW_NEG,8,DW_NEG,True,0.9374803
/content/drive/MyDrive/DeepWeeds/dataset/20180105-093111-3.jpg,8,DW_NEG,8,DW_NEG,True,0.7371047
/content/drive/MyDrive/DeepWeeds/dataset/20180105-093139-2.jpg,8,DW_NEG,8,DW_NEG,True,0.5606667
/content/drive/MyDrive/DeepWeeds/dataset/20180105-093213-2.jpg,8,DW_NEG,6,DW_SIWE,False,0.5152738
/content/drive/MyDrive/DeepWeeds/dataset/20180105-093302-2.jpg,8,DW_NEG,8,DW_NEG,True,0.99019533
/content/drive/MyDrive/DeepWeeds/dataset/20180105-093335-2.jpg,8,DW_NEG,8,DW_NEG,True,0.6439448
/content/drive/MyDrive/DeepWeeds/dataset/20180105-093425-2.jpg,8,DW_NEG,4,DW_PRAC,False,0.5210995
/content/drive/MyDrive/DeepWeeds/dataset/20180105-093454-3.jpg,8,DW_NEG,6,DW_SIWE,False,0.97293675
/content/drive/MyDrive/DeepWeeds/dataset/20180105-093514-2.jpg,8,DW_NEG,4,DW_PRAC,False,0.5979646
/content/drive/MyDrive/DeepWeeds/dataset/20180105-093514-3.jpg,8,DW_NEG,6,DW_SIWE,False,0.9022834
/content/drive/MyDrive/DeepWeeds/dataset/20180105-093545-2.jpg,8,DW_NEG,8,DW_NEG,True,0.81984514
/content/drive/MyDrive/DeepWeeds/dataset/20180105-093606-3.jpg,8,DW_NEG,8,DW_NEG,True,0.56450295
/content/drive/MyDrive/DeepWeeds/dataset/20180105-093646-2.jpg,8,DW_NEG,8,DW_NEG,True,0.99032426
/content/drive/MyDrive/DeepWeeds/dataset/20180105-093716-2.jpg,8,DW_NEG,8,DW_NEG,True,0.96998805
/content/drive/MyDrive/DeepWeeds/dataset/20180105-093740-2.jpg,8,DW_NEG,8,DW_NEG,True,0.9285201
/content/drive/MyDrive/DeepWeeds/dataset/20180105-093811-2.jpg,8,DW_NEG,8,DW_NEG,True,0.9561371
/content/drive/MyDrive/DeepWeeds/dataset/20180105-093848-2.jpg,8,DW_NEG,8,DW_NEG,True,0.6733589
/content/drive/MyDrive/DeepWeeds/dataset/20180105-093944-3.jpg,8,DW_NEG,8,DW_NEG,True,0.83763236
/content/drive/MyDrive/DeepWeeds/dataset/20180105-094049-3.jpg,8,DW_NEG,8,DW_NEG,True,0.9549254
/content/drive/MyDrive/DeepWeeds/dataset/20180105-094300-3.jpg,8,DW_NEG,8,DW_NEG,True,0.88791656
/content/drive/MyDrive/DeepWeeds/dataset/20180105-094715-2.jpg,8,DW_NEG,7,DW_SNWE,False,0.6652941
/content/drive/MyDrive/DeepWeeds/dataset/20180105-094739-3.jpg,8,DW_NEG,8,DW_NEG,True,0.8179853
/content/drive/MyDrive/DeepWeeds/dataset/20180105-094840-2.jpg,8,DW_NEG,8,DW_NEG,True,0.9197674
/content/drive/MyDrive/DeepWeeds/dataset/20180105-094901-2.jpg,8,DW_NEG,8,DW_NEG,True,0.9638978
/content/drive/MyDrive/DeepWeeds/dataset/20180105-094918-2.jpg,8,DW_NEG,8,DW_NEG,True,0.59311664
/content/drive/MyDrive/DeepWeeds/dataset/20180105-094951-2.jpg,8,DW_NEG,8,DW_NEG,True,0.8667446
/content/drive/MyDrive/DeepWeeds/dataset/20180105-095030-2.jpg,8,DW_NEG,8,DW_NEG,True,0.9626964
/content/drive/MyDrive/DeepWeeds/dataset/20180105-095107-2.jpg,8,DW_NEG,6,DW_SIWE,False,0.8152263
/content/drive/MyDrive/DeepWeeds/dataset/20180105-095152-3.jpg,8,DW_NEG,6,DW_SIWE,False,0.70153344
/content/drive/MyDrive/DeepWeeds/dataset/20180105-095234-2.jpg,8,DW_NEG,6,DW_SIWE,False,0.9603171
/content/drive/MyDrive/DeepWeeds/dataset/20180105-095357-2.jpg,8,DW_NEG,6,DW_SIWE,False,0.7878788
/content/drive/MyDrive/DeepWeeds/dataset/20180105-095426-2.jpg,8,DW_NEG,8,DW_NEG,True,0.9037631
/content/drive/MyDrive/DeepWeeds/dataset/20180105-095512-2.jpg,8,DW_NEG,8,DW_NEG,True,0.98638934
/content/drive/MyDrive/DeepWeeds/dataset/20180105-095536-2.jpg,8,DW_NEG,8,DW_NEG,True,0.91288936
/content/drive/MyDrive/DeepWeeds/dataset/20180105-095607-3.jpg,8,DW_NEG,8,DW_NEG,True,0.49985126
/content/drive/MyDrive/DeepWeeds/dataset/20180105-095635-2.jpg,8,DW_NEG,6,DW_SIWE,False,0.6238157
/content/drive/MyDrive/DeepWeeds/dataset/20180105-095654-3.jpg,8,DW_NEG,8,DW_NEG,True,0.9816444
/content/drive/MyDrive/DeepWeeds/dataset/20180105-095706-3.jpg,8,DW_NEG,8,DW_NEG,True,0.97590953
/content/drive/MyDrive/DeepWeeds/dataset/20180105-095804-2.jpg,8,DW_NEG,8,DW_NEG,True,0.8708792
/content/drive/MyDrive/DeepWeeds/dataset/20180105-095816-3.jpg,8,DW_NEG,8,DW_NEG,True,0.94042605
/content/drive/MyDrive/DeepWeeds/dataset/20180105-095833-3.jpg,8,DW_NEG,8,DW_NEG,True,0.96477795
/content/drive/MyDrive/DeepWeeds/dataset/20180105-095859-3.jpg,8,DW_NEG,8,DW_NEG,True,0.9266008
/content/drive/MyDrive/DeepWeeds/dataset/20180105-095936-2.jpg,8,DW_NEG,8,DW_NEG,True,0.97503924
/content/drive/MyDrive/DeepWeeds/dataset/20180105-095936-3.jpg,8,DW_NEG,8,DW_NEG,True,0.84922963
/content/drive/MyDrive/DeepWeeds/dataset/20180105-095956-3.jpg,8,DW_NEG,8,DW_NEG,True,0.9390845
/content/drive/MyDrive/DeepWeeds/dataset/20180105-100006-3.jpg,8,DW_NEG,8,DW_NEG,True,0.8520567
/content/drive/MyDrive/DeepWeeds/dataset/20180105-100126-2.jpg,8,DW_NEG,8,DW_NEG,True,0.97607976
/content/drive/MyDrive/DeepWeeds/dataset/20180105-100137-2.jpg,8,DW_NEG,8,DW_NEG,True,0.79888844
/content/drive/MyDrive/DeepWeeds/dataset/20180105-100210-3.jpg,8,DW_NEG,8,DW_NEG,True,0.9646632
/content/drive/MyDrive/DeepWeeds/dataset/20180105-100234-2.jpg,8,DW_NEG,8,DW_NEG,True,0.5434235
/content/drive/MyDrive/DeepWeeds/dataset/20180105-100308-2.jpg,8,DW_NEG,8,DW_NEG,True,0.519876
/content/drive/MyDrive/DeepWeeds/dataset/20180105-100314-2.jpg,8,DW_NEG,6,DW_SIWE,False,0.9535011
/content/drive/MyDrive/DeepWeeds/dataset/20180105-100314-3.jpg,8,DW_NEG,8,DW_NEG,True,0.9928752
/content/drive/MyDrive/DeepWeeds/dataset/20180105-100405-2.jpg,8,DW_NEG,8,DW_NEG,True,0.90597194
/content/drive/MyDrive/DeepWeeds/dataset/20180105-100414-3.jpg,8,DW_NEG,8,DW_NEG,True,0.815492
/content/drive/MyDrive/DeepWeeds/dataset/20180105-100457-2.jpg,8,DW_NEG,8,DW_NEG,True,0.6089416
/content/drive/MyDrive/DeepWeeds/dataset/20180105-100544-3.jpg,8,DW_NEG,8,DW_NEG,True,0.7199339
/content/drive/MyDrive/DeepWeeds/dataset/20180105-100554-2.jpg,8,DW_NEG,8,DW_NEG,True,0.89170104
/content/drive/MyDrive/DeepWeeds/dataset/20180105-100622-3.jpg,8,DW_NEG,8,DW_NEG,True,0.9406766
/content/drive/MyDrive/DeepWeeds/dataset/20180105-100706-2.jpg,8,DW_NEG,8,DW_NEG,True,0.70663834
/content/drive/MyDrive/DeepWeeds/dataset/20180105-100729-2.jpg,8,DW_NEG,8,DW_NEG,True,0.9041997
/content/drive/MyDrive/DeepWeeds/dataset/20180105-100729-3.jpg,8,DW_NEG,8,DW_NEG,True,0.6911642
/content/drive/MyDrive/DeepWeeds/dataset/20180105-100830-3.jpg,8,DW_NEG,8,DW_NEG,True,0.849447
/content/drive/MyDrive/DeepWeeds/dataset/20180105-100843-2.jpg,8,DW_NEG,8,DW_NEG,True,0.97534186
/content/drive/MyDrive/DeepWeeds/dataset/20180105-100937-2.jpg,8,DW_NEG,8,DW_NEG,True,0.85311335
/content/drive/MyDrive/DeepWeeds/dataset/20180105-100957-2.jpg,8,DW_NEG,8,DW_NEG,True,0.33370715
/content/drive/MyDrive/DeepWeeds/dataset/20180105-101059-3.jpg,8,DW_NEG,8,DW_NEG,True,0.89533925
/content/drive/MyDrive/DeepWeeds/dataset/20180105-101143-3.jpg,8,DW_NEG,8,DW_NEG,True,0.64353883
/content/drive/MyDrive/DeepWeeds/dataset/20180105-101147-2.jpg,8,DW_NEG,8,DW_NEG,True,0.9949384
/content/drive/MyDrive/DeepWeeds/dataset/20180105-101221-3.jpg,8,DW_NEG,8,DW_NEG,True,0.9154239
/content/drive/MyDrive/DeepWeeds/dataset/20180105-101232-2.jpg,8,DW_NEG,8,DW_NEG,True,0.6916754
/content/drive/MyDrive/DeepWeeds/dataset/20180105-101313-2.jpg,8,DW_NEG,8,DW_NEG,True,0.7173422
/content/drive/MyDrive/DeepWeeds/dataset/20180105-101357-2.jpg,8,DW_NEG,8,DW_NEG,True,0.6802498
/content/drive/MyDrive/DeepWeeds/dataset/20180105-101504-2.jpg,8,DW_NEG,8,DW_NEG,True,0.9784622
/content/drive/MyDrive/DeepWeeds/dataset/20180105-101617-2.jpg,8,DW_NEG,8,DW_NEG,True,0.8242909
/content/drive/MyDrive/DeepWeeds/dataset/20180105-101653-2.jpg,8,DW_NEG,8,DW_NEG,True,0.9846556
/content/drive/MyDrive/DeepWeeds/dataset/20180105-101736-2.jpg,8,DW_NEG,6,DW_SIWE,False,0.6553561
/content/drive/MyDrive/DeepWeeds/dataset/20180105-101758-2.jpg,8,DW_NEG,8,DW_NEG,True,0.8306453
/content/drive/MyDrive/DeepWeeds/dataset/20180105-101825-2.jpg,8,DW_NEG,8,DW_NEG,True,0.8388952
/content/drive/MyDrive/DeepWeeds/dataset/20180105-101926-2.jpg,8,DW_NEG,8,DW_NEG,True,0.7794044
/content/drive/MyDrive/DeepWeeds/dataset/20180105-102009-2.jpg,8,DW_NEG,6,DW_SIWE,False,0.69494647
/content/drive/MyDrive/DeepWeeds/dataset/20180105-102115-2.jpg,8,DW_NEG,8,DW_NEG,True,0.7637079
/content/drive/MyDrive/DeepWeeds/dataset/20180105-102301-1.jpg,8,DW_NEG,8,DW_NEG,True,0.95515984
/content/drive/MyDrive/DeepWeeds/dataset/20180105-102401-1.jpg,8,DW_NEG,8,DW_NEG,True,0.9580375
/content/drive/MyDrive/DeepWeeds/dataset/20180105-102457-1.jpg,8,DW_NEG,8,DW_NEG,True,0.6289313
/content/drive/MyDrive/DeepWeeds/dataset/20180105-104158-1.jpg,8,DW_NEG,8,DW_NEG,True,0.65112156
/content/drive/MyDrive/DeepWeeds/dataset/20180105-104316-1.jpg,8,DW_NEG,8,DW_NEG,True,0.8324829
/content/drive/MyDrive/DeepWeeds/dataset/20180105-104407-1.jpg,8,DW_NEG,8,DW_NEG,True,0.5599485
/content/drive/MyDrive/DeepWeeds/dataset/20180105-104532-1.jpg,8,DW_NEG,6,DW_SIWE,False,0.62875843
/content/drive/MyDrive/DeepWeeds/dataset/20180105-104712-1.jpg,8,DW_NEG,2,DW_PARK,False,0.51714015
/content/drive/MyDrive/DeepWeeds/dataset/20180109-065843-1.jpg,8,DW_NEG,8,DW_NEG,True,0.39086986
/content/drive/MyDrive/DeepWeeds/dataset/20180109-065901-2.jpg,8,DW_NEG,8,DW_NEG,True,0.7682892
/content/drive/MyDrive/DeepWeeds/dataset/20180109-065937-1.jpg,8,DW_NEG,8,DW_NEG,True,0.964116
/content/drive/MyDrive/DeepWeeds/dataset/20180109-070011-1.jpg,8,DW_NEG,8,DW_NEG,True,0.86481905
/content/drive/MyDrive/DeepWeeds/dataset/20180109-070028-2.jpg,8,DW_NEG,8,DW_NEG,True,0.6756513
/content/drive/MyDrive/DeepWeeds/dataset/20180109-070059-2.jpg,8,DW_NEG,6,DW_SIWE,False,0.7032896
/content/drive/MyDrive/DeepWeeds/dataset/20180109-070118-2.jpg,8,DW_NEG,8,DW_NEG,True,0.86907536
/content/drive/MyDrive/DeepWeeds/dataset/20180109-070147-1.jpg,8,DW_NEG,8,DW_NEG,True,0.9679222
/content/drive/MyDrive/DeepWeeds/dataset/20180109-070211-1.jpg,8,DW_NEG,6,DW_SIWE,False,0.8106332
/content/drive/MyDrive/DeepWeeds/dataset/20180109-070336-2.jpg,8,DW_NEG,8,DW_NEG,True,0.58538043
/content/drive/MyDrive/DeepWeeds/dataset/20180109-070409-2.jpg,8,DW_NEG,8,DW_NEG,True,0.8137916
/content/drive/MyDrive/DeepWeeds/dataset/20180109-070449-1.jpg,8,DW_NEG,8,DW_NEG,True,0.88710135
/content/drive/MyDrive/DeepWeeds/dataset/20180109-070613-1.jpg,8,DW_NEG,8,DW_NEG,True,0.7104678
/content/drive/MyDrive/DeepWeeds/dataset/20180109-070648-1.jpg,8,DW_NEG,8,DW_NEG,True,0.8823261
/content/drive/MyDrive/DeepWeeds/dataset/20180109-070708-1.jpg,8,DW_NEG,8,DW_NEG,True,0.9640478
/content/drive/MyDrive/DeepWeeds/dataset/20180109-070719-2.jpg,8,DW_NEG,6,DW_SIWE,False,0.5872245
/content/drive/MyDrive/DeepWeeds/dataset/20180109-070824-1.jpg,8,DW_NEG,8,DW_NEG,True,0.67843646
/content/drive/MyDrive/DeepWeeds/dataset/20180109-070856-2.jpg,8,DW_NEG,8,DW_NEG,True,0.82199115
/content/drive/MyDrive/DeepWeeds/dataset/20180109-070932-2.jpg,8,DW_NEG,6,DW_SIWE,False,0.61855346
/content/drive/MyDrive/DeepWeeds/dataset/20180109-071030-2.jpg,8,DW_NEG,8,DW_NEG,True,0.85261154
/content/drive/MyDrive/DeepWeeds/dataset/20180109-071204-2.jpg,8,DW_NEG,8,DW_NEG,True,0.8459033
/content/drive/MyDrive/DeepWeeds/dataset/20180109-071224-2.jpg,8,DW_NEG,8,DW_NEG,True,0.9409487
/content/drive/MyDrive/DeepWeeds/dataset/20180109-071234-2.jpg,8,DW_NEG,8,DW_NEG,True,0.5697009
/content/drive/MyDrive/DeepWeeds/dataset/20180109-071302-2.jpg,8,DW_NEG,8,DW_NEG,True,0.75350404
/content/drive/MyDrive/DeepWeeds/dataset/20180109-071343-1.jpg,8,DW_NEG,8,DW_NEG,True,0.74866897
/content/drive/MyDrive/DeepWeeds/dataset/20180109-071343-2.jpg,8,DW_NEG,8,DW_NEG,True,0.9803664
/content/drive/MyDrive/DeepWeeds/dataset/20180109-071429-2.jpg,8,DW_NEG,8,DW_NEG,True,0.73454154
/content/drive/MyDrive/DeepWeeds/dataset/20180109-071431-1.jpg,8,DW_NEG,6,DW_SIWE,False,0.6074331
/content/drive/MyDrive/DeepWeeds/dataset/20180109-071502-2.jpg,8,DW_NEG,8,DW_NEG,True,0.695598
/content/drive/MyDrive/DeepWeeds/dataset/20180109-071515-1.jpg,8,DW_NEG,8,DW_NEG,True,0.8336032
/content/drive/MyDrive/DeepWeeds/dataset/20180109-071528-2.jpg,8,DW_NEG,8,DW_NEG,True,0.98070127
/content/drive/MyDrive/DeepWeeds/dataset/20180109-071641-1.jpg,8,DW_NEG,8,DW_NEG,True,0.75987786
/content/drive/MyDrive/DeepWeeds/dataset/20180109-071651-2.jpg,8,DW_NEG,8,DW_NEG,True,0.80113417
/content/drive/MyDrive/DeepWeeds/dataset/20180109-071728-1.jpg,8,DW_NEG,8,DW_NEG,True,0.9516531
/content/drive/MyDrive/DeepWeeds/dataset/20180109-071800-2.jpg,8,DW_NEG,8,DW_NEG,True,0.7477924
/content/drive/MyDrive/DeepWeeds/dataset/20180109-071834-1.jpg,8,DW_NEG,1,DW_LANT,False,0.4352384
/content/drive/MyDrive/DeepWeeds/dataset/20180109-071834-2.jpg,8,DW_NEG,6,DW_SIWE,False,0.51535314
/content/drive/MyDrive/DeepWeeds/dataset/20180109-071852-2.jpg,8,DW_NEG,8,DW_NEG,True,0.6478351
/content/drive/MyDrive/DeepWeeds/dataset/20180109-071922-1.jpg,8,DW_NEG,8,DW_NEG,True,0.60065335
/content/drive/MyDrive/DeepWeeds/dataset/20180109-071945-1.jpg,8,DW_NEG,8,DW_NEG,True,0.68335533
/content/drive/MyDrive/DeepWeeds/dataset/20180109-072019-1.jpg,8,DW_NEG,6,DW_SIWE,False,0.82852477
/content/drive/MyDrive/DeepWeeds/dataset/20180109-072019-2.jpg,8,DW_NEG,2,DW_PARK,False,0.5719807
/content/drive/MyDrive/DeepWeeds/dataset/20180109-072048-1.jpg,8,DW_NEG,8,DW_NEG,True,0.6655988
/content/drive/MyDrive/DeepWeeds/dataset/20180109-072118-2.jpg,8,DW_NEG,8,DW_NEG,True,0.98570824
/content/drive/MyDrive/DeepWeeds/dataset/20180109-072154-2.jpg,8,DW_NEG,8,DW_NEG,True,0.9300475
/content/drive/MyDrive/DeepWeeds/dataset/20180109-072211-1.jpg,8,DW_NEG,6,DW_SIWE,False,0.8384161
/content/drive/MyDrive/DeepWeeds/dataset/20180109-072211-2.jpg,8,DW_NEG,8,DW_NEG,True,0.80632454
/content/drive/MyDrive/DeepWeeds/dataset/20180109-072244-1.jpg,8,DW_NEG,6,DW_SIWE,False,0.9974138
/content/drive/MyDrive/DeepWeeds/dataset/20180109-072335-2.jpg,8,DW_NEG,8,DW_NEG,True,0.36590636
/content/drive/MyDrive/DeepWeeds/dataset/20180109-072359-2.jpg,8,DW_NEG,6,DW_SIWE,False,0.50885946
/content/drive/MyDrive/DeepWeeds/dataset/20180109-072422-2.jpg,8,DW_NEG,8,DW_NEG,True,0.69166255
/content/drive/MyDrive/DeepWeeds/dataset/20180109-072442-2.jpg,8,DW_NEG,8,DW_NEG,True,0.9374269
/content/drive/MyDrive/DeepWeeds/dataset/20180109-072512-1.jpg,8,DW_NEG,8,DW_NEG,True,0.6993169
/content/drive/MyDrive/DeepWeeds/dataset/20180109-072554-2.jpg,8,DW_NEG,8,DW_NEG,True,0.59704596
/content/drive/MyDrive/DeepWeeds/dataset/20180109-072606-1.jpg,8,DW_NEG,8,DW_NEG,True,0.7675135
/content/drive/MyDrive/DeepWeeds/dataset/20180109-072632-1.jpg,8,DW_NEG,8,DW_NEG,True,0.698222
/content/drive/MyDrive/DeepWeeds/dataset/20180109-072720-2.jpg,8,DW_NEG,8,DW_NEG,True,0.53047
/content/drive/MyDrive/DeepWeeds/dataset/20180109-072732-1.jpg,8,DW_NEG,6,DW_SIWE,False,0.56169593
/content/drive/MyDrive/DeepWeeds/dataset/20180109-072801-2.jpg,8,DW_NEG,8,DW_NEG,True,0.87285376
/content/drive/MyDrive/DeepWeeds/dataset/20180109-072834-1.jpg,8,DW_NEG,6,DW_SIWE,False,0.8585013
/content/drive/MyDrive/DeepWeeds/dataset/20180109-072904-2.jpg,8,DW_NEG,8,DW_NEG,True,0.49106228
/content/drive/MyDrive/DeepWeeds/dataset/20180109-072945-2.jpg,8,DW_NEG,8,DW_NEG,True,0.44936273
/content/drive/MyDrive/DeepWeeds/dataset/20180109-072959-1.jpg,8,DW_NEG,6,DW_SIWE,False,0.88332266
/content/drive/MyDrive/DeepWeeds/dataset/20180109-073047-2.jpg,8,DW_NEG,6,DW_SIWE,False,0.5305997
/content/drive/MyDrive/DeepWeeds/dataset/20180109-073119-2.jpg,8,DW_NEG,6,DW_SIWE,False,0.8813704
/content/drive/MyDrive/DeepWeeds/dataset/20180109-073143-1.jpg,8,DW_NEG,8,DW_NEG,True,0.9200865
/content/drive/MyDrive/DeepWeeds/dataset/20180109-073202-1.jpg,8,DW_NEG,8,DW_NEG,True,0.9716351
/content/drive/MyDrive/DeepWeeds/dataset/20180109-073223-1.jpg,8,DW_NEG,8,DW_NEG,True,0.59999514
/content/drive/MyDrive/DeepWeeds/dataset/20180109-073257-1.jpg,8,DW_NEG,8,DW_NEG,True,0.9008205
/content/drive/MyDrive/DeepWeeds/dataset/20180109-073359-2.jpg,8,DW_NEG,1,DW_LANT,False,0.5476082
/content/drive/MyDrive/DeepWeeds/dataset/20180109-073915-1.jpg,8,DW_NEG,8,DW_NEG,True,0.8658614
/content/drive/MyDrive/DeepWeeds/dataset/20180109-073915-2.jpg,8,DW_NEG,8,DW_NEG,True,0.52385473
/content/drive/MyDrive/DeepWeeds/dataset/20180109-073943-1.jpg,8,DW_NEG,8,DW_NEG,True,0.8721752
/content/drive/MyDrive/DeepWeeds/dataset/20180109-074010-1.jpg,8,DW_NEG,8,DW_NEG,True,0.99056256
/content/drive/MyDrive/DeepWeeds/dataset/20180109-074030-2.jpg,8,DW_NEG,8,DW_NEG,True,0.5410937
/content/drive/MyDrive/DeepWeeds/dataset/20180109-074051-1.jpg,8,DW_NEG,8,DW_NEG,True,0.669138
/content/drive/MyDrive/DeepWeeds/dataset/20180109-074109-1.jpg,8,DW_NEG,8,DW_NEG,True,0.8907452
/content/drive/MyDrive/DeepWeeds/dataset/20180109-074212-2.jpg,8,DW_NEG,8,DW_NEG,True,0.9084476
/content/drive/MyDrive/DeepWeeds/dataset/20180109-074243-2.jpg,8,DW_NEG,8,DW_NEG,True,0.76511204
/content/drive/MyDrive/DeepWeeds/dataset/20180109-074306-2.jpg,8,DW_NEG,8,DW_NEG,True,0.5424773
/content/drive/MyDrive/DeepWeeds/dataset/20180109-074346-1.jpg,8,DW_NEG,8,DW_NEG,True,0.67058194
/content/drive/MyDrive/DeepWeeds/dataset/20180109-074359-2.jpg,8,DW_NEG,8,DW_NEG,True,0.8343949
/content/drive/MyDrive/DeepWeeds/dataset/20180109-074440-1.jpg,8,DW_NEG,8,DW_NEG,True,0.7520702
/content/drive/MyDrive/DeepWeeds/dataset/20180109-074501-1.jpg,8,DW_NEG,6,DW_SIWE,False,0.40549594
/content/drive/MyDrive/DeepWeeds/dataset/20180109-074512-1.jpg,8,DW_NEG,2,DW_PARK,False,0.8019138
/content/drive/MyDrive/DeepWeeds/dataset/20180109-074546-2.jpg,8,DW_NEG,8,DW_NEG,True,0.9475581
/content/drive/MyDrive/DeepWeeds/dataset/20180109-074553-2.jpg,8,DW_NEG,1,DW_LANT,False,0.43771178
/content/drive/MyDrive/DeepWeeds/dataset/20180109-074626-2.jpg,8,DW_NEG,0,DW_CHAP,False,0.95034385
/content/drive/MyDrive/DeepWeeds/dataset/20180109-074652-2.jpg,8,DW_NEG,8,DW_NEG,True,0.7721388
/content/drive/MyDrive/DeepWeeds/dataset/20180109-074715-2.jpg,8,DW_NEG,8,DW_NEG,True,0.85096335
/content/drive/MyDrive/DeepWeeds/dataset/20180109-074754-2.jpg,8,DW_NEG,8,DW_NEG,True,0.769002
/content/drive/MyDrive/DeepWeeds/dataset/20180109-074810-2.jpg,8,DW_NEG,8,DW_NEG,True,0.9444497
/content/drive/MyDrive/DeepWeeds/dataset/20180109-074852-2.jpg,8,DW_NEG,6,DW_SIWE,False,0.8885959
/content/drive/MyDrive/DeepWeeds/dataset/20180109-074920-2.jpg,8,DW_NEG,6,DW_SIWE,False,0.92933303
/content/drive/MyDrive/DeepWeeds/dataset/20180109-074956-1.jpg,8,DW_NEG,8,DW_NEG,True,0.8894892
/content/drive/MyDrive/DeepWeeds/dataset/20180109-075014-2.jpg,8,DW_NEG,8,DW_NEG,True,0.3891748
/content/drive/MyDrive/DeepWeeds/dataset/20180109-075037-2.jpg,8,DW_NEG,8,DW_NEG,True,0.907492
/content/drive/MyDrive/DeepWeeds/dataset/20180109-075116-1.jpg,8,DW_NEG,8,DW_NEG,True,0.83949757
/content/drive/MyDrive/DeepWeeds/dataset/20180109-075135-2.jpg,8,DW_NEG,8,DW_NEG,True,0.6071784
/content/drive/MyDrive/DeepWeeds/dataset/20180109-075144-1.jpg,8,DW_NEG,8,DW_NEG,True,0.98969716
/content/drive/MyDrive/DeepWeeds/dataset/20180109-075255-2.jpg,8,DW_NEG,8,DW_NEG,True,0.6751559
/content/drive/MyDrive/DeepWeeds/dataset/20180109-075302-1.jpg,8,DW_NEG,8,DW_NEG,True,0.9329394
/content/drive/MyDrive/DeepWeeds/dataset/20180109-075317-1.jpg,8,DW_NEG,6,DW_SIWE,False,0.47310385
/content/drive/MyDrive/DeepWeeds/dataset/20180109-075356-2.jpg,8,DW_NEG,6,DW_SIWE,False,0.92812085
/content/drive/MyDrive/DeepWeeds/dataset/20180109-075410-1.jpg,8,DW_NEG,8,DW_NEG,True,0.728101
/content/drive/MyDrive/DeepWeeds/dataset/20180109-075410-2.jpg,8,DW_NEG,8,DW_NEG,True,0.8518086
/content/drive/MyDrive/DeepWeeds/dataset/20180109-075446-2.jpg,8,DW_NEG,8,DW_NEG,True,0.7702531
/content/drive/MyDrive/DeepWeeds/dataset/20180109-075517-2.jpg,8,DW_NEG,6,DW_SIWE,False,0.6611436
/content/drive/MyDrive/DeepWeeds/dataset/20180109-075559-2.jpg,8,DW_NEG,6,DW_SIWE,False,0.5226487
/content/drive/MyDrive/DeepWeeds/dataset/20180109-075647-2.jpg,8,DW_NEG,8,DW_NEG,True,0.52227503
/content/drive/MyDrive/DeepWeeds/dataset/20180109-075703-2.jpg,8,DW_NEG,8,DW_NEG,True,0.5607616
/content/drive/MyDrive/DeepWeeds/dataset/20180109-075808-2.jpg,8,DW_NEG,8,DW_NEG,True,0.74950075
/content/drive/MyDrive/DeepWeeds/dataset/20180109-075853-1.jpg,8,DW_NEG,8,DW_NEG,True,0.4111149
/content/drive/MyDrive/DeepWeeds/dataset/20180109-075919-1.jpg,8,DW_NEG,8,DW_NEG,True,0.8114557
/content/drive/MyDrive/DeepWeeds/dataset/20180109-080042-1.jpg,8,DW_NEG,6,DW_SIWE,False,0.93340087
/content/drive/MyDrive/DeepWeeds/dataset/20180109-080102-1.jpg,8,DW_NEG,8,DW_NEG,True,0.9250906
/content/drive/MyDrive/DeepWeeds/dataset/20180109-080130-1.jpg,8,DW_NEG,8,DW_NEG,True,0.75863445
/content/drive/MyDrive/DeepWeeds/dataset/20180109-080211-1.jpg,8,DW_NEG,6,DW_SIWE,False,0.6590368
/content/drive/MyDrive/DeepWeeds/dataset/20180109-080258-2.jpg,7,DW_SNWE,6,DW_SIWE,False,0.9936113
/content/drive/MyDrive/DeepWeeds/dataset/20180109-080400-1.jpg,8,DW_NEG,8,DW_NEG,True,0.6454865
/content/drive/MyDrive/DeepWeeds/dataset/20180109-080501-2.jpg,8,DW_NEG,8,DW_NEG,True,0.6686754
/content/drive/MyDrive/DeepWeeds/dataset/20180109-080510-2.jpg,8,DW_NEG,8,DW_NEG,True,0.5864281
/content/drive/MyDrive/DeepWeeds/dataset/20180109-080637-1.jpg,8,DW_NEG,8,DW_NEG,True,0.9693375
/content/drive/MyDrive/DeepWeeds/dataset/20180109-080723-2.jpg,8,DW_NEG,8,DW_NEG,True,0.7459338
/content/drive/MyDrive/DeepWeeds/dataset/20180109-085308-2.jpg,8,DW_NEG,8,DW_NEG,True,0.70583683
/content/drive/MyDrive/DeepWeeds/dataset/20180109-085337-1.jpg,8,DW_NEG,8,DW_NEG,True,0.7004194
/content/drive/MyDrive/DeepWeeds/dataset/20180109-085406-1.jpg,8,DW_NEG,8,DW_NEG,True,0.69216335
/content/drive/MyDrive/DeepWeeds/dataset/20180109-085435-2.jpg,8,DW_NEG,8,DW_NEG,True,0.92285633
/content/drive/MyDrive/DeepWeeds/dataset/20180109-085453-1.jpg,8,DW_NEG,0,DW_CHAP,False,0.49605396
/content/drive/MyDrive/DeepWeeds/dataset/20180109-085511-2.jpg,8,DW_NEG,8,DW_NEG,True,0.763
/content/drive/MyDrive/DeepWeeds/dataset/20180109-085543-2.jpg,8,DW_NEG,8,DW_NEG,True,0.95130557
/content/drive/MyDrive/DeepWeeds/dataset/20180109-085623-2.jpg,8,DW_NEG,8,DW_NEG,True,0.9634813
/content/drive/MyDrive/DeepWeeds/dataset/20180109-085639-2.jpg,8,DW_NEG,8,DW_NEG,True,0.71896356
/content/drive/MyDrive/DeepWeeds/dataset/20180109-085644-1.jpg,8,DW_NEG,8,DW_NEG,True,0.95633507
/content/drive/MyDrive/DeepWeeds/dataset/20180109-085727-1.jpg,8,DW_NEG,8,DW_NEG,True,0.8912465
/content/drive/MyDrive/DeepWeeds/dataset/20180109-085806-1.jpg,8,DW_NEG,8,DW_NEG,True,0.8776142
/content/drive/MyDrive/DeepWeeds/dataset/20180109-085911-1.jpg,8,DW_NEG,8,DW_NEG,True,0.7925854
/content/drive/MyDrive/DeepWeeds/dataset/20180109-085911-2.jpg,8,DW_NEG,8,DW_NEG,True,0.8871043
/content/drive/MyDrive/DeepWeeds/dataset/20180109-085933-2.jpg,8,DW_NEG,8,DW_NEG,True,0.909252
/content/drive/MyDrive/DeepWeeds/dataset/20180109-085954-2.jpg,8,DW_NEG,8,DW_NEG,True,0.9094225
/content/drive/MyDrive/DeepWeeds/dataset/20180109-090015-2.jpg,8,DW_NEG,8,DW_NEG,True,0.9366446
/content/drive/MyDrive/DeepWeeds/dataset/20180109-090042-2.jpg,8,DW_NEG,8,DW_NEG,True,0.9704195
/content/drive/MyDrive/DeepWeeds/dataset/20180109-090058-2.jpg,8,DW_NEG,8,DW_NEG,True,0.9736125
/content/drive/MyDrive/DeepWeeds/dataset/20180109-090115-2.jpg,8,DW_NEG,8,DW_NEG,True,0.66117114
/content/drive/MyDrive/DeepWeeds/dataset/20180109-090148-2.jpg,8,DW_NEG,8,DW_NEG,True,0.99530786
/content/drive/MyDrive/DeepWeeds/dataset/20180109-090228-1.jpg,8,DW_NEG,8,DW_NEG,True,0.7037033
/content/drive/MyDrive/DeepWeeds/dataset/20180109-090304-1.jpg,8,DW_NEG,8,DW_NEG,True,0.8204382
/content/drive/MyDrive/DeepWeeds/dataset/20180109-090333-2.jpg,8,DW_NEG,8,DW_NEG,True,0.7770502
/content/drive/MyDrive/DeepWeeds/dataset/20180109-090402-1.jpg,8,DW_NEG,8,DW_NEG,True,0.34702146
/content/drive/MyDrive/DeepWeeds/dataset/20180109-090435-1.jpg,8,DW_NEG,8,DW_NEG,True,0.74921054
/content/drive/MyDrive/DeepWeeds/dataset/20180109-090509-2.jpg,8,DW_NEG,8,DW_NEG,True,0.5653269
/content/drive/MyDrive/DeepWeeds/dataset/20180109-090512-1.jpg,8,DW_NEG,8,DW_NEG,True,0.7978112
/content/drive/MyDrive/DeepWeeds/dataset/20180109-090530-1.jpg,8,DW_NEG,8,DW_NEG,True,0.52303094
/content/drive/MyDrive/DeepWeeds/dataset/20180109-090702-2.jpg,8,DW_NEG,8,DW_NEG,True,0.9862519
/content/drive/MyDrive/DeepWeeds/dataset/20180109-090737-2.jpg,8,DW_NEG,8,DW_NEG,True,0.7197615
/content/drive/MyDrive/DeepWeeds/dataset/20180109-090828-2.jpg,8,DW_NEG,8,DW_NEG,True,0.9873105
/content/drive/MyDrive/DeepWeeds/dataset/20180109-090914-2.jpg,8,DW_NEG,8,DW_NEG,True,0.6925125
/content/drive/MyDrive/DeepWeeds/dataset/20180109-090947-2.jpg,8,DW_NEG,8,DW_NEG,True,0.6573263
/content/drive/MyDrive/DeepWeeds/dataset/20180109-091058-2.jpg,8,DW_NEG,8,DW_NEG,True,0.99393505
/content/drive/MyDrive/DeepWeeds/dataset/20180109-091145-2.jpg,8,DW_NEG,8,DW_NEG,True,0.9947025
/content/drive/MyDrive/DeepWeeds/dataset/20180109-091218-2.jpg,8,DW_NEG,8,DW_NEG,True,0.9774395
/content/drive/MyDrive/DeepWeeds/dataset/20180109-091256-1.jpg,8,DW_NEG,8,DW_NEG,True,0.99249613
/content/drive/MyDrive/DeepWeeds/dataset/20180109-091345-2.jpg,8,DW_NEG,8,DW_NEG,True,0.90169275
/content/drive/MyDrive/DeepWeeds/dataset/20180109-091432-1.jpg,8,DW_NEG,7,DW_SNWE,False,0.686269
/content/drive/MyDrive/DeepWeeds/dataset/20180109-091440-1.jpg,8,DW_NEG,8,DW_NEG,True,0.9820341
/content/drive/MyDrive/DeepWeeds/dataset/20180109-091508-2.jpg,8,DW_NEG,5,DW_RUBV,False,0.6521914
/content/drive/MyDrive/DeepWeeds/dataset/20180109-091546-1.jpg,8,DW_NEG,8,DW_NEG,True,0.6602424
/content/drive/MyDrive/DeepWeeds/dataset/20180109-091559-2.jpg,8,DW_NEG,8,DW_NEG,True,0.89607686
/content/drive/MyDrive/DeepWeeds/dataset/20180109-091734-1.jpg,8,DW_NEG,0,DW_CHAP,False,0.7770332
/content/drive/MyDrive/DeepWeeds/dataset/20180109-091822-1.jpg,8,DW_NEG,8,DW_NEG,True,0.85566807
/content/drive/MyDrive/DeepWeeds/dataset/20180109-091850-1.jpg,8,DW_NEG,8,DW_NEG,True,0.8216427
/content/drive/MyDrive/DeepWeeds/dataset/20180109-091922-1.jpg,8,DW_NEG,8,DW_NEG,True,0.99512595
/content/drive/MyDrive/DeepWeeds/dataset/20180109-091934-2.jpg,8,DW_NEG,8,DW_NEG,True,0.78623676
/content/drive/MyDrive/DeepWeeds/dataset/20180109-092017-1.jpg,8,DW_NEG,8,DW_NEG,True,0.99466044
/content/drive/MyDrive/DeepWeeds/dataset/20180109-092108-2.jpg,7,DW_SNWE,7,DW_SNWE,True,0.99496514
/content/drive/MyDrive/DeepWeeds/dataset/20180109-092128-1.jpg,8,DW_NEG,8,DW_NEG,True,0.99048984
/content/drive/MyDrive/DeepWeeds/dataset/20180109-092223-2.jpg,8,DW_NEG,8,DW_NEG,True,0.83526945
/content/drive/MyDrive/DeepWeeds/dataset/20180109-092255-2.jpg,8,DW_NEG,8,DW_NEG,True,0.99085945
/content/drive/MyDrive/DeepWeeds/dataset/20180109-092317-1.jpg,8,DW_NEG,8,DW_NEG,True,0.99969923
/content/drive/MyDrive/DeepWeeds/dataset/20180109-092343-1.jpg,8,DW_NEG,8,DW_NEG,True,0.9973047
/content/drive/MyDrive/DeepWeeds/dataset/20180109-092421-2.jpg,8,DW_NEG,8,DW_NEG,True,0.6099037
/content/drive/MyDrive/DeepWeeds/dataset/20180109-092447-2.jpg,8,DW_NEG,0,DW_CHAP,False,0.4071041
/content/drive/MyDrive/DeepWeeds/dataset/20180109-092518-1.jpg,8,DW_NEG,8,DW_NEG,True,0.99656785
/content/drive/MyDrive/DeepWeeds/dataset/20180109-092557-2.jpg,8,DW_NEG,8,DW_NEG,True,0.5312433
/content/drive/MyDrive/DeepWeeds/dataset/20180109-094515-2.jpg,7,DW_SNWE,0,DW_CHAP,False,0.99502337
/content/drive/MyDrive/DeepWeeds/dataset/20180109-094604-2.jpg,8,DW_NEG,0,DW_CHAP,False,0.82160777
/content/drive/MyDrive/DeepWeeds/dataset/20180109-094641-1.jpg,8,DW_NEG,8,DW_NEG,True,0.9782728
/content/drive/MyDrive/DeepWeeds/dataset/20180109-094655-2.jpg,8,DW_NEG,8,DW_NEG,True,0.7872548
/content/drive/MyDrive/DeepWeeds/dataset/20180109-094659-1.jpg,8,DW_NEG,8,DW_NEG,True,0.4956164
/content/drive/MyDrive/DeepWeeds/dataset/20180109-094731-1.jpg,8,DW_NEG,8,DW_NEG,True,0.933833
/content/drive/MyDrive/DeepWeeds/dataset/20180109-094756-2.jpg,8,DW_NEG,0,DW_CHAP,False,0.45688063
/content/drive/MyDrive/DeepWeeds/dataset/20180109-094849-2.jpg,8,DW_NEG,8,DW_NEG,True,0.96397316
/content/drive/MyDrive/DeepWeeds/dataset/20180109-094911-1.jpg,8,DW_NEG,3,DW_PART,False,0.62204397
/content/drive/MyDrive/DeepWeeds/dataset/20180109-094939-2.jpg,8,DW_NEG,8,DW_NEG,True,0.97675234
/content/drive/MyDrive/DeepWeeds/dataset/20180109-095016-2.jpg,8,DW_NEG,8,DW_NEG,True,0.94119793
/content/drive/MyDrive/DeepWeeds/dataset/20180109-095038-2.jpg,8,DW_NEG,8,DW_NEG,True,0.5129217
/content/drive/MyDrive/DeepWeeds/dataset/20180109-095145-1.jpg,8,DW_NEG,8,DW_NEG,True,0.8411457
/content/drive/MyDrive/DeepWeeds/dataset/20180109-095145-2.jpg,8,DW_NEG,8,DW_NEG,True,0.7268526
/content/drive/MyDrive/DeepWeeds/dataset/20180109-095212-2.jpg,8,DW_NEG,8,DW_NEG,True,0.8831397
/content/drive/MyDrive/DeepWeeds/dataset/20180109-095239-2.jpg,8,DW_NEG,0,DW_CHAP,False,0.93538284
/content/drive/MyDrive/DeepWeeds/dataset/20180109-095310-2.jpg,8,DW_NEG,8,DW_NEG,True,0.8838774
/content/drive/MyDrive/DeepWeeds/dataset/20180109-095348-1.jpg,8,DW_NEG,8,DW_NEG,True,0.6770481
/content/drive/MyDrive/DeepWeeds/dataset/20180109-095412-2.jpg,8,DW_NEG,0,DW_CHAP,False,0.7058406
/content/drive/MyDrive/DeepWeeds/dataset/20180109-095520-2.jpg,8,DW_NEG,8,DW_NEG,True,0.9855838
/content/drive/MyDrive/DeepWeeds/dataset/20180109-095534-1.jpg,8,DW_NEG,8,DW_NEG,True,0.9955189
/content/drive/MyDrive/DeepWeeds/dataset/20180109-095621-1.jpg,8,DW_NEG,8,DW_NEG,True,0.9912273
/content/drive/MyDrive/DeepWeeds/dataset/20180109-095652-1.jpg,8,DW_NEG,8,DW_NEG,True,0.99325293
/content/drive/MyDrive/DeepWeeds/dataset/20180109-095743-1.jpg,8,DW_NEG,8,DW_NEG,True,0.9539834
/content/drive/MyDrive/DeepWeeds/dataset/20180109-095839-1.jpg,8,DW_NEG,8,DW_NEG,True,0.8892694
/content/drive/MyDrive/DeepWeeds/dataset/20180109-095848-2.jpg,8,DW_NEG,8,DW_NEG,True,0.7301812
/content/drive/MyDrive/DeepWeeds/dataset/20180109-095926-1.jpg,8,DW_NEG,8,DW_NEG,True,0.75789744
/content/drive/MyDrive/DeepWeeds/dataset/20180109-095946-1.jpg,8,DW_NEG,0,DW_CHAP,False,0.89492565
/content/drive/MyDrive/DeepWeeds/dataset/20180109-100022-1.jpg,8,DW_NEG,8,DW_NEG,True,0.6384007
/content/drive/MyDrive/DeepWeeds/dataset/20180109-100046-1.jpg,8,DW_NEG,8,DW_NEG,True,0.9466506
/content/drive/MyDrive/DeepWeeds/dataset/20180109-100136-1.jpg,8,DW_NEG,8,DW_NEG,True,0.97895736
/content/drive/MyDrive/DeepWeeds/dataset/20180109-100223-2.jpg,8,DW_NEG,8,DW_NEG,True,0.62981087
/content/drive/MyDrive/DeepWeeds/dataset/20180109-100243-2.jpg,8,DW_NEG,8,DW_NEG,True,0.45666474
/content/drive/MyDrive/DeepWeeds/dataset/20180109-100309-2.jpg,8,DW_NEG,8,DW_NEG,True,0.8120026
/content/drive/MyDrive/DeepWeeds/dataset/20180109-100311-1.jpg,8,DW_NEG,8,DW_NEG,True,0.99683076
/content/drive/MyDrive/DeepWeeds/dataset/20180109-100348-2.jpg,8,DW_NEG,8,DW_NEG,True,0.73445505
/content/drive/MyDrive/DeepWeeds/dataset/20180109-100433-1.jpg,8,DW_NEG,8,DW_NEG,True,0.8898971
/content/drive/MyDrive/DeepWeeds/dataset/20180109-100506-1.jpg,8,DW_NEG,8,DW_NEG,True,0.506555
/content/drive/MyDrive/DeepWeeds/dataset/20180109-100626-1.jpg,8,DW_NEG,0,DW_CHAP,False,0.9159609
/content/drive/MyDrive/DeepWeeds/dataset/20180109-100635-1.jpg,8,DW_NEG,8,DW_NEG,True,0.97338223
/content/drive/MyDrive/DeepWeeds/dataset/20180109-100717-2.jpg,8,DW_NEG,8,DW_NEG,True,0.577985
/content/drive/MyDrive/DeepWeeds/dataset/20180109-100749-2.jpg,8,DW_NEG,8,DW_NEG,True,0.95463187
/content/drive/MyDrive/DeepWeeds/dataset/20180109-100822-1.jpg,8,DW_NEG,8,DW_NEG,True,0.9862222
/content/drive/MyDrive/DeepWeeds/dataset/20180109-100935-1.jpg,8,DW_NEG,0,DW_CHAP,False,0.5268407
/content/drive/MyDrive/DeepWeeds/dataset/20180109-101036-2.jpg,8,DW_NEG,8,DW_NEG,True,0.9972127
/content/drive/MyDrive/DeepWeeds/dataset/20180109-101059-1.jpg,8,DW_NEG,8,DW_NEG,True,0.96674246
/content/drive/MyDrive/DeepWeeds/dataset/20180109-101109-1.jpg,8,DW_NEG,8,DW_NEG,True,0.9461287
/content/drive/MyDrive/DeepWeeds/dataset/20180109-101131-2.jpg,8,DW_NEG,8,DW_NEG,True,0.88356483
/content/drive/MyDrive/DeepWeeds/dataset/20180109-101147-2.jpg,8,DW_NEG,8,DW_NEG,True,0.7481906
/content/drive/MyDrive/DeepWeeds/dataset/20180109-101245-1.jpg,8,DW_NEG,8,DW_NEG,True,0.9917584
/content/drive/MyDrive/DeepWeeds/dataset/20180109-101245-2.jpg,8,DW_NEG,8,DW_NEG,True,0.7537471
/content/drive/MyDrive/DeepWeeds/dataset/20180109-101318-2.jpg,8,DW_NEG,8,DW_NEG,True,0.9916672
/content/drive/MyDrive/DeepWeeds/dataset/20180109-101333-2.jpg,8,DW_NEG,8,DW_NEG,True,0.9547238
/content/drive/MyDrive/DeepWeeds/dataset/20180109-101406-2.jpg,8,DW_NEG,8,DW_NEG,True,0.99503964
/content/drive/MyDrive/DeepWeeds/dataset/20180109-101420-2.jpg,8,DW_NEG,8,DW_NEG,True,0.96672094
/content/drive/MyDrive/DeepWeeds/dataset/20180109-101513-2.jpg,8,DW_NEG,8,DW_NEG,True,0.89541143
/content/drive/MyDrive/DeepWeeds/dataset/20180109-101538-1.jpg,8,DW_NEG,8,DW_NEG,True,0.7046444
/content/drive/MyDrive/DeepWeeds/dataset/20180109-101618-1.jpg,8,DW_NEG,8,DW_NEG,True,0.9204667
/content/drive/MyDrive/DeepWeeds/dataset/20180109-101629-2.jpg,8,DW_NEG,8,DW_NEG,True,0.9748106
/content/drive/MyDrive/DeepWeeds/dataset/20180109-102710-2.jpg,8,DW_NEG,8,DW_NEG,True,0.9622325
/content/drive/MyDrive/DeepWeeds/dataset/20180109-102745-2.jpg,8,DW_NEG,8,DW_NEG,True,0.96435946
/content/drive/MyDrive/DeepWeeds/dataset/20180109-102822-2.jpg,8,DW_NEG,8,DW_NEG,True,0.5474084
/content/drive/MyDrive/DeepWeeds/dataset/20180109-102849-2.jpg,8,DW_NEG,8,DW_NEG,True,0.9114538
/content/drive/MyDrive/DeepWeeds/dataset/20180109-102907-2.jpg,8,DW_NEG,8,DW_NEG,True,0.85324925
/content/drive/MyDrive/DeepWeeds/dataset/20180109-102947-1.jpg,8,DW_NEG,8,DW_NEG,True,0.9969388
/content/drive/MyDrive/DeepWeeds/dataset/20180109-103003-2.jpg,8,DW_NEG,8,DW_NEG,True,0.9017138
/content/drive/MyDrive/DeepWeeds/dataset/20180109-103033-1.jpg,8,DW_NEG,8,DW_NEG,True,0.77992773
/content/drive/MyDrive/DeepWeeds/dataset/20180109-103116-2.jpg,8,DW_NEG,8,DW_NEG,True,0.7525587
/content/drive/MyDrive/DeepWeeds/dataset/20180109-103138-2.jpg,8,DW_NEG,8,DW_NEG,True,0.93418235
/content/drive/MyDrive/DeepWeeds/dataset/20180109-103225-1.jpg,8,DW_NEG,8,DW_NEG,True,0.98278457
/content/drive/MyDrive/DeepWeeds/dataset/20180109-103229-2.jpg,8,DW_NEG,8,DW_NEG,True,0.55320174
/content/drive/MyDrive/DeepWeeds/dataset/20180109-103306-2.jpg,8,DW_NEG,8,DW_NEG,True,0.8171694
/content/drive/MyDrive/DeepWeeds/dataset/20180109-103404-1.jpg,8,DW_NEG,6,DW_SIWE,False,0.7762773
/content/drive/MyDrive/DeepWeeds/dataset/20180109-103455-1.jpg,8,DW_NEG,8,DW_NEG,True,0.9638026
/content/drive/MyDrive/DeepWeeds/dataset/20180109-103502-2.jpg,8,DW_NEG,8,DW_NEG,True,0.87331945
/content/drive/MyDrive/DeepWeeds/dataset/20180109-103524-1.jpg,8,DW_NEG,8,DW_NEG,True,0.9813541
/content/drive/MyDrive/DeepWeeds/dataset/20180109-103551-1.jpg,8,DW_NEG,7,DW_SNWE,False,0.44748026
/content/drive/MyDrive/DeepWeeds/dataset/20180109-103631-1.jpg,8,DW_NEG,8,DW_NEG,True,0.5959621
/content/drive/MyDrive/DeepWeeds/dataset/20180109-103633-2.jpg,8,DW_NEG,8,DW_NEG,True,0.8832579
/content/drive/MyDrive/DeepWeeds/dataset/20180109-103723-1.jpg,8,DW_NEG,8,DW_NEG,True,0.9716652
/content/drive/MyDrive/DeepWeeds/dataset/20180109-103757-1.jpg,8,DW_NEG,8,DW_NEG,True,0.8083445
/content/drive/MyDrive/DeepWeeds/dataset/20180109-103821-2.jpg,8,DW_NEG,8,DW_NEG,True,0.8525997
/content/drive/MyDrive/DeepWeeds/dataset/20180109-103853-1.jpg,8,DW_NEG,8,DW_NEG,True,0.5378443
/content/drive/MyDrive/DeepWeeds/dataset/20180109-103937-2.jpg,8,DW_NEG,5,DW_RUBV,False,0.81178993
/content/drive/MyDrive/DeepWeeds/dataset/20180109-104107-2.jpg,8,DW_NEG,8,DW_NEG,True,0.988891
/content/drive/MyDrive/DeepWeeds/dataset/20180109-104126-2.jpg,8,DW_NEG,8,DW_NEG,True,0.62760705
/content/drive/MyDrive/DeepWeeds/dataset/20180109-104218-2.jpg,8,DW_NEG,0,DW_CHAP,False,0.5877651
/content/drive/MyDrive/DeepWeeds/dataset/20180109-104236-2.jpg,8,DW_NEG,8,DW_NEG,True,0.98777276
/content/drive/MyDrive/DeepWeeds/dataset/20180109-104245-2.jpg,8,DW_NEG,8,DW_NEG,True,0.98728603
/content/drive/MyDrive/DeepWeeds/dataset/20180109-104327-1.jpg,8,DW_NEG,6,DW_SIWE,False,0.47343722
/content/drive/MyDrive/DeepWeeds/dataset/20180109-104342-2.jpg,8,DW_NEG,8,DW_NEG,True,0.8122262
/content/drive/MyDrive/DeepWeeds/dataset/20180109-104408-2.jpg,8,DW_NEG,8,DW_NEG,True,0.5963473
/content/drive/MyDrive/DeepWeeds/dataset/20180109-104443-1.jpg,8,DW_NEG,8,DW_NEG,True,0.9621027
/content/drive/MyDrive/DeepWeeds/dataset/20180109-104513-2.jpg,8,DW_NEG,8,DW_NEG,True,0.98812056
/content/drive/MyDrive/DeepWeeds/dataset/20180109-104529-2.jpg,8,DW_NEG,8,DW_NEG,True,0.99148273
/content/drive/MyDrive/DeepWeeds/dataset/20180109-104555-2.jpg,8,DW_NEG,8,DW_NEG,True,0.98144364
/content/drive/MyDrive/DeepWeeds/dataset/20180109-104634-2.jpg,8,DW_NEG,8,DW_NEG,True,0.7593705
/content/drive/MyDrive/DeepWeeds/dataset/20180109-104723-1.jpg,8,DW_NEG,7,DW_SNWE,False,0.36157805
/content/drive/MyDrive/DeepWeeds/dataset/20180109-104742-1.jpg,8,DW_NEG,8,DW_NEG,True,0.76724094
/content/drive/MyDrive/DeepWeeds/dataset/20180109-104802-1.jpg,8,DW_NEG,8,DW_NEG,True,0.8256469
/content/drive/MyDrive/DeepWeeds/dataset/20180109-104840-2.jpg,8,DW_NEG,5,DW_RUBV,False,0.63842136
/content/drive/MyDrive/DeepWeeds/dataset/20180109-104917-1.jpg,8,DW_NEG,8,DW_NEG,True,0.98689157
/content/drive/MyDrive/DeepWeeds/dataset/20180109-104917-2.jpg,8,DW_NEG,8,DW_NEG,True,0.993234
/content/drive/MyDrive/DeepWeeds/dataset/20180109-104955-2.jpg,8,DW_NEG,8,DW_NEG,True,0.9865941
/content/drive/MyDrive/DeepWeeds/dataset/20180109-105035-2.jpg,8,DW_NEG,8,DW_NEG,True,0.8775383
/content/drive/MyDrive/DeepWeeds/dataset/20180109-105101-1.jpg,8,DW_NEG,8,DW_NEG,True,0.9221847
/content/drive/MyDrive/DeepWeeds/dataset/20180109-105213-2.jpg,8,DW_NEG,2,DW_PARK,False,0.64854985
/content/drive/MyDrive/DeepWeeds/dataset/20180109-105401-2.jpg,8,DW_NEG,8,DW_NEG,True,0.9818349
/content/drive/MyDrive/DeepWeeds/dataset/20180109-105430-1.jpg,8,DW_NEG,8,DW_NEG,True,0.9800458
/content/drive/MyDrive/DeepWeeds/dataset/20180109-105441-1.jpg,8,DW_NEG,8,DW_NEG,True,0.9162297
/content/drive/MyDrive/DeepWeeds/dataset/20180109-105537-1.jpg,8,DW_NEG,8,DW_NEG,True,0.959502
/content/drive/MyDrive/DeepWeeds/dataset/20180109-105637-2.jpg,8,DW_NEG,8,DW_NEG,True,0.79500824
/content/drive/MyDrive/DeepWeeds/dataset/20180109-105705-2.jpg,8,DW_NEG,8,DW_NEG,True,0.97129595
/content/drive/MyDrive/DeepWeeds/dataset/20180109-105732-1.jpg,8,DW_NEG,8,DW_NEG,True,0.9983657
/content/drive/MyDrive/DeepWeeds/dataset/20180109-105752-1.jpg,8,DW_NEG,8,DW_NEG,True,0.9669137
/content/drive/MyDrive/DeepWeeds/dataset/20180109-105824-1.jpg,8,DW_NEG,8,DW_NEG,True,0.99428374
/content/drive/MyDrive/DeepWeeds/dataset/20180109-105903-2.jpg,8,DW_NEG,8,DW_NEG,True,0.50461143
/content/drive/MyDrive/DeepWeeds/dataset/20180109-105907-1.jpg,8,DW_NEG,8,DW_NEG,True,0.48527262
/content/drive/MyDrive/DeepWeeds/dataset/20180109-110005-1.jpg,8,DW_NEG,8,DW_NEG,True,0.6925074
/content/drive/MyDrive/DeepWeeds/dataset/20180109-110057-2.jpg,8,DW_NEG,8,DW_NEG,True,0.88245356
/content/drive/MyDrive/DeepWeeds/dataset/20180109-110130-2.jpg,8,DW_NEG,8,DW_NEG,True,0.9813752
/content/drive/MyDrive/DeepWeeds/dataset/20180109-110201-2.jpg,8,DW_NEG,8,DW_NEG,True,0.99784946
/content/drive/MyDrive/DeepWeeds/dataset/20180112-070111-2.jpg,8,DW_NEG,8,DW_NEG,True,0.638908
/content/drive/MyDrive/DeepWeeds/dataset/20180112-070327-2.jpg,8,DW_NEG,8,DW_NEG,True,0.33218825
/content/drive/MyDrive/DeepWeeds/dataset/20180112-070402-2.jpg,8,DW_NEG,7,DW_SNWE,False,0.3773223
/content/drive/MyDrive/DeepWeeds/dataset/20180112-070433-2.jpg,8,DW_NEG,8,DW_NEG,True,0.63577676
/content/drive/MyDrive/DeepWeeds/dataset/20180112-070517-2.jpg,8,DW_NEG,7,DW_SNWE,False,0.74189866
/content/drive/MyDrive/DeepWeeds/dataset/20180112-070622-2.jpg,8,DW_NEG,8,DW_NEG,True,0.8256797
/content/drive/MyDrive/DeepWeeds/dataset/20180112-070658-2.jpg,8,DW_NEG,8,DW_NEG,True,0.5223309
/content/drive/MyDrive/DeepWeeds/dataset/20180112-070741-2.jpg,8,DW_NEG,4,DW_PRAC,False,0.46171397
/content/drive/MyDrive/DeepWeeds/dataset/20180112-070845-2.jpg,8,DW_NEG,8,DW_NEG,True,0.9103925
/content/drive/MyDrive/DeepWeeds/dataset/20180112-070945-2.jpg,8,DW_NEG,8,DW_NEG,True,0.6182692
/content/drive/MyDrive/DeepWeeds/dataset/20180112-070946-2.jpg,8,DW_NEG,4,DW_PRAC,False,0.7509403
/content/drive/MyDrive/DeepWeeds/dataset/20180112-071018-2.jpg,8,DW_NEG,8,DW_NEG,True,0.54555494
/content/drive/MyDrive/DeepWeeds/dataset/20180112-071143-2.jpg,8,DW_NEG,8,DW_NEG,True,0.74047315
/content/drive/MyDrive/DeepWeeds/dataset/20180112-071310-2.jpg,8,DW_NEG,4,DW_PRAC,False,0.65196806
/content/drive/MyDrive/DeepWeeds/dataset/20180112-071336-2.jpg,8,DW_NEG,8,DW_NEG,True,0.9085104
/content/drive/MyDrive/DeepWeeds/dataset/20180112-071458-2.jpg,8,DW_NEG,4,DW_PRAC,False,0.54653263
/content/drive/MyDrive/DeepWeeds/dataset/20180112-071549-2.jpg,8,DW_NEG,8,DW_NEG,True,0.6894078
/content/drive/MyDrive/DeepWeeds/dataset/20180112-071617-2.jpg,8,DW_NEG,7,DW_SNWE,False,0.93825936
/content/drive/MyDrive/DeepWeeds/dataset/20180112-071741-2.jpg,8,DW_NEG,8,DW_NEG,True,0.40829927
/content/drive/MyDrive/DeepWeeds/dataset/20180112-071809-1.jpg,8,DW_NEG,4,DW_PRAC,False,0.5186165
/content/drive/MyDrive/DeepWeeds/dataset/20180112-071836-2.jpg,8,DW_NEG,4,DW_PRAC,False,0.9518262
/content/drive/MyDrive/DeepWeeds/dataset/20180112-071909-1.jpg,8,DW_NEG,8,DW_NEG,True,0.9254687
/content/drive/MyDrive/DeepWeeds/dataset/20180112-071931-2.jpg,8,DW_NEG,0,DW_CHAP,False,0.66846645
/content/drive/MyDrive/DeepWeeds/dataset/20180112-072021-2.jpg,8,DW_NEG,7,DW_SNWE,False,0.32707915
/content/drive/MyDrive/DeepWeeds/dataset/20180112-072058-1.jpg,8,DW_NEG,8,DW_NEG,True,0.7064027
/content/drive/MyDrive/DeepWeeds/dataset/20180112-072117-2.jpg,8,DW_NEG,0,DW_CHAP,False,0.5766525
/content/drive/MyDrive/DeepWeeds/dataset/20180112-072203-1.jpg,8,DW_NEG,8,DW_NEG,True,0.42385516
/content/drive/MyDrive/DeepWeeds/dataset/20180112-072230-1.jpg,8,DW_NEG,8,DW_NEG,True,0.8586008
/content/drive/MyDrive/DeepWeeds/dataset/20180112-072301-1.jpg,8,DW_NEG,8,DW_NEG,True,0.7459976
/content/drive/MyDrive/DeepWeeds/dataset/20180112-072339-2.jpg,8,DW_NEG,7,DW_SNWE,False,0.80063397
/content/drive/MyDrive/DeepWeeds/dataset/20180112-072415-1.jpg,8,DW_NEG,8,DW_NEG,True,0.629428
/content/drive/MyDrive/DeepWeeds/dataset/20180112-072450-2.jpg,8,DW_NEG,6,DW_SIWE,False,0.82590246
/content/drive/MyDrive/DeepWeeds/dataset/20180112-072541-2.jpg,8,DW_NEG,7,DW_SNWE,False,0.32464126
/content/drive/MyDrive/DeepWeeds/dataset/20180112-072557-1.jpg,8,DW_NEG,8,DW_NEG,True,0.48545972
/content/drive/MyDrive/DeepWeeds/dataset/20180112-072643-1.jpg,8,DW_NEG,7,DW_SNWE,False,0.44546574
/content/drive/MyDrive/DeepWeeds/dataset/20180112-072649-2.jpg,8,DW_NEG,0,DW_CHAP,False,0.7352188
/content/drive/MyDrive/DeepWeeds/dataset/20180112-072707-2.jpg,8,DW_NEG,0,DW_CHAP,False,0.70156074
/content/drive/MyDrive/DeepWeeds/dataset/20180112-072738-2.jpg,8,DW_NEG,0,DW_CHAP,False,0.5353028
/content/drive/MyDrive/DeepWeeds/dataset/20180112-072821-1.jpg,8,DW_NEG,8,DW_NEG,True,0.81748
/content/drive/MyDrive/DeepWeeds/dataset/20180112-072901-2.jpg,8,DW_NEG,7,DW_SNWE,False,0.6246678
/content/drive/MyDrive/DeepWeeds/dataset/20180112-072933-2.jpg,8,DW_NEG,0,DW_CHAP,False,0.5992501
/content/drive/MyDrive/DeepWeeds/dataset/20180112-073028-1.jpg,8,DW_NEG,8,DW_NEG,True,0.9253252
/content/drive/MyDrive/DeepWeeds/dataset/20180112-073106-1.jpg,8,DW_NEG,7,DW_SNWE,False,0.8805177
/content/drive/MyDrive/DeepWeeds/dataset/20180112-073136-2.jpg,8,DW_NEG,8,DW_NEG,True,0.9616492
/content/drive/MyDrive/DeepWeeds/dataset/20180112-073205-2.jpg,8,DW_NEG,8,DW_NEG,True,0.789588
/content/drive/MyDrive/DeepWeeds/dataset/20180112-073224-1.jpg,8,DW_NEG,7,DW_SNWE,False,0.5522157
/content/drive/MyDrive/DeepWeeds/dataset/20180112-073224-2.jpg,8,DW_NEG,8,DW_NEG,True,0.87163717
/content/drive/MyDrive/DeepWeeds/dataset/20180112-073258-1.jpg,8,DW_NEG,7,DW_SNWE,False,0.7676196
/content/drive/MyDrive/DeepWeeds/dataset/20180112-073335-1.jpg,8,DW_NEG,7,DW_SNWE,False,0.7973127
/content/drive/MyDrive/DeepWeeds/dataset/20180112-073347-1.jpg,8,DW_NEG,0,DW_CHAP,False,0.8490624
/content/drive/MyDrive/DeepWeeds/dataset/20180112-073449-1.jpg,8,DW_NEG,8,DW_NEG,True,0.604969
/content/drive/MyDrive/DeepWeeds/dataset/20180112-073452-2.jpg,8,DW_NEG,8,DW_NEG,True,0.79310197
/content/drive/MyDrive/DeepWeeds/dataset/20180112-073652-1.jpg,8,DW_NEG,7,DW_SNWE,False,0.4369068
/content/drive/MyDrive/DeepWeeds/dataset/20180112-073953-1.jpg,8,DW_NEG,7,DW_SNWE,False,0.5630109
/content/drive/MyDrive/DeepWeeds/dataset/20180112-074017-1.jpg,8,DW_NEG,7,DW_SNWE,False,0.5024267
/content/drive/MyDrive/DeepWeeds/dataset/20180112-074059-1.jpg,8,DW_NEG,0,DW_CHAP,False,0.39172
/content/drive/MyDrive/DeepWeeds/dataset/20180112-074345-1.jpg,8,DW_NEG,8,DW_NEG,True,0.8549604
/content/drive/MyDrive/DeepWeeds/dataset/20180112-074411-1.jpg,8,DW_NEG,0,DW_CHAP,False,0.86597824
/content/drive/MyDrive/DeepWeeds/dataset/20180112-074454-1.jpg,8,DW_NEG,8,DW_NEG,True,0.681111
/content/drive/MyDrive/DeepWeeds/dataset/20180112-074454-2.jpg,8,DW_NEG,0,DW_CHAP,False,0.758112
/content/drive/MyDrive/DeepWeeds/dataset/20180112-074554-2.jpg,8,DW_NEG,8,DW_NEG,True,0.54520786
/content/drive/MyDrive/DeepWeeds/dataset/20180112-074642-2.jpg,8,DW_NEG,8,DW_NEG,True,0.50461257
/content/drive/MyDrive/DeepWeeds/dataset/20180112-074718-2.jpg,8,DW_NEG,7,DW_SNWE,False,0.62145996
/content/drive/MyDrive/DeepWeeds/dataset/20180112-074759-1.jpg,8,DW_NEG,8,DW_NEG,True,0.5400495
/content/drive/MyDrive/DeepWeeds/dataset/20180112-074902-2.jpg,8,DW_NEG,4,DW_PRAC,False,0.6266344
/content/drive/MyDrive/DeepWeeds/dataset/20180112-075012-2.jpg,8,DW_NEG,7,DW_SNWE,False,0.6380825
/content/drive/MyDrive/DeepWeeds/dataset/20180112-075106-2.jpg,8,DW_NEG,8,DW_NEG,True,0.4927641
/content/drive/MyDrive/DeepWeeds/dataset/20180112-075208-2.jpg,8,DW_NEG,7,DW_SNWE,False,0.7760848
/content/drive/MyDrive/DeepWeeds/dataset/20180112-075306-2.jpg,8,DW_NEG,8,DW_NEG,True,0.81665766
/content/drive/MyDrive/DeepWeeds/dataset/20180112-075443-2.jpg,8,DW_NEG,8,DW_NEG,True,0.7590783
/content/drive/MyDrive/DeepWeeds/dataset/20180112-075445-2.jpg,8,DW_NEG,7,DW_SNWE,False,0.49768782
/content/drive/MyDrive/DeepWeeds/dataset/20180112-075611-2.jpg,8,DW_NEG,7,DW_SNWE,False,0.58953816
/content/drive/MyDrive/DeepWeeds/dataset/20180112-075718-2.jpg,8,DW_NEG,8,DW_NEG,True,0.56984055
/content/drive/MyDrive/DeepWeeds/dataset/20180112-075756-2.jpg,8,DW_NEG,0,DW_CHAP,False,0.54735345
/content/drive/MyDrive/DeepWeeds/dataset/20180112-075900-2.jpg,8,DW_NEG,8,DW_NEG,True,0.60165656
/content/drive/MyDrive/DeepWeeds/dataset/20180112-080001-2.jpg,8,DW_NEG,0,DW_CHAP,False,0.5188265
/content/drive/MyDrive/DeepWeeds/dataset/20180112-080107-2.jpg,8,DW_NEG,8,DW_NEG,True,0.96443105
/content/drive/MyDrive/DeepWeeds/dataset/20180112-080151-2.jpg,8,DW_NEG,8,DW_NEG,True,0.84101135
/content/drive/MyDrive/DeepWeeds/dataset/20180112-080317-2.jpg,8,DW_NEG,8,DW_NEG,True,0.48066637
/content/drive/MyDrive/DeepWeeds/dataset/20180112-080356-2.jpg,8,DW_NEG,8,DW_NEG,True,0.8274205
/content/drive/MyDrive/DeepWeeds/dataset/20180112-080358-2.jpg,8,DW_NEG,8,DW_NEG,True,0.9399923
/content/drive/MyDrive/DeepWeeds/dataset/20180112-080444-1.jpg,8,DW_NEG,7,DW_SNWE,False,0.6650321
/content/drive/MyDrive/DeepWeeds/dataset/20180112-080505-1.jpg,8,DW_NEG,7,DW_SNWE,False,0.37551174
/content/drive/MyDrive/DeepWeeds/dataset/20180112-080538-1.jpg,8,DW_NEG,7,DW_SNWE,False,0.8491939
/content/drive/MyDrive/DeepWeeds/dataset/20180112-080609-2.jpg,8,DW_NEG,0,DW_CHAP,False,0.784803
/content/drive/MyDrive/DeepWeeds/dataset/20180112-080623-2.jpg,8,DW_NEG,7,DW_SNWE,False,0.2776718
/content/drive/MyDrive/DeepWeeds/dataset/20180112-080634-2.jpg,8,DW_NEG,8,DW_NEG,True,0.7963103
/content/drive/MyDrive/DeepWeeds/dataset/20180112-080753-1.jpg,8,DW_NEG,7,DW_SNWE,False,0.75397503
/content/drive/MyDrive/DeepWeeds/dataset/20180112-080813-1.jpg,8,DW_NEG,7,DW_SNWE,False,0.84767324
/content/drive/MyDrive/DeepWeeds/dataset/20180112-080904-2.jpg,8,DW_NEG,8,DW_NEG,True,0.78422683
/content/drive/MyDrive/DeepWeeds/dataset/20180112-080936-2.jpg,8,DW_NEG,8,DW_NEG,True,0.8365384
/content/drive/MyDrive/DeepWeeds/dataset/20180112-081003-1.jpg,8,DW_NEG,8,DW_NEG,True,0.87251073
/content/drive/MyDrive/DeepWeeds/dataset/20180112-081040-2.jpg,8,DW_NEG,8,DW_NEG,True,0.6829414
/content/drive/MyDrive/DeepWeeds/dataset/20180112-081057-1.jpg,8,DW_NEG,8,DW_NEG,True,0.5562959
/content/drive/MyDrive/DeepWeeds/dataset/20180112-081125-2.jpg,8,DW_NEG,8,DW_NEG,True,0.7141644
/content/drive/MyDrive/DeepWeeds/dataset/20180112-081156-1.jpg,8,DW_NEG,8,DW_NEG,True,0.93710107
/content/drive/MyDrive/DeepWeeds/dataset/20180112-081230-2.jpg,8,DW_NEG,0,DW_CHAP,False,0.4708417
/content/drive/MyDrive/DeepWeeds/dataset/20180112-081303-2.jpg,8,DW_NEG,7,DW_SNWE,False,0.32878724
/content/drive/MyDrive/DeepWeeds/dataset/20180112-081326-2.jpg,8,DW_NEG,7,DW_SNWE,False,0.7320371
/content/drive/MyDrive/DeepWeeds/dataset/20180112-081341-1.jpg,8,DW_NEG,8,DW_NEG,True,0.6118108
/content/drive/MyDrive/DeepWeeds/dataset/20180112-081429-1.jpg,8,DW_NEG,8,DW_NEG,True,0.5941176
/content/drive/MyDrive/DeepWeeds/dataset/20180112-081449-2.jpg,8,DW_NEG,8,DW_NEG,True,0.9769668
/content/drive/MyDrive/DeepWeeds/dataset/20180112-081605-1.jpg,8,DW_NEG,8,DW_NEG,True,0.7249528
/content/drive/MyDrive/DeepWeeds/dataset/20180112-081634-2.jpg,8,DW_NEG,4,DW_PRAC,False,0.43636382
/content/drive/MyDrive/DeepWeeds/dataset/20180112-081708-1.jpg,8,DW_NEG,8,DW_NEG,True,0.69752705
/content/drive/MyDrive/DeepWeeds/dataset/20180112-081826-1.jpg,8,DW_NEG,8,DW_NEG,True,0.7556295
/content/drive/MyDrive/DeepWeeds/dataset/20180112-081919-2.jpg,8,DW_NEG,4,DW_PRAC,False,0.45721546
/content/drive/MyDrive/DeepWeeds/dataset/20180112-081952-1.jpg,8,DW_NEG,8,DW_NEG,True,0.61423665
/content/drive/MyDrive/DeepWeeds/dataset/20180112-082059-2.jpg,8,DW_NEG,8,DW_NEG,True,0.73438114
/content/drive/MyDrive/DeepWeeds/dataset/20180112-082156-2.jpg,8,DW_NEG,8,DW_NEG,True,0.6320325
/content/drive/MyDrive/DeepWeeds/dataset/20180112-082206-2.jpg,8,DW_NEG,8,DW_NEG,True,0.94214165
/content/drive/MyDrive/DeepWeeds/dataset/20180112-082239-2.jpg,8,DW_NEG,0,DW_CHAP,False,0.4275488
/content/drive/MyDrive/DeepWeeds/dataset/20180112-082327-1.jpg,8,DW_NEG,7,DW_SNWE,False,0.88051015
/content/drive/MyDrive/DeepWeeds/dataset/20180112-082405-1.jpg,8,DW_NEG,8,DW_NEG,True,0.48367807
/content/drive/MyDrive/DeepWeeds/dataset/20180112-082534-1.jpg,8,DW_NEG,7,DW_SNWE,False,0.5720617
/content/drive/MyDrive/DeepWeeds/dataset/20180112-082611-1.jpg,8,DW_NEG,7,DW_SNWE,False,0.5395506
/content/drive/MyDrive/DeepWeeds/dataset/20180112-082753-1.jpg,8,DW_NEG,0,DW_CHAP,False,0.88752025
/content/drive/MyDrive/DeepWeeds/dataset/20180112-082913-1.jpg,8,DW_NEG,8,DW_NEG,True,0.931815
/content/drive/MyDrive/DeepWeeds/dataset/20180112-083043-1.jpg,8,DW_NEG,7,DW_SNWE,False,0.77783287
/content/drive/MyDrive/DeepWeeds/dataset/20180112-083203-1.jpg,8,DW_NEG,8,DW_NEG,True,0.32843256
/content/drive/MyDrive/DeepWeeds/dataset/20180112-083224-1.jpg,8,DW_NEG,7,DW_SNWE,False,0.67928576
/content/drive/MyDrive/DeepWeeds/dataset/20180112-083344-1.jpg,8,DW_NEG,1,DW_LANT,False,0.47503597
/content/drive/MyDrive/DeepWeeds/dataset/20180112-083406-1.jpg,8,DW_NEG,7,DW_SNWE,False,0.48016822
/content/drive/MyDrive/DeepWeeds/dataset/20180112-083600-1.jpg,8,DW_NEG,1,DW_LANT,False,0.5601075
/content/drive/MyDrive/DeepWeeds/dataset/20180112-083645-1.jpg,8,DW_NEG,8,DW_NEG,True,0.4553011
/content/drive/MyDrive/DeepWeeds/dataset/20180112-091121-2.jpg,8,DW_NEG,4,DW_PRAC,False,0.6031613
/content/drive/MyDrive/DeepWeeds/dataset/20180112-091123-2.jpg,8,DW_NEG,8,DW_NEG,True,0.59459853
/content/drive/MyDrive/DeepWeeds/dataset/20180112-091207-2.jpg,8,DW_NEG,8,DW_NEG,True,0.7960568
/content/drive/MyDrive/DeepWeeds/dataset/20180112-091209-2.jpg,8,DW_NEG,8,DW_NEG,True,0.513455
/content/drive/MyDrive/DeepWeeds/dataset/20180112-091351-2.jpg,8,DW_NEG,0,DW_CHAP,False,0.6983495
/content/drive/MyDrive/DeepWeeds/dataset/20180112-091552-1.jpg,8,DW_NEG,8,DW_NEG,True,0.5593919
/content/drive/MyDrive/DeepWeeds/dataset/20180112-091612-2.jpg,8,DW_NEG,7,DW_SNWE,False,0.55005443
/content/drive/MyDrive/DeepWeeds/dataset/20180112-091613-2.jpg,8,DW_NEG,8,DW_NEG,True,0.5054356
/content/drive/MyDrive/DeepWeeds/dataset/20180112-091721-2.jpg,8,DW_NEG,7,DW_SNWE,False,0.56937605
/content/drive/MyDrive/DeepWeeds/dataset/20180112-091749-2.jpg,8,DW_NEG,8,DW_NEG,True,0.57055694
/content/drive/MyDrive/DeepWeeds/dataset/20180112-091810-2.jpg,8,DW_NEG,7,DW_SNWE,False,0.71482146
/content/drive/MyDrive/DeepWeeds/dataset/20180112-091828-1.jpg,8,DW_NEG,8,DW_NEG,True,0.7642619
/content/drive/MyDrive/DeepWeeds/dataset/20180112-091938-2.jpg,8,DW_NEG,0,DW_CHAP,False,0.42113245
/content/drive/MyDrive/DeepWeeds/dataset/20180112-092003-1.jpg,8,DW_NEG,8,DW_NEG,True,0.69875956
/content/drive/MyDrive/DeepWeeds/dataset/20180112-092057-1.jpg,8,DW_NEG,8,DW_NEG,True,0.9956417
/content/drive/MyDrive/DeepWeeds/dataset/20180112-092133-2.jpg,8,DW_NEG,8,DW_NEG,True,0.5764353
/content/drive/MyDrive/DeepWeeds/dataset/20180112-092208-1.jpg,8,DW_NEG,7,DW_SNWE,False,0.7013727
/content/drive/MyDrive/DeepWeeds/dataset/20180112-092221-2.jpg,8,DW_NEG,8,DW_NEG,True,0.77596354
/content/drive/MyDrive/DeepWeeds/dataset/20180112-092256-2.jpg,8,DW_NEG,7,DW_SNWE,False,0.6274731
/content/drive/MyDrive/DeepWeeds/dataset/20180112-092356-1.jpg,8,DW_NEG,8,DW_NEG,True,0.43378678
/content/drive/MyDrive/DeepWeeds/dataset/20180112-092429-2.jpg,8,DW_NEG,8,DW_NEG,True,0.6563829
/content/drive/MyDrive/DeepWeeds/dataset/20180112-092446-1.jpg,8,DW_NEG,8,DW_NEG,True,0.95566964
/content/drive/MyDrive/DeepWeeds/dataset/20180112-092529-2.jpg,8,DW_NEG,8,DW_NEG,True,0.4719964
/content/drive/MyDrive/DeepWeeds/dataset/20180112-092559-1.jpg,8,DW_NEG,0,DW_CHAP,False,0.47046524
/content/drive/MyDrive/DeepWeeds/dataset/20180112-092647-1.jpg,8,DW_NEG,8,DW_NEG,True,0.7775846
/content/drive/MyDrive/DeepWeeds/dataset/20180112-092705-2.jpg,8,DW_NEG,8,DW_NEG,True,0.5703538
/content/drive/MyDrive/DeepWeeds/dataset/20180112-092752-1.jpg,8,DW_NEG,8,DW_NEG,True,0.77450967
/content/drive/MyDrive/DeepWeeds/dataset/20180112-092820-2.jpg,8,DW_NEG,7,DW_SNWE,False,0.76787376
/content/drive/MyDrive/DeepWeeds/dataset/20180112-092849-2.jpg,8,DW_NEG,7,DW_SNWE,False,0.49214768
/content/drive/MyDrive/DeepWeeds/dataset/20180112-093034-1.jpg,8,DW_NEG,8,DW_NEG,True,0.93839747
/content/drive/MyDrive/DeepWeeds/dataset/20180112-093055-1.jpg,8,DW_NEG,8,DW_NEG,True,0.6155337
/content/drive/MyDrive/DeepWeeds/dataset/20180112-093114-2.jpg,8,DW_NEG,8,DW_NEG,True,0.97516733
/content/drive/MyDrive/DeepWeeds/dataset/20180112-093145-1.jpg,8,DW_NEG,8,DW_NEG,True,0.9168651
/content/drive/MyDrive/DeepWeeds/dataset/20180112-093216-2.jpg,8,DW_NEG,7,DW_SNWE,False,0.3991661
/content/drive/MyDrive/DeepWeeds/dataset/20180112-093255-1.jpg,8,DW_NEG,0,DW_CHAP,False,0.66849846
/content/drive/MyDrive/DeepWeeds/dataset/20180112-093401-2.jpg,8,DW_NEG,7,DW_SNWE,False,0.5374527
/content/drive/MyDrive/DeepWeeds/dataset/20180112-093449-1.jpg,8,DW_NEG,8,DW_NEG,True,0.93396723
/content/drive/MyDrive/DeepWeeds/dataset/20180112-093522-2.jpg,8,DW_NEG,8,DW_NEG,True,0.8575678
/content/drive/MyDrive/DeepWeeds/dataset/20180112-093602-1.jpg,8,DW_NEG,8,DW_NEG,True,0.8328103
/content/drive/MyDrive/DeepWeeds/dataset/20180112-093602-2.jpg,8,DW_NEG,8,DW_NEG,True,0.6672831
/content/drive/MyDrive/DeepWeeds/dataset/20180112-093636-2.jpg,8,DW_NEG,8,DW_NEG,True,0.80542666
/content/drive/MyDrive/DeepWeeds/dataset/20180112-093646-1.jpg,8,DW_NEG,8,DW_NEG,True,0.92646205
/content/drive/MyDrive/DeepWeeds/dataset/20180112-093743-1.jpg,8,DW_NEG,7,DW_SNWE,False,0.32555202
/content/drive/MyDrive/DeepWeeds/dataset/20180112-093825-1.jpg,8,DW_NEG,0,DW_CHAP,False,0.5484875
/content/drive/MyDrive/DeepWeeds/dataset/20180112-093835-1.jpg,8,DW_NEG,8,DW_NEG,True,0.9139958
/content/drive/MyDrive/DeepWeeds/dataset/20180112-093951-1.jpg,8,DW_NEG,8,DW_NEG,True,0.9966372
/content/drive/MyDrive/DeepWeeds/dataset/20180112-094038-2.jpg,8,DW_NEG,8,DW_NEG,True,0.7707201
/content/drive/MyDrive/DeepWeeds/dataset/20180112-094122-2.jpg,8,DW_NEG,8,DW_NEG,True,0.961818
/content/drive/MyDrive/DeepWeeds/dataset/20180112-094216-1.jpg,8,DW_NEG,2,DW_PARK,False,0.81205136
/content/drive/MyDrive/DeepWeeds/dataset/20180112-094236-1.jpg,8,DW_NEG,8,DW_NEG,True,0.6495712
/content/drive/MyDrive/DeepWeeds/dataset/20180112-094305-1.jpg,8,DW_NEG,8,DW_NEG,True,0.6523336
/content/drive/MyDrive/DeepWeeds/dataset/20180112-094329-1.jpg,8,DW_NEG,8,DW_NEG,True,0.92054063
/content/drive/MyDrive/DeepWeeds/dataset/20180112-094343-1.jpg,8,DW_NEG,8,DW_NEG,True,0.93531895
/content/drive/MyDrive/DeepWeeds/dataset/20180112-094417-1.jpg,8,DW_NEG,8,DW_NEG,True,0.75958574
/content/drive/MyDrive/DeepWeeds/dataset/20180112-094500-2.jpg,8,DW_NEG,1,DW_LANT,False,0.73427594
/content/drive/MyDrive/DeepWeeds/dataset/20180112-094523-2.jpg,8,DW_NEG,1,DW_LANT,False,0.69922817
/content/drive/MyDrive/DeepWeeds/dataset/20180112-094534-2.jpg,8,DW_NEG,4,DW_PRAC,False,0.36602798
/content/drive/MyDrive/DeepWeeds/dataset/20180112-094620-1.jpg,8,DW_NEG,8,DW_NEG,True,0.9835179
/content/drive/MyDrive/DeepWeeds/dataset/20180112-094653-2.jpg,8,DW_NEG,8,DW_NEG,True,0.57686985
/content/drive/MyDrive/DeepWeeds/dataset/20180112-094723-1.jpg,8,DW_NEG,7,DW_SNWE,False,0.45000777
/content/drive/MyDrive/DeepWeeds/dataset/20180112-094807-2.jpg,8,DW_NEG,8,DW_NEG,True,0.9667233
/content/drive/MyDrive/DeepWeeds/dataset/20180112-095000-2.jpg,8,DW_NEG,8,DW_NEG,True,0.9709047
/content/drive/MyDrive/DeepWeeds/dataset/20180112-095104-2.jpg,8,DW_NEG,7,DW_SNWE,False,0.51332146
/content/drive/MyDrive/DeepWeeds/dataset/20180112-100517-1.jpg,8,DW_NEG,8,DW_NEG,True,0.98156744
/content/drive/MyDrive/DeepWeeds/dataset/20180112-100536-2.jpg,8,DW_NEG,8,DW_NEG,True,0.9060003
/content/drive/MyDrive/DeepWeeds/dataset/20180112-100613-1.jpg,8,DW_NEG,8,DW_NEG,True,0.63921344
/content/drive/MyDrive/DeepWeeds/dataset/20180112-100613-2.jpg,8,DW_NEG,8,DW_NEG,True,0.57245344
/content/drive/MyDrive/DeepWeeds/dataset/20180112-100705-1.jpg,8,DW_NEG,8,DW_NEG,True,0.97515637
/content/drive/MyDrive/DeepWeeds/dataset/20180112-100745-2.jpg,8,DW_NEG,8,DW_NEG,True,0.94982517
/content/drive/MyDrive/DeepWeeds/dataset/20180112-100832-2.jpg,8,DW_NEG,8,DW_NEG,True,0.8795431
/content/drive/MyDrive/DeepWeeds/dataset/20180112-100900-2.jpg,8,DW_NEG,8,DW_NEG,True,0.56007653
/content/drive/MyDrive/DeepWeeds/dataset/20180112-100910-2.jpg,8,DW_NEG,8,DW_NEG,True,0.41661257
/content/drive/MyDrive/DeepWeeds/dataset/20180112-100949-1.jpg,8,DW_NEG,8,DW_NEG,True,0.7971883
/content/drive/MyDrive/DeepWeeds/dataset/20180112-101020-2.jpg,8,DW_NEG,8,DW_NEG,True,0.5711795
/content/drive/MyDrive/DeepWeeds/dataset/20180112-101045-2.jpg,8,DW_NEG,8,DW_NEG,True,0.5515604
/content/drive/MyDrive/DeepWeeds/dataset/20180112-101202-2.jpg,8,DW_NEG,7,DW_SNWE,False,0.4842893
/content/drive/MyDrive/DeepWeeds/dataset/20180112-101305-2.jpg,8,DW_NEG,0,DW_CHAP,False,0.7990942
/content/drive/MyDrive/DeepWeeds/dataset/20180112-101335-2.jpg,8,DW_NEG,8,DW_NEG,True,0.7937497
/content/drive/MyDrive/DeepWeeds/dataset/20180112-101359-1.jpg,8,DW_NEG,2,DW_PARK,False,0.30138388
/content/drive/MyDrive/DeepWeeds/dataset/20180112-101417-2.jpg,8,DW_NEG,8,DW_NEG,True,0.84573895
/content/drive/MyDrive/DeepWeeds/dataset/20180112-101525-2.jpg,8,DW_NEG,8,DW_NEG,True,0.81176174
/content/drive/MyDrive/DeepWeeds/dataset/20180112-101539-1.jpg,8,DW_NEG,8,DW_NEG,True,0.96526104
/content/drive/MyDrive/DeepWeeds/dataset/20180112-101608-2.jpg,8,DW_NEG,8,DW_NEG,True,0.9590167
/content/drive/MyDrive/DeepWeeds/dataset/20180112-101643-1.jpg,8,DW_NEG,8,DW_NEG,True,0.90531343
/content/drive/MyDrive/DeepWeeds/dataset/20180112-101728-2.jpg,8,DW_NEG,8,DW_NEG,True,0.89623463
/content/drive/MyDrive/DeepWeeds/dataset/20180112-101747-1.jpg,8,DW_NEG,8,DW_NEG,True,0.801764
/content/drive/MyDrive/DeepWeeds/dataset/20180112-101815-1.jpg,8,DW_NEG,8,DW_NEG,True,0.93180645
/content/drive/MyDrive/DeepWeeds/dataset/20180112-101842-1.jpg,8,DW_NEG,8,DW_NEG,True,0.82765347
/content/drive/MyDrive/DeepWeeds/dataset/20180112-101854-2.jpg,8,DW_NEG,8,DW_NEG,True,0.9955499
/content/drive/MyDrive/DeepWeeds/dataset/20180112-102111-2.jpg,8,DW_NEG,8,DW_NEG,True,0.98474485
/content/drive/MyDrive/DeepWeeds/dataset/20180112-102259-2.jpg,8,DW_NEG,8,DW_NEG,True,0.99113035
/content/drive/MyDrive/DeepWeeds/dataset/20180112-102332-2.jpg,8,DW_NEG,8,DW_NEG,True,0.79130757
/content/drive/MyDrive/DeepWeeds/dataset/20180112-102402-2.jpg,8,DW_NEG,8,DW_NEG,True,0.8910954
/content/drive/MyDrive/DeepWeeds/dataset/20180112-102450-1.jpg,8,DW_NEG,8,DW_NEG,True,0.7427651
/content/drive/MyDrive/DeepWeeds/dataset/20180112-102450-2.jpg,8,DW_NEG,8,DW_NEG,True,0.90511906
/content/drive/MyDrive/DeepWeeds/dataset/20180112-102550-1.jpg,8,DW_NEG,8,DW_NEG,True,0.53897786
/content/drive/MyDrive/DeepWeeds/dataset/20180112-102613-2.jpg,8,DW_NEG,8,DW_NEG,True,0.9171286
/content/drive/MyDrive/DeepWeeds/dataset/20180112-102634-2.jpg,8,DW_NEG,8,DW_NEG,True,0.82671154
/content/drive/MyDrive/DeepWeeds/dataset/20180112-102657-1.jpg,8,DW_NEG,8,DW_NEG,True,0.99812084
/content/drive/MyDrive/DeepWeeds/dataset/20180112-102723-2.jpg,8,DW_NEG,8,DW_NEG,True,0.65940315
/content/drive/MyDrive/DeepWeeds/dataset/20180112-102811-2.jpg,8,DW_NEG,8,DW_NEG,True,0.68524534
/content/drive/MyDrive/DeepWeeds/dataset/20180112-102831-1.jpg,8,DW_NEG,8,DW_NEG,True,0.641897
/content/drive/MyDrive/DeepWeeds/dataset/20180112-102908-2.jpg,8,DW_NEG,8,DW_NEG,True,0.93737143
/content/drive/MyDrive/DeepWeeds/dataset/20180112-102936-2.jpg,8,DW_NEG,0,DW_CHAP,False,0.52542806
/content/drive/MyDrive/DeepWeeds/dataset/20180112-103034-1.jpg,8,DW_NEG,8,DW_NEG,True,0.97024757
/content/drive/MyDrive/DeepWeeds/dataset/20180112-103053-1.jpg,8,DW_NEG,0,DW_CHAP,False,0.6206433
/content/drive/MyDrive/DeepWeeds/dataset/20180112-103123-1.jpg,8,DW_NEG,8,DW_NEG,True,0.6740793
/content/drive/MyDrive/DeepWeeds/dataset/20180112-103209-1.jpg,8,DW_NEG,0,DW_CHAP,False,0.69496614
/content/drive/MyDrive/DeepWeeds/dataset/20180112-103310-2.jpg,8,DW_NEG,8,DW_NEG,True,0.9405416
/content/drive/MyDrive/DeepWeeds/dataset/20180112-103333-2.jpg,8,DW_NEG,8,DW_NEG,True,0.9547014
/content/drive/MyDrive/DeepWeeds/dataset/20180112-103449-2.jpg,8,DW_NEG,8,DW_NEG,True,0.9733758
/content/drive/MyDrive/DeepWeeds/dataset/20180112-103552-1.jpg,8,DW_NEG,8,DW_NEG,True,0.51589876
/content/drive/MyDrive/DeepWeeds/dataset/20180112-103618-2.jpg,8,DW_NEG,8,DW_NEG,True,0.89893645
/content/drive/MyDrive/DeepWeeds/dataset/20180112-103659-2.jpg,8,DW_NEG,8,DW_NEG,True,0.95980793
/content/drive/MyDrive/DeepWeeds/dataset/20180112-103709-1.jpg,8,DW_NEG,8,DW_NEG,True,0.79037374
/content/drive/MyDrive/DeepWeeds/dataset/20180112-103832-2.jpg,8,DW_NEG,8,DW_NEG,True,0.69904125
/content/drive/MyDrive/DeepWeeds/dataset/20180112-103948-2.jpg,8,DW_NEG,8,DW_NEG,True,0.54783076
/content/drive/MyDrive/DeepWeeds/dataset/20180112-104053-2.jpg,8,DW_NEG,8,DW_NEG,True,0.9757085
/content/drive/MyDrive/DeepWeeds/dataset/20180112-104200-2.jpg,8,DW_NEG,8,DW_NEG,True,0.9764484
/content/drive/MyDrive/DeepWeeds/dataset/20180112-104257-2.jpg,8,DW_NEG,8,DW_NEG,True,0.93854403
/content/drive/MyDrive/DeepWeeds/dataset/20180119-104336-1.jpg,8,DW_NEG,7,DW_SNWE,False,0.5464234
/content/drive/MyDrive/DeepWeeds/dataset/20180119-104505-1.jpg,8,DW_NEG,8,DW_NEG,True,0.9803852
/content/drive/MyDrive/DeepWeeds/dataset/20180119-104537-2.jpg,8,DW_NEG,8,DW_NEG,True,0.9905095
/content/drive/MyDrive/DeepWeeds/dataset/20180119-104600-1.jpg,8,DW_NEG,8,DW_NEG,True,0.7894304
/content/drive/MyDrive/DeepWeeds/dataset/20180119-104654-2.jpg,8,DW_NEG,8,DW_NEG,True,0.94085735
/content/drive/MyDrive/DeepWeeds/dataset/20180119-104741-1.jpg,8,DW_NEG,1,DW_LANT,False,0.8153538
/content/drive/MyDrive/DeepWeeds/dataset/20180119-104748-2.jpg,8,DW_NEG,8,DW_NEG,True,0.97118473
/content/drive/MyDrive/DeepWeeds/dataset/20180119-104826-1.jpg,8,DW_NEG,8,DW_NEG,True,0.6468877
/content/drive/MyDrive/DeepWeeds/dataset/20180119-104919-2.jpg,8,DW_NEG,8,DW_NEG,True,0.9374261
/content/drive/MyDrive/DeepWeeds/dataset/20180119-104958-1.jpg,8,DW_NEG,8,DW_NEG,True,0.9914336
/content/drive/MyDrive/DeepWeeds/dataset/20180119-105101-1.jpg,8,DW_NEG,8,DW_NEG,True,0.9839642
/content/drive/MyDrive/DeepWeeds/dataset/20180119-105125-1.jpg,8,DW_NEG,8,DW_NEG,True,0.99576724
/content/drive/MyDrive/DeepWeeds/dataset/20180119-105201-1.jpg,8,DW_NEG,8,DW_NEG,True,0.9317226
/content/drive/MyDrive/DeepWeeds/dataset/20180119-105231-1.jpg,8,DW_NEG,6,DW_SIWE,False,0.48861268
/content/drive/MyDrive/DeepWeeds/dataset/20180119-105259-1.jpg,8,DW_NEG,8,DW_NEG,True,0.9904095
/content/drive/MyDrive/DeepWeeds/dataset/20180119-105347-1.jpg,8,DW_NEG,8,DW_NEG,True,0.83977664
/content/drive/MyDrive/DeepWeeds/dataset/20180119-105407-1.jpg,8,DW_NEG,8,DW_NEG,True,0.910934
/content/drive/MyDrive/DeepWeeds/dataset/20180119-105628-1.jpg,8,DW_NEG,8,DW_NEG,True,0.8385673
/content/drive/MyDrive/DeepWeeds/dataset/20180119-105736-1.jpg,8,DW_NEG,8,DW_NEG,True,0.9629148
/content/drive/MyDrive/DeepWeeds/dataset/20180119-105823-1.jpg,8,DW_NEG,8,DW_NEG,True,0.62387407
/content/drive/MyDrive/DeepWeeds/dataset/20180119-105823-2.jpg,8,DW_NEG,1,DW_LANT,False,0.42775303
/content/drive/MyDrive/DeepWeeds/dataset/20180119-105837-2.jpg,8,DW_NEG,8,DW_NEG,True,0.9363083
/content/drive/MyDrive/DeepWeeds/dataset/20180119-105929-2.jpg,8,DW_NEG,8,DW_NEG,True,0.8190456
/content/drive/MyDrive/DeepWeeds/dataset/20180119-105952-2.jpg,8,DW_NEG,1,DW_LANT,False,0.41333997
/content/drive/MyDrive/DeepWeeds/dataset/20180119-110046-2.jpg,8,DW_NEG,8,DW_NEG,True,0.9949449
/content/drive/MyDrive/DeepWeeds/dataset/20180119-110105-1.jpg,8,DW_NEG,8,DW_NEG,True,0.99656564
/content/drive/MyDrive/DeepWeeds/dataset/20180119-110124-1.jpg,8,DW_NEG,8,DW_NEG,True,0.73367655
/content/drive/MyDrive/DeepWeeds/dataset/20180119-110218-2.jpg,8,DW_NEG,8,DW_NEG,True,0.9849991
/content/drive/MyDrive/DeepWeeds/dataset/20180119-110227-1.jpg,8,DW_NEG,8,DW_NEG,True,0.9307466
/content/drive/MyDrive/DeepWeeds/dataset/20180119-110255-1.jpg,8,DW_NEG,1,DW_LANT,False,0.401482
/content/drive/MyDrive/DeepWeeds/dataset/20180119-110317-2.jpg,8,DW_NEG,8,DW_NEG,True,0.99772745
/content/drive/MyDrive/DeepWeeds/dataset/20180119-110347-1.jpg,8,DW_NEG,8,DW_NEG,True,0.8270078
/content/drive/MyDrive/DeepWeeds/dataset/20180119-110347-2.jpg,8,DW_NEG,8,DW_NEG,True,0.9895837
/content/drive/MyDrive/DeepWeeds/dataset/20180119-110407-1.jpg,8,DW_NEG,5,DW_RUBV,False,0.92784935
/content/drive/MyDrive/DeepWeeds/dataset/20180119-110437-2.jpg,8,DW_NEG,8,DW_NEG,True,0.9741683
/content/drive/MyDrive/DeepWeeds/dataset/20180119-110505-1.jpg,8,DW_NEG,8,DW_NEG,True,0.836833
/content/drive/MyDrive/DeepWeeds/dataset/20180119-110537-2.jpg,8,DW_NEG,8,DW_NEG,True,0.85209846
/content/drive/MyDrive/DeepWeeds/dataset/20180119-110550-1.jpg,8,DW_NEG,8,DW_NEG,True,0.8132299
/content/drive/MyDrive/DeepWeeds/dataset/20180119-110709-1.jpg,8,DW_NEG,8,DW_NEG,True,0.8937764
/content/drive/MyDrive/DeepWeeds/dataset/20180119-110729-1.jpg,8,DW_NEG,8,DW_NEG,True,0.85219646
/content/drive/MyDrive/DeepWeeds/dataset/20180119-110729-2.jpg,8,DW_NEG,8,DW_NEG,True,0.8947399
/content/drive/MyDrive/DeepWeeds/dataset/20180119-110902-2.jpg,8,DW_NEG,8,DW_NEG,True,0.93186235
/content/drive/MyDrive/DeepWeeds/dataset/20180119-110933-1.jpg,8,DW_NEG,8,DW_NEG,True,0.75435394
/content/drive/MyDrive/DeepWeeds/dataset/20180119-111026-2.jpg,8,DW_NEG,8,DW_NEG,True,0.9842747
/content/drive/MyDrive/DeepWeeds/dataset/20180119-111050-2.jpg,8,DW_NEG,8,DW_NEG,True,0.41748917
/content/drive/MyDrive/DeepWeeds/dataset/20180119-111132-1.jpg,8,DW_NEG,8,DW_NEG,True,0.52161014
/content/drive/MyDrive/DeepWeeds/dataset/20180119-111200-2.jpg,8,DW_NEG,8,DW_NEG,True,0.98674786
/content/drive/MyDrive/DeepWeeds/dataset/20180119-111225-2.jpg,8,DW_NEG,8,DW_NEG,True,0.9217037
/content/drive/MyDrive/DeepWeeds/dataset/20180119-111241-1.jpg,8,DW_NEG,8,DW_NEG,True,0.40027377
/content/drive/MyDrive/DeepWeeds/dataset/20180119-111301-2.jpg,8,DW_NEG,8,DW_NEG,True,0.9447271
/content/drive/MyDrive/DeepWeeds/dataset/20180119-111328-2.jpg,8,DW_NEG,8,DW_NEG,True,0.9856149
/content/drive/MyDrive/DeepWeeds/dataset/20180119-111359-2.jpg,8,DW_NEG,8,DW_NEG,True,0.76965135
/content/drive/MyDrive/DeepWeeds/dataset/20180119-111450-1.jpg,8,DW_NEG,7,DW_SNWE,False,0.4911631
/content/drive/MyDrive/DeepWeeds/dataset/20180119-111554-2.jpg,8,DW_NEG,8,DW_NEG,True,0.9792574
/content/drive/MyDrive/DeepWeeds/dataset/20180119-111644-2.jpg,8,DW_NEG,8,DW_NEG,True,0.93495554
/content/drive/MyDrive/DeepWeeds/dataset/20180119-112837-2.jpg,8,DW_NEG,1,DW_LANT,False,0.9350559
/content/drive/MyDrive/DeepWeeds/dataset/20180119-112928-2.jpg,8,DW_NEG,8,DW_NEG,True,0.9447361
/content/drive/MyDrive/DeepWeeds/dataset/20180119-113009-2.jpg,8,DW_NEG,8,DW_NEG,True,0.9123295
/content/drive/MyDrive/DeepWeeds/dataset/20180119-113051-1.jpg,8,DW_NEG,8,DW_NEG,True,0.8134872
/content/drive/MyDrive/DeepWeeds/dataset/20180119-113105-2.jpg,8,DW_NEG,8,DW_NEG,True,0.9100592
/content/drive/MyDrive/DeepWeeds/dataset/20180119-113132-1.jpg,8,DW_NEG,1,DW_LANT,False,0.30847493
/content/drive/MyDrive/DeepWeeds/dataset/20180119-113158-1.jpg,8,DW_NEG,8,DW_NEG,True,0.70690346
/content/drive/MyDrive/DeepWeeds/dataset/20180119-113224-2.jpg,8,DW_NEG,8,DW_NEG,True,0.88166326
/content/drive/MyDrive/DeepWeeds/dataset/20180119-113309-1.jpg,8,DW_NEG,8,DW_NEG,True,0.95215356
/content/drive/MyDrive/DeepWeeds/dataset/20180119-113346-1.jpg,8,DW_NEG,8,DW_NEG,True,0.9250846
/content/drive/MyDrive/DeepWeeds/dataset/20180119-113422-1.jpg,8,DW_NEG,8,DW_NEG,True,0.98817796
/content/drive/MyDrive/DeepWeeds/dataset/20180119-113441-1.jpg,8,DW_NEG,8,DW_NEG,True,0.6760773
/content/drive/MyDrive/DeepWeeds/dataset/20180119-113500-2.jpg,8,DW_NEG,0,DW_CHAP,False,0.5113306
/content/drive/MyDrive/DeepWeeds/dataset/20180119-113547-1.jpg,8,DW_NEG,8,DW_NEG,True,0.4334382
/content/drive/MyDrive/DeepWeeds/dataset/20180119-113616-1.jpg,8,DW_NEG,8,DW_NEG,True,0.6848579
/content/drive/MyDrive/DeepWeeds/dataset/20180119-113650-2.jpg,8,DW_NEG,8,DW_NEG,True,0.9834858
/content/drive/MyDrive/DeepWeeds/dataset/20180119-113724-1.jpg,8,DW_NEG,1,DW_LANT,False,0.45264634
/content/drive/MyDrive/DeepWeeds/dataset/20180119-113724-2.jpg,8,DW_NEG,8,DW_NEG,True,0.9952702
/content/drive/MyDrive/DeepWeeds/dataset/20180119-113758-2.jpg,8,DW_NEG,8,DW_NEG,True,0.6127718
/content/drive/MyDrive/DeepWeeds/dataset/20180119-113829-1.jpg,8,DW_NEG,8,DW_NEG,True,0.9176137
/content/drive/MyDrive/DeepWeeds/dataset/20180119-113852-2.jpg,8,DW_NEG,8,DW_NEG,True,0.98784155
/content/drive/MyDrive/DeepWeeds/dataset/20180119-113936-1.jpg,8,DW_NEG,8,DW_NEG,True,0.75380135
/content/drive/MyDrive/DeepWeeds/dataset/20180119-114016-1.jpg,8,DW_NEG,1,DW_LANT,False,0.4003427
/content/drive/MyDrive/DeepWeeds/dataset/20180119-114049-1.jpg,8,DW_NEG,8,DW_NEG,True,0.4805115
/content/drive/MyDrive/DeepWeeds/dataset/20180119-114110-2.jpg,8,DW_NEG,8,DW_NEG,True,0.96611303
/content/drive/MyDrive/DeepWeeds/dataset/20180119-114131-2.jpg,8,DW_NEG,8,DW_NEG,True,0.7935343
/content/drive/MyDrive/DeepWeeds/dataset/20180119-114239-1.jpg,8,DW_NEG,1,DW_LANT,False,0.9581756
/content/drive/MyDrive/DeepWeeds/dataset/20180119-114305-1.jpg,8,DW_NEG,1,DW_LANT,False,0.51181835
/content/drive/MyDrive/DeepWeeds/dataset/20180119-114416-2.jpg,8,DW_NEG,8,DW_NEG,True,0.35371813
/content/drive/MyDrive/DeepWeeds/dataset/20180119-114446-2.jpg,8,DW_NEG,8,DW_NEG,True,0.77904326
/content/drive/MyDrive/DeepWeeds/dataset/20180119-114516-1.jpg,8,DW_NEG,8,DW_NEG,True,0.98293155
/content/drive/MyDrive/DeepWeeds/dataset/20180119-114533-1.jpg,8,DW_NEG,8,DW_NEG,True,0.99900454
/content/drive/MyDrive/DeepWeeds/dataset/20180119-114649-1.jpg,8,DW_NEG,8,DW_NEG,True,0.91436213
/content/drive/MyDrive/DeepWeeds/dataset/20180119-114718-1.jpg,8,DW_NEG,8,DW_NEG,True,0.746045
/content/drive/MyDrive/DeepWeeds/dataset/20180119-114801-2.jpg,8,DW_NEG,8,DW_NEG,True,0.8734564
/content/drive/MyDrive/DeepWeeds/dataset/20180119-114837-2.jpg,8,DW_NEG,8,DW_NEG,True,0.86315626
/content/drive/MyDrive/DeepWeeds/dataset/20180119-114910-1.jpg,8,DW_NEG,8,DW_NEG,True,0.9585505
/content/drive/MyDrive/DeepWeeds/dataset/20180119-114943-1.jpg,8,DW_NEG,8,DW_NEG,True,0.5576157
/content/drive/MyDrive/DeepWeeds/dataset/20180119-115013-2.jpg,8,DW_NEG,8,DW_NEG,True,0.97350186
/content/drive/MyDrive/DeepWeeds/dataset/20180119-115052-1.jpg,8,DW_NEG,8,DW_NEG,True,0.8781002
/content/drive/MyDrive/DeepWeeds/dataset/20180119-115120-1.jpg,8,DW_NEG,8,DW_NEG,True,0.90764296
/content/drive/MyDrive/DeepWeeds/dataset/20180119-115155-2.jpg,8,DW_NEG,8,DW_NEG,True,0.5171304
/content/drive/MyDrive/DeepWeeds/dataset/20180119-115240-2.jpg,8,DW_NEG,0,DW_CHAP,False,0.82377905
/content/drive/MyDrive/DeepWeeds/dataset/20180119-115303-1.jpg,8,DW_NEG,8,DW_NEG,True,0.77946436
/content/drive/MyDrive/DeepWeeds/dataset/20180119-115352-2.jpg,8,DW_NEG,1,DW_LANT,False,0.4686604
/content/drive/MyDrive/DeepWeeds/dataset/20180119-115404-1.jpg,8,DW_NEG,8,DW_NEG,True,0.92655474
/content/drive/MyDrive/DeepWeeds/dataset/20180119-115412-1.jpg,8,DW_NEG,8,DW_NEG,True,0.9281205
/content/drive/MyDrive/DeepWeeds/dataset/20180119-115455-2.jpg,8,DW_NEG,8,DW_NEG,True,0.5453132
/content/drive/MyDrive/DeepWeeds/dataset/20180119-115514-2.jpg,8,DW_NEG,5,DW_RUBV,False,0.5419181
/content/drive/MyDrive/DeepWeeds/dataset/20180119-115546-1.jpg,8,DW_NEG,8,DW_NEG,True,0.7753509
/content/drive/MyDrive/DeepWeeds/dataset/20180119-115613-1.jpg,8,DW_NEG,6,DW_SIWE,False,0.76573193
/content/drive/MyDrive/DeepWeeds/dataset/20180119-115613-2.jpg,8,DW_NEG,8,DW_NEG,True,0.99716115
/content/drive/MyDrive/DeepWeeds/dataset/20180119-115649-2.jpg,8,DW_NEG,8,DW_NEG,True,0.94969153
/content/drive/MyDrive/DeepWeeds/dataset/20180125-090927-1.jpg,8,DW_NEG,8,DW_NEG,True,0.99939966
/content/drive/MyDrive/DeepWeeds/dataset/20180125-090952-1.jpg,8,DW_NEG,8,DW_NEG,True,0.99762255
/content/drive/MyDrive/DeepWeeds/dataset/20180125-091151-1.jpg,8,DW_NEG,4,DW_PRAC,False,0.6903596
/content/drive/MyDrive/DeepWeeds/dataset/20180125-091252-2.jpg,8,DW_NEG,8,DW_NEG,True,0.99476683
/content/drive/MyDrive/DeepWeeds/dataset/20180125-091313-2.jpg,8,DW_NEG,8,DW_NEG,True,0.98746526
/content/drive/MyDrive/DeepWeeds/dataset/20180125-091342-1.jpg,8,DW_NEG,8,DW_NEG,True,0.9992399
/content/drive/MyDrive/DeepWeeds/dataset/20180125-091412-1.jpg,8,DW_NEG,8,DW_NEG,True,0.9954131
/content/drive/MyDrive/DeepWeeds/dataset/20180125-091440-2.jpg,8,DW_NEG,8,DW_NEG,True,0.9969309
/content/drive/MyDrive/DeepWeeds/dataset/20180125-091454-1.jpg,8,DW_NEG,8,DW_NEG,True,0.99972624
/content/drive/MyDrive/DeepWeeds/dataset/20180125-091537-1.jpg,8,DW_NEG,8,DW_NEG,True,0.99940324
/content/drive/MyDrive/DeepWeeds/dataset/20180125-091550-2.jpg,8,DW_NEG,8,DW_NEG,True,0.97397566
/content/drive/MyDrive/DeepWeeds/dataset/20180125-091609-2.jpg,8,DW_NEG,8,DW_NEG,True,0.99540496
/content/drive/MyDrive/DeepWeeds/dataset/20180125-091649-2.jpg,8,DW_NEG,8,DW_NEG,True,0.9963617
/content/drive/MyDrive/DeepWeeds/dataset/20180125-091742-2.jpg,8,DW_NEG,8,DW_NEG,True,0.9974808
/content/drive/MyDrive/DeepWeeds/dataset/20180125-091831-2.jpg,8,DW_NEG,8,DW_NEG,True,0.99756926
/content/drive/MyDrive/DeepWeeds/dataset/20180125-091855-2.jpg,8,DW_NEG,8,DW_NEG,True,0.7720823
/content/drive/MyDrive/DeepWeeds/dataset/20180125-091936-1.jpg,8,DW_NEG,8,DW_NEG,True,0.9981914
/content/drive/MyDrive/DeepWeeds/dataset/20180125-091956-2.jpg,8,DW_NEG,8,DW_NEG,True,0.99943846
/content/drive/MyDrive/DeepWeeds/dataset/20180125-092037-2.jpg,8,DW_NEG,8,DW_NEG,True,0.997672
/content/drive/MyDrive/DeepWeeds/dataset/20180125-092100-2.jpg,8,DW_NEG,8,DW_NEG,True,0.9320274
/content/drive/MyDrive/DeepWeeds/dataset/20180125-092118-2.jpg,8,DW_NEG,8,DW_NEG,True,0.99523646
/content/drive/MyDrive/DeepWeeds/dataset/20180125-092209-2.jpg,8,DW_NEG,8,DW_NEG,True,0.9997918
/content/drive/MyDrive/DeepWeeds/dataset/20180125-092215-1.jpg,8,DW_NEG,8,DW_NEG,True,0.9998072
/content/drive/MyDrive/DeepWeeds/dataset/20180125-092243-1.jpg,8,DW_NEG,8,DW_NEG,True,0.72349423
/content/drive/MyDrive/DeepWeeds/dataset/20180125-092311-2.jpg,8,DW_NEG,8,DW_NEG,True,0.9999
/content/drive/MyDrive/DeepWeeds/dataset/20180125-092355-2.jpg,8,DW_NEG,8,DW_NEG,True,0.9993679
/content/drive/MyDrive/DeepWeeds/dataset/20180125-092422-1.jpg,8,DW_NEG,8,DW_NEG,True,0.96260315
/content/drive/MyDrive/DeepWeeds/dataset/20180125-092521-2.jpg,8,DW_NEG,8,DW_NEG,True,0.9878324
/content/drive/MyDrive/DeepWeeds/dataset/20180125-092639-1.jpg,8,DW_NEG,8,DW_NEG,True,0.84592843
/content/drive/MyDrive/DeepWeeds/dataset/20180125-092712-2.jpg,8,DW_NEG,8,DW_NEG,True,0.99852645
/content/drive/MyDrive/DeepWeeds/dataset/20180125-092745-1.jpg,8,DW_NEG,8,DW_NEG,True,0.9997814
/content/drive/MyDrive/DeepWeeds/dataset/20180125-092822-2.jpg,8,DW_NEG,8,DW_NEG,True,0.9991672
/content/drive/MyDrive/DeepWeeds/dataset/20180125-092901-1.jpg,8,DW_NEG,8,DW_NEG,True,0.96679574
/content/drive/MyDrive/DeepWeeds/dataset/20180125-092922-1.jpg,8,DW_NEG,8,DW_NEG,True,0.9992988
/content/drive/MyDrive/DeepWeeds/dataset/20180125-092944-1.jpg,8,DW_NEG,8,DW_NEG,True,0.6684167
/content/drive/MyDrive/DeepWeeds/dataset/20180125-093025-1.jpg,8,DW_NEG,8,DW_NEG,True,0.98110664
/content/drive/MyDrive/DeepWeeds/dataset/20180125-093107-2.jpg,8,DW_NEG,8,DW_NEG,True,0.99288625
/content/drive/MyDrive/DeepWeeds/dataset/20180125-093140-2.jpg,8,DW_NEG,8,DW_NEG,True,0.9999362
/content/drive/MyDrive/DeepWeeds/dataset/20180125-093202-1.jpg,8,DW_NEG,8,DW_NEG,True,0.9975579
/content/drive/MyDrive/DeepWeeds/dataset/20180125-093233-2.jpg,8,DW_NEG,8,DW_NEG,True,0.94571424
/content/drive/MyDrive/DeepWeeds/dataset/20180125-093306-1.jpg,8,DW_NEG,8,DW_NEG,True,0.93703145
/content/drive/MyDrive/DeepWeeds/dataset/20180125-093357-1.jpg,8,DW_NEG,8,DW_NEG,True,0.97859895
/content/drive/MyDrive/DeepWeeds/dataset/20180125-093429-2.jpg,8,DW_NEG,8,DW_NEG,True,0.9981659
/content/drive/MyDrive/DeepWeeds/dataset/20180125-093504-1.jpg,8,DW_NEG,8,DW_NEG,True,0.66627777
/content/drive/MyDrive/DeepWeeds/dataset/20180125-093535-2.jpg,8,DW_NEG,8,DW_NEG,True,0.9899739
/content/drive/MyDrive/DeepWeeds/dataset/20180125-093623-2.jpg,8,DW_NEG,8,DW_NEG,True,0.9992526
/content/drive/MyDrive/DeepWeeds/dataset/20180125-093659-2.jpg,8,DW_NEG,8,DW_NEG,True,0.99721044
/content/drive/MyDrive/DeepWeeds/dataset/20180125-093721-2.jpg,8,DW_NEG,8,DW_NEG,True,0.95419514
/content/drive/MyDrive/DeepWeeds/dataset/20180125-093817-2.jpg,8,DW_NEG,8,DW_NEG,True,0.9983689
/content/drive/MyDrive/DeepWeeds/dataset/20180125-093851-2.jpg,8,DW_NEG,8,DW_NEG,True,0.9970734
/content/drive/MyDrive/DeepWeeds/dataset/20180125-093935-1.jpg,8,DW_NEG,8,DW_NEG,True,0.93314606
/content/drive/MyDrive/DeepWeeds/dataset/20180125-093958-2.jpg,8,DW_NEG,8,DW_NEG,True,0.97644466
/content/drive/MyDrive/DeepWeeds/dataset/20180125-094030-1.jpg,8,DW_NEG,8,DW_NEG,True,0.9971584
/content/drive/MyDrive/DeepWeeds/dataset/20180125-094059-2.jpg,8,DW_NEG,4,DW_PRAC,False,0.5119728
/content/drive/MyDrive/DeepWeeds/dataset/20180125-094141-2.jpg,8,DW_NEG,4,DW_PRAC,False,0.8788077
/content/drive/MyDrive/DeepWeeds/dataset/20180125-094205-1.jpg,8,DW_NEG,8,DW_NEG,True,0.95611936
/content/drive/MyDrive/DeepWeeds/dataset/20180125-094229-2.jpg,8,DW_NEG,8,DW_NEG,True,0.94466454
/content/drive/MyDrive/DeepWeeds/dataset/20180125-094259-1.jpg,8,DW_NEG,8,DW_NEG,True,0.99960953
/content/drive/MyDrive/DeepWeeds/dataset/20180125-094326-2.jpg,8,DW_NEG,4,DW_PRAC,False,0.60302746
/content/drive/MyDrive/DeepWeeds/dataset/20180125-094400-1.jpg,8,DW_NEG,8,DW_NEG,True,0.96692055
/content/drive/MyDrive/DeepWeeds/dataset/20180125-094408-2.jpg,8,DW_NEG,8,DW_NEG,True,0.9928577
/content/drive/MyDrive/DeepWeeds/dataset/20180125-094501-2.jpg,8,DW_NEG,8,DW_NEG,True,0.8689634
/content/drive/MyDrive/DeepWeeds/dataset/20180125-094825-1.jpg,8,DW_NEG,8,DW_NEG,True,0.9775804
/content/drive/MyDrive/DeepWeeds/dataset/20180125-094934-2.jpg,8,DW_NEG,8,DW_NEG,True,0.8471985
/content/drive/MyDrive/DeepWeeds/dataset/20180125-094949-1.jpg,8,DW_NEG,8,DW_NEG,True,0.64917713
/content/drive/MyDrive/DeepWeeds/dataset/20180125-095041-2.jpg,8,DW_NEG,8,DW_NEG,True,0.9505172
/content/drive/MyDrive/DeepWeeds/dataset/20180125-095050-2.jpg,8,DW_NEG,8,DW_NEG,True,0.97018754
/content/drive/MyDrive/DeepWeeds/dataset/20180125-095132-2.jpg,8,DW_NEG,8,DW_NEG,True,0.83033967
/content/drive/MyDrive/DeepWeeds/dataset/20180125-095134-1.jpg,8,DW_NEG,8,DW_NEG,True,0.9455719
/content/drive/MyDrive/DeepWeeds/dataset/20180125-095232-2.jpg,8,DW_NEG,8,DW_NEG,True,0.8134616
/content/drive/MyDrive/DeepWeeds/dataset/20180125-095258-1.jpg,8,DW_NEG,8,DW_NEG,True,0.98469675
/content/drive/MyDrive/DeepWeeds/dataset/20180125-095308-1.jpg,8,DW_NEG,8,DW_NEG,True,0.77871114
/content/drive/MyDrive/DeepWeeds/dataset/20180125-095400-2.jpg,8,DW_NEG,8,DW_NEG,True,0.99041736
/content/drive/MyDrive/DeepWeeds/dataset/20180125-095445-2.jpg,8,DW_NEG,8,DW_NEG,True,0.73113436
/content/drive/MyDrive/DeepWeeds/dataset/20180125-095541-2.jpg,8,DW_NEG,8,DW_NEG,True,0.9960681
/content/drive/MyDrive/DeepWeeds/dataset/20180125-095559-2.jpg,8,DW_NEG,8,DW_NEG,True,0.9819073
/content/drive/MyDrive/DeepWeeds/dataset/20180125-095644-1.jpg,8,DW_NEG,8,DW_NEG,True,0.9727118
/content/drive/MyDrive/DeepWeeds/dataset/20180125-095715-1.jpg,8,DW_NEG,8,DW_NEG,True,0.9965327
/content/drive/MyDrive/DeepWeeds/dataset/20180125-095732-2.jpg,8,DW_NEG,8,DW_NEG,True,0.8589853
/content/drive/MyDrive/DeepWeeds/dataset/20180125-095801-2.jpg,8,DW_NEG,8,DW_NEG,True,0.96039957
/content/drive/MyDrive/DeepWeeds/dataset/20180125-095833-2.jpg,8,DW_NEG,8,DW_NEG,True,0.95613396
/content/drive/MyDrive/DeepWeeds/dataset/20180125-095855-1.jpg,8,DW_NEG,4,DW_PRAC,False,0.53782153
/content/drive/MyDrive/DeepWeeds/dataset/20180125-095929-1.jpg,8,DW_NEG,8,DW_NEG,True,0.9857766
/content/drive/MyDrive/DeepWeeds/dataset/20180125-100003-1.jpg,8,DW_NEG,8,DW_NEG,True,0.82286066
/content/drive/MyDrive/DeepWeeds/dataset/20180125-100037-2.jpg,8,DW_NEG,8,DW_NEG,True,0.67700493
/content/drive/MyDrive/DeepWeeds/dataset/20180125-100125-1.jpg,8,DW_NEG,8,DW_NEG,True,0.9987888
/content/drive/MyDrive/DeepWeeds/dataset/20180125-100158-2.jpg,8,DW_NEG,3,DW_PART,False,0.49587604
/content/drive/MyDrive/DeepWeeds/dataset/20180125-100234-2.jpg,8,DW_NEG,8,DW_NEG,True,0.8389217
/content/drive/MyDrive/DeepWeeds/dataset/20180125-100317-2.jpg,8,DW_NEG,8,DW_NEG,True,0.9476568
/content/drive/MyDrive/DeepWeeds/dataset/20180125-100345-2.jpg,8,DW_NEG,8,DW_NEG,True,0.8723535
/content/drive/MyDrive/DeepWeeds/dataset/20180125-100425-1.jpg,8,DW_NEG,8,DW_NEG,True,0.9774355
/content/drive/MyDrive/DeepWeeds/dataset/20180125-100444-2.jpg,8,DW_NEG,8,DW_NEG,True,0.54661095
/content/drive/MyDrive/DeepWeeds/dataset/20180125-100508-1.jpg,8,DW_NEG,8,DW_NEG,True,0.9903565
/content/drive/MyDrive/DeepWeeds/dataset/20180125-100545-1.jpg,8,DW_NEG,8,DW_NEG,True,0.9991462
/content/drive/MyDrive/DeepWeeds/dataset/20180125-100620-2.jpg,8,DW_NEG,8,DW_NEG,True,0.95169383
/content/drive/MyDrive/DeepWeeds/dataset/20180125-100640-1.jpg,8,DW_NEG,8,DW_NEG,True,0.9970366
/content/drive/MyDrive/DeepWeeds/dataset/20180125-100726-2.jpg,8,DW_NEG,8,DW_NEG,True,0.62006867
/content/drive/MyDrive/DeepWeeds/dataset/20180125-100736-2.jpg,8,DW_NEG,8,DW_NEG,True,0.9822725
/content/drive/MyDrive/DeepWeeds/dataset/20180125-100826-2.jpg,8,DW_NEG,8,DW_NEG,True,0.95659935
/content/drive/MyDrive/DeepWeeds/dataset/20180125-100907-1.jpg,8,DW_NEG,8,DW_NEG,True,0.9777998
/content/drive/MyDrive/DeepWeeds/dataset/20180125-100950-1.jpg,8,DW_NEG,8,DW_NEG,True,0.9692937
/content/drive/MyDrive/DeepWeeds/dataset/20180125-101006-2.jpg,8,DW_NEG,8,DW_NEG,True,0.84273595
/content/drive/MyDrive/DeepWeeds/dataset/20180125-101053-2.jpg,8,DW_NEG,8,DW_NEG,True,0.922105
/content/drive/MyDrive/DeepWeeds/dataset/20180125-101111-2.jpg,8,DW_NEG,8,DW_NEG,True,0.98997647
/content/drive/MyDrive/DeepWeeds/dataset/20180125-101152-2.jpg,8,DW_NEG,8,DW_NEG,True,0.9904136
/content/drive/MyDrive/DeepWeeds/dataset/20180125-101251-2.jpg,8,DW_NEG,8,DW_NEG,True,0.986971
/content/drive/MyDrive/DeepWeeds/dataset/20180125-101302-1.jpg,8,DW_NEG,8,DW_NEG,True,0.9946301
/content/drive/MyDrive/DeepWeeds/dataset/20180125-101402-2.jpg,8,DW_NEG,8,DW_NEG,True,0.9745209
/content/drive/MyDrive/DeepWeeds/dataset/20180125-101406-1.jpg,8,DW_NEG,8,DW_NEG,True,0.91762257
/content/drive/MyDrive/DeepWeeds/dataset/20180125-101625-1.jpg,8,DW_NEG,6,DW_SIWE,False,0.37344056
/content/drive/MyDrive/DeepWeeds/dataset/20180125-101659-2.jpg,8,DW_NEG,8,DW_NEG,True,0.89493585
/content/drive/MyDrive/DeepWeeds/dataset/20180125-101748-2.jpg,8,DW_NEG,8,DW_NEG,True,0.9418956
/content/drive/MyDrive/DeepWeeds/dataset/20180125-101858-1.jpg,8,DW_NEG,5,DW_RUBV,False,0.49793154
/content/drive/MyDrive/DeepWeeds/dataset/20180125-101917-1.jpg,8,DW_NEG,8,DW_NEG,True,0.91991913
/content/drive/MyDrive/DeepWeeds/dataset/20180125-102010-2.jpg,8,DW_NEG,8,DW_NEG,True,0.9929264
/content/drive/MyDrive/DeepWeeds/dataset/20180125-102044-1.jpg,8,DW_NEG,6,DW_SIWE,False,0.7345844
/content/drive/MyDrive/DeepWeeds/dataset/20180125-102104-1.jpg,8,DW_NEG,8,DW_NEG,True,0.91505325
/content/drive/MyDrive/DeepWeeds/dataset/20180125-102143-1.jpg,8,DW_NEG,0,DW_CHAP,False,0.43010905
/content/drive/MyDrive/DeepWeeds/dataset/20180125-123133-2.jpg,8,DW_NEG,8,DW_NEG,True,0.9139851
/content/drive/MyDrive/DeepWeeds/dataset/20180125-123305-2.jpg,8,DW_NEG,8,DW_NEG,True,0.9871339
/content/drive/MyDrive/DeepWeeds/dataset/20180125-125759-2.jpg,8,DW_NEG,8,DW_NEG,True,0.9721172
/content/drive/MyDrive/DeepWeeds/dataset/20180125-125843-2.jpg,8,DW_NEG,8,DW_NEG,True,0.9843944
/content/drive/MyDrive/DeepWeeds/dataset/20180125-125934-3.jpg,8,DW_NEG,8,DW_NEG,True,0.9965437
/content/drive/MyDrive/DeepWeeds/dataset/20180125-125955-2.jpg,8,DW_NEG,8,DW_NEG,True,0.9875174
/content/drive/MyDrive/DeepWeeds/dataset/20180125-130045-2.jpg,8,DW_NEG,8,DW_NEG,True,0.890979
/content/drive/MyDrive/DeepWeeds/dataset/20180125-130106-3.jpg,8,DW_NEG,8,DW_NEG,True,0.9973199
/content/drive/MyDrive/DeepWeeds/dataset/20180125-130149-2.jpg,8,DW_NEG,8,DW_NEG,True,0.88386935
/content/drive/MyDrive/DeepWeeds/dataset/20180125-130209-2.jpg,8,DW_NEG,8,DW_NEG,True,0.92708397
/content/drive/MyDrive/DeepWeeds/dataset/20180125-130254-3.jpg,8,DW_NEG,8,DW_NEG,True,0.4431017
/content/drive/MyDrive/DeepWeeds/dataset/20180125-130301-3.jpg,8,DW_NEG,1,DW_LANT,False,0.3490123
/content/drive/MyDrive/DeepWeeds/dataset/20180125-130342-2.jpg,8,DW_NEG,8,DW_NEG,True,0.99115914
/content/drive/MyDrive/DeepWeeds/dataset/20180125-130359-3.jpg,8,DW_NEG,1,DW_LANT,False,0.55907017
/content/drive/MyDrive/DeepWeeds/dataset/20180125-130415-3.jpg,8,DW_NEG,8,DW_NEG,True,0.68609357
/content/drive/MyDrive/DeepWeeds/dataset/20180125-130453-3.jpg,8,DW_NEG,8,DW_NEG,True,0.78316224
/content/drive/MyDrive/DeepWeeds/dataset/20180125-130522-3.jpg,8,DW_NEG,8,DW_NEG,True,0.5012724
/content/drive/MyDrive/DeepWeeds/dataset/20180125-130938-2.jpg,8,DW_NEG,8,DW_NEG,True,0.9648645
/content/drive/MyDrive/DeepWeeds/dataset/20180125-131046-3.jpg,8,DW_NEG,8,DW_NEG,True,0.94690514
/content/drive/MyDrive/DeepWeeds/dataset/20180125-131050-2.jpg,8,DW_NEG,8,DW_NEG,True,0.9952615
/content/drive/MyDrive/DeepWeeds/dataset/20180125-131121-2.jpg,8,DW_NEG,8,DW_NEG,True,0.98999655
/content/drive/MyDrive/DeepWeeds/dataset/20180125-131150-3.jpg,8,DW_NEG,8,DW_NEG,True,0.4536177
/content/drive/MyDrive/DeepWeeds/dataset/20180125-131150-2.jpg,8,DW_NEG,8,DW_NEG,True,0.9734282
/content/drive/MyDrive/DeepWeeds/dataset/20180125-131215-3.jpg,8,DW_NEG,8,DW_NEG,True,0.8792425
/content/drive/MyDrive/DeepWeeds/dataset/20180125-131248-3.jpg,8,DW_NEG,8,DW_NEG,True,0.8883975
/content/drive/MyDrive/DeepWeeds/dataset/20180125-131323-3.jpg,8,DW_NEG,8,DW_NEG,True,0.7467907
/content/drive/MyDrive/DeepWeeds/dataset/20180125-131358-3.jpg,8,DW_NEG,7,DW_SNWE,False,0.454652
/content/drive/MyDrive/DeepWeeds/dataset/20180125-131432-2.jpg,8,DW_NEG,8,DW_NEG,True,0.9955959
/content/drive/MyDrive/DeepWeeds/dataset/20180125-131503-2.jpg,8,DW_NEG,8,DW_NEG,True,0.8284698
/content/drive/MyDrive/DeepWeeds/dataset/20180125-131545-2.jpg,8,DW_NEG,8,DW_NEG,True,0.6624092
/content/drive/MyDrive/DeepWeeds/dataset/20180125-131604-3.jpg,8,DW_NEG,8,DW_NEG,True,0.77700496
/content/drive/MyDrive/DeepWeeds/dataset/20180125-131634-2.jpg,8,DW_NEG,8,DW_NEG,True,0.9766841
/content/drive/MyDrive/DeepWeeds/dataset/20180125-131707-2.jpg,8,DW_NEG,8,DW_NEG,True,0.94891393
/content/drive/MyDrive/DeepWeeds/dataset/20180125-131723-3.jpg,8,DW_NEG,8,DW_NEG,True,0.9829297
/content/drive/MyDrive/DeepWeeds/dataset/20180125-131822-2.jpg,8,DW_NEG,8,DW_NEG,True,0.95338494
/content/drive/MyDrive/DeepWeeds/dataset/20180125-131905-2.jpg,8,DW_NEG,8,DW_NEG,True,0.9982072
/content/drive/MyDrive/DeepWeeds/dataset/20180125-131912-3.jpg,8,DW_NEG,8,DW_NEG,True,0.6740678
/content/drive/MyDrive/DeepWeeds/dataset/20180125-131950-2.jpg,8,DW_NEG,8,DW_NEG,True,0.98379827
/content/drive/MyDrive/DeepWeeds/dataset/20180125-132037-2.jpg,8,DW_NEG,8,DW_NEG,True,0.864495
/content/drive/MyDrive/DeepWeeds/dataset/20180125-132051-3.jpg,8,DW_NEG,8,DW_NEG,True,0.48511362
/content/drive/MyDrive/DeepWeeds/dataset/20180125-132122-2.jpg,8,DW_NEG,8,DW_NEG,True,0.9550613
/content/drive/MyDrive/DeepWeeds/dataset/20180125-132159-2.jpg,8,DW_NEG,8,DW_NEG,True,0.92549306
/content/drive/MyDrive/DeepWeeds/dataset/20180125-132200-3.jpg,8,DW_NEG,7,DW_SNWE,False,0.51689035
/content/drive/MyDrive/DeepWeeds/dataset/20180125-132309-3.jpg,8,DW_NEG,8,DW_NEG,True,0.3132415
/content/drive/MyDrive/DeepWeeds/dataset/20180125-132309-2.jpg,8,DW_NEG,8,DW_NEG,True,0.8188105
/content/drive/MyDrive/DeepWeeds/dataset/20180125-132332-3.jpg,8,DW_NEG,6,DW_SIWE,False,0.63149095
/content/drive/MyDrive/DeepWeeds/dataset/20180125-132416-3.jpg,8,DW_NEG,8,DW_NEG,True,0.42232165
/content/drive/MyDrive/DeepWeeds/dataset/20180125-132440-3.jpg,8,DW_NEG,8,DW_NEG,True,0.9709306
/content/drive/MyDrive/DeepWeeds/dataset/20180125-132508-2.jpg,8,DW_NEG,8,DW_NEG,True,0.92070544
/content/drive/MyDrive/DeepWeeds/dataset/20180125-132605-2.jpg,8,DW_NEG,8,DW_NEG,True,0.97070515
/content/drive/MyDrive/DeepWeeds/dataset/20180125-132622-3.jpg,8,DW_NEG,8,DW_NEG,True,0.928689
/content/drive/MyDrive/DeepWeeds/dataset/20180125-132718-3.jpg,8,DW_NEG,6,DW_SIWE,False,0.77715355
/content/drive/MyDrive/DeepWeeds/dataset/20180125-132815-2.jpg,8,DW_NEG,8,DW_NEG,True,0.9746046
/content/drive/MyDrive/DeepWeeds/dataset/20180125-132847-3.jpg,8,DW_NEG,8,DW_NEG,True,0.9649081
/content/drive/MyDrive/DeepWeeds/dataset/20180125-132847-2.jpg,8,DW_NEG,8,DW_NEG,True,0.99775773
/content/drive/MyDrive/DeepWeeds/dataset/20180125-132908-3.jpg,8,DW_NEG,8,DW_NEG,True,0.8896944
/content/drive/MyDrive/DeepWeeds/dataset/20180125-132956-2.jpg,8,DW_NEG,8,DW_NEG,True,0.9760031
/content/drive/MyDrive/DeepWeeds/dataset/20180125-133054-2.jpg,8,DW_NEG,8,DW_NEG,True,0.9980147
/content/drive/MyDrive/DeepWeeds/dataset/20180125-133127-2.jpg,8,DW_NEG,8,DW_NEG,True,0.9927154
/content/drive/MyDrive/DeepWeeds/dataset/20180125-133152-3.jpg,8,DW_NEG,1,DW_LANT,False,0.5701033
/content/drive/MyDrive/DeepWeeds/dataset/20180125-133246-2.jpg,8,DW_NEG,8,DW_NEG,True,0.99460816
/content/drive/MyDrive/DeepWeeds/dataset/20180125-133315-2.jpg,8,DW_NEG,8,DW_NEG,True,0.95510656
/content/drive/MyDrive/DeepWeeds/dataset/20180125-133357-2.jpg,8,DW_NEG,8,DW_NEG,True,0.9980305
/content/drive/MyDrive/DeepWeeds/dataset/20180125-133523-2.jpg,8,DW_NEG,8,DW_NEG,True,0.9853436
/content/drive/MyDrive/DeepWeeds/dataset/20180125-133822-3.jpg,8,DW_NEG,6,DW_SIWE,False,0.39437112
/content/drive/MyDrive/DeepWeeds/dataset/20180125-133857-3.jpg,8,DW_NEG,7,DW_SNWE,False,0.5933686
/content/drive/MyDrive/DeepWeeds/dataset/20180125-133946-3.jpg,8,DW_NEG,4,DW_PRAC,False,0.48574644
/content/drive/MyDrive/DeepWeeds/dataset/20180125-134042-3.jpg,8,DW_NEG,8,DW_NEG,True,0.54927856
/content/drive/MyDrive/DeepWeeds/dataset/20180125-134055-3.jpg,8,DW_NEG,8,DW_NEG,True,0.90640265
/content/drive/MyDrive/DeepWeeds/dataset/20180125-134204-2.jpg,8,DW_NEG,8,DW_NEG,True,0.9389987
/content/drive/MyDrive/DeepWeeds/dataset/20180125-134215-2.jpg,8,DW_NEG,8,DW_NEG,True,0.973625
/content/drive/MyDrive/DeepWeeds/dataset/20180125-134245-3.jpg,8,DW_NEG,8,DW_NEG,True,0.4518821
/content/drive/MyDrive/DeepWeeds/dataset/20180125-134255-3.jpg,8,DW_NEG,8,DW_NEG,True,0.5849276
/content/drive/MyDrive/DeepWeeds/dataset/20180125-134338-2.jpg,8,DW_NEG,8,DW_NEG,True,0.8960549
/content/drive/MyDrive/DeepWeeds/dataset/20180125-134356-2.jpg,8,DW_NEG,8,DW_NEG,True,0.97524434
/content/drive/MyDrive/DeepWeeds/dataset/20180125-134446-3.jpg,8,DW_NEG,0,DW_CHAP,False,0.30007505
/content/drive/MyDrive/DeepWeeds/dataset/20180125-134531-3.jpg,8,DW_NEG,8,DW_NEG,True,0.88449967
/content/drive/MyDrive/DeepWeeds/dataset/20180125-134612-2.jpg,8,DW_NEG,8,DW_NEG,True,0.96363574
/content/drive/MyDrive/DeepWeeds/dataset/20180125-134635-3.jpg,8,DW_NEG,8,DW_NEG,True,0.47790548
/content/drive/MyDrive/DeepWeeds/dataset/20180125-134710-3.jpg,8,DW_NEG,8,DW_NEG,True,0.7714633
/content/drive/MyDrive/DeepWeeds/dataset/20180125-134736-2.jpg,8,DW_NEG,8,DW_NEG,True,0.7681379
/content/drive/MyDrive/DeepWeeds/dataset/20180125-134837-3.jpg,8,DW_NEG,6,DW_SIWE,False,0.4269272
/content/drive/MyDrive/DeepWeeds/dataset/20180125-134909-3.jpg,8,DW_NEG,8,DW_NEG,True,0.6472305
/content/drive/MyDrive/DeepWeeds/dataset/20180125-134928-3.jpg,8,DW_NEG,4,DW_PRAC,False,0.5559805
/content/drive/MyDrive/DeepWeeds/dataset/20180125-135018-3.jpg,8,DW_NEG,8,DW_NEG,True,0.5568966
/content/drive/MyDrive/DeepWeeds/dataset/20180125-135107-3.jpg,8,DW_NEG,7,DW_SNWE,False,0.6330292
/content/drive/MyDrive/DeepWeeds/dataset/20180125-135122-3.jpg,8,DW_NEG,0,DW_CHAP,False,0.44842762
/content/drive/MyDrive/DeepWeeds/dataset/20180125-135154-3.jpg,8,DW_NEG,8,DW_NEG,True,0.8577637
/content/drive/MyDrive/DeepWeeds/dataset/20180125-135211-3.jpg,8,DW_NEG,8,DW_NEG,True,0.9377059
/content/drive/MyDrive/DeepWeeds/dataset/20180125-135306-3.jpg,8,DW_NEG,8,DW_NEG,True,0.8962684
/content/drive/MyDrive/DeepWeeds/dataset/20180125-135417-3.jpg,8,DW_NEG,8,DW_NEG,True,0.7364283
/content/drive/MyDrive/DeepWeeds/dataset/20180125-135458-3.jpg,8,DW_NEG,8,DW_NEG,True,0.55964816
/content/drive/MyDrive/DeepWeeds/dataset/20180125-135545-3.jpg,8,DW_NEG,8,DW_NEG,True,0.5321553
/content/drive/MyDrive/DeepWeeds/dataset/20180125-135642-3.jpg,8,DW_NEG,8,DW_NEG,True,0.7349594
/content/drive/MyDrive/DeepWeeds/dataset/20180125-135700-3.jpg,8,DW_NEG,8,DW_NEG,True,0.7070527
/content/drive/MyDrive/DeepWeeds/dataset/20180322-102450-2.jpg,8,DW_NEG,8,DW_NEG,True,0.9638546
/content/drive/MyDrive/DeepWeeds/dataset/20180322-102724-1.jpg,8,DW_NEG,8,DW_NEG,True,0.81209475
/content/drive/MyDrive/DeepWeeds/dataset/20180322-102756-2.jpg,8,DW_NEG,8,DW_NEG,True,0.8568037
/content/drive/MyDrive/DeepWeeds/dataset/20180322-102908-1.jpg,8,DW_NEG,4,DW_PRAC,False,0.459217
/content/drive/MyDrive/DeepWeeds/dataset/20180322-102956-1.jpg,8,DW_NEG,8,DW_NEG,True,0.91896266
/content/drive/MyDrive/DeepWeeds/dataset/20180322-103028-1.jpg,8,DW_NEG,8,DW_NEG,True,0.51394945
/content/drive/MyDrive/DeepWeeds/dataset/20180322-103048-1.jpg,8,DW_NEG,8,DW_NEG,True,0.6991303
/content/drive/MyDrive/DeepWeeds/dataset/20180322-103155-1.jpg,8,DW_NEG,4,DW_PRAC,False,0.86282355
/content/drive/MyDrive/DeepWeeds/dataset/20180322-103225-1.jpg,8,DW_NEG,8,DW_NEG,True,0.8327457
/content/drive/MyDrive/DeepWeeds/dataset/20180322-103258-2.jpg,8,DW_NEG,8,DW_NEG,True,0.7447154
/content/drive/MyDrive/DeepWeeds/dataset/20180322-103330-1.jpg,8,DW_NEG,1,DW_LANT,False,0.39897504
/content/drive/MyDrive/DeepWeeds/dataset/20180322-103426-1.jpg,8,DW_NEG,8,DW_NEG,True,0.9819597
/content/drive/MyDrive/DeepWeeds/dataset/20180322-103509-2.jpg,8,DW_NEG,8,DW_NEG,True,0.772637
/content/drive/MyDrive/DeepWeeds/dataset/20180322-103643-2.jpg,8,DW_NEG,8,DW_NEG,True,0.9925882
/content/drive/MyDrive/DeepWeeds/dataset/20180322-103658-2.jpg,8,DW_NEG,8,DW_NEG,True,0.9954594
/content/drive/MyDrive/DeepWeeds/dataset/20180322-103820-1.jpg,8,DW_NEG,8,DW_NEG,True,0.3440613
/content/drive/MyDrive/DeepWeeds/dataset/20180322-103947-1.jpg,8,DW_NEG,4,DW_PRAC,False,0.9204964
/content/drive/MyDrive/DeepWeeds/dataset/20180322-103953-2.jpg,8,DW_NEG,8,DW_NEG,True,0.94243836
/content/drive/MyDrive/DeepWeeds/dataset/20180322-104016-2.jpg,8,DW_NEG,8,DW_NEG,True,0.9763073
/content/drive/MyDrive/DeepWeeds/dataset/20180322-104057-1.jpg,8,DW_NEG,4,DW_PRAC,False,0.5012496
/content/drive/MyDrive/DeepWeeds/dataset/20180322-104126-1.jpg,8,DW_NEG,8,DW_NEG,True,0.8908645
/content/drive/MyDrive/DeepWeeds/dataset/20180322-104201-1.jpg,8,DW_NEG,8,DW_NEG,True,0.88500106
/content/drive/MyDrive/DeepWeeds/dataset/20180322-104305-1.jpg,8,DW_NEG,8,DW_NEG,True,0.64657545
/content/drive/MyDrive/DeepWeeds/dataset/20180322-104325-2.jpg,8,DW_NEG,8,DW_NEG,True,0.9444416
/content/drive/MyDrive/DeepWeeds/dataset/20180322-104408-1.jpg,8,DW_NEG,5,DW_RUBV,False,0.79028505
/content/drive/MyDrive/DeepWeeds/dataset/20180322-104408-2.jpg,8,DW_NEG,8,DW_NEG,True,0.93803763
/content/drive/MyDrive/DeepWeeds/dataset/20180322-104445-1.jpg,8,DW_NEG,8,DW_NEG,True,0.8135847
/content/drive/MyDrive/DeepWeeds/dataset/20180322-104556-1.jpg,8,DW_NEG,8,DW_NEG,True,0.5325224
/content/drive/MyDrive/DeepWeeds/dataset/20180322-104635-1.jpg,8,DW_NEG,8,DW_NEG,True,0.45265067
/content/drive/MyDrive/DeepWeeds/dataset/20180322-104727-1.jpg,8,DW_NEG,8,DW_NEG,True,0.67142355
/content/drive/MyDrive/DeepWeeds/dataset/20180322-104839-1.jpg,8,DW_NEG,4,DW_PRAC,False,0.4293177
/content/drive/MyDrive/DeepWeeds/dataset/20180322-104949-1.jpg,8,DW_NEG,8,DW_NEG,True,0.4416744
/content/drive/MyDrive/DeepWeeds/dataset/20180322-105126-1.jpg,8,DW_NEG,5,DW_RUBV,False,0.515384
/content/drive/MyDrive/DeepWeeds/dataset/20180322-105136-1.jpg,8,DW_NEG,3,DW_PART,False,0.6311581
/content/drive/MyDrive/DeepWeeds/dataset/20180322-105321-1.jpg,8,DW_NEG,5,DW_RUBV,False,0.6853148
/content/drive/MyDrive/DeepWeeds/dataset/20180322-105450-1.jpg,8,DW_NEG,8,DW_NEG,True,0.74611115
/content/drive/MyDrive/DeepWeeds/dataset/20180322-110736-2.jpg,8,DW_NEG,8,DW_NEG,True,0.8777979
/content/drive/MyDrive/DeepWeeds/dataset/20180322-110909-2.jpg,8,DW_NEG,8,DW_NEG,True,0.84176177
/content/drive/MyDrive/DeepWeeds/dataset/20180322-111001-2.jpg,8,DW_NEG,8,DW_NEG,True,0.9636927
/content/drive/MyDrive/DeepWeeds/dataset/20180322-111142-2.jpg,8,DW_NEG,8,DW_NEG,True,0.9354095
/content/drive/MyDrive/DeepWeeds/dataset/20180322-111339-2.jpg,8,DW_NEG,8,DW_NEG,True,0.99846715
/content/drive/MyDrive/DeepWeeds/dataset/20180322-111519-2.jpg,8,DW_NEG,8,DW_NEG,True,0.97504187
/content/drive/MyDrive/DeepWeeds/dataset/20180322-111636-2.jpg,8,DW_NEG,8,DW_NEG,True,0.96913683
/content/drive/MyDrive/DeepWeeds/dataset/20180322-111706-1.jpg,8,DW_NEG,8,DW_NEG,True,0.5591322
/content/drive/MyDrive/DeepWeeds/dataset/20180322-111737-1.jpg,8,DW_NEG,8,DW_NEG,True,0.9420371
/content/drive/MyDrive/DeepWeeds/dataset/20180322-111804-2.jpg,8,DW_NEG,8,DW_NEG,True,0.9982309
/content/drive/MyDrive/DeepWeeds/dataset/20180322-111927-1.jpg,8,DW_NEG,8,DW_NEG,True,0.99218315
/content/drive/MyDrive/DeepWeeds/dataset/20180322-112013-2.jpg,8,DW_NEG,8,DW_NEG,True,0.99120456
/content/drive/MyDrive/DeepWeeds/dataset/20180322-112105-1.jpg,8,DW_NEG,4,DW_PRAC,False,0.8471711
/content/drive/MyDrive/DeepWeeds/dataset/20180322-112127-2.jpg,8,DW_NEG,8,DW_NEG,True,0.9931717
/content/drive/MyDrive/DeepWeeds/dataset/20180322-112210-1.jpg,8,DW_NEG,7,DW_SNWE,False,0.818572
/content/drive/MyDrive/DeepWeeds/dataset/20180322-112301-2.jpg,8,DW_NEG,8,DW_NEG,True,0.9991234
/content/drive/MyDrive/DeepWeeds/dataset/20180322-112333-2.jpg,8,DW_NEG,8,DW_NEG,True,0.9837758
/content/drive/MyDrive/DeepWeeds/dataset/20180322-112348-2.jpg,8,DW_NEG,0,DW_CHAP,False,0.48073667
/content/drive/MyDrive/DeepWeeds/dataset/20180322-112430-2.jpg,8,DW_NEG,8,DW_NEG,True,0.91650367
/content/drive/MyDrive/DeepWeeds/dataset/20180322-112503-2.jpg,8,DW_NEG,8,DW_NEG,True,0.934088
/content/drive/MyDrive/DeepWeeds/dataset/20180322-112515-1.jpg,8,DW_NEG,5,DW_RUBV,False,0.4765569
/content/drive/MyDrive/DeepWeeds/dataset/20180322-112532-2.jpg,8,DW_NEG,8,DW_NEG,True,0.98896897
/content/drive/MyDrive/DeepWeeds/dataset/20180322-112555-1.jpg,8,DW_NEG,8,DW_NEG,True,0.9829784
/content/drive/MyDrive/DeepWeeds/dataset/20180322-112555-2.jpg,8,DW_NEG,8,DW_NEG,True,0.98020875
/content/drive/MyDrive/DeepWeeds/dataset/20180322-112640-2.jpg,8,DW_NEG,8,DW_NEG,True,0.9270458
/content/drive/MyDrive/DeepWeeds/dataset/20180322-112812-2.jpg,8,DW_NEG,8,DW_NEG,True,0.984303
/content/drive/MyDrive/DeepWeeds/dataset/20180322-112836-2.jpg,8,DW_NEG,2,DW_PARK,False,0.5802971
/content/drive/MyDrive/DeepWeeds/dataset/20180322-112902-2.jpg,8,DW_NEG,8,DW_NEG,True,0.973357
/content/drive/MyDrive/DeepWeeds/dataset/20180322-112924-2.jpg,8,DW_NEG,8,DW_NEG,True,0.95366216
/content/drive/MyDrive/DeepWeeds/dataset/20180322-112931-1.jpg,8,DW_NEG,8,DW_NEG,True,0.6160599
/content/drive/MyDrive/DeepWeeds/dataset/20180322-112931-2.jpg,8,DW_NEG,8,DW_NEG,True,0.7518619
/content/drive/MyDrive/DeepWeeds/dataset/20180322-113018-2.jpg,8,DW_NEG,8,DW_NEG,True,0.90646887
/content/drive/MyDrive/DeepWeeds/dataset/20180322-113031-2.jpg,8,DW_NEG,8,DW_NEG,True,0.94034237
/content/drive/MyDrive/DeepWeeds/dataset/20180322-113110-2.jpg,8,DW_NEG,8,DW_NEG,True,0.95135695
/content/drive/MyDrive/DeepWeeds/dataset/20180322-113121-2.jpg,8,DW_NEG,8,DW_NEG,True,0.97285175
/content/drive/MyDrive/DeepWeeds/dataset/20180322-113150-1.jpg,8,DW_NEG,5,DW_RUBV,False,0.7029786
/content/drive/MyDrive/DeepWeeds/dataset/20180322-113229-1.jpg,8,DW_NEG,8,DW_NEG,True,0.930856
/content/drive/MyDrive/DeepWeeds/dataset/20180322-113253-2.jpg,8,DW_NEG,8,DW_NEG,True,0.9979862
/content/drive/MyDrive/DeepWeeds/dataset/20180322-113325-2.jpg,8,DW_NEG,8,DW_NEG,True,0.93147945
/content/drive/MyDrive/DeepWeeds/dataset/20180322-113411-2.jpg,8,DW_NEG,8,DW_NEG,True,0.9460881
/content/drive/MyDrive/DeepWeeds/dataset/20180322-113444-1.jpg,8,DW_NEG,8,DW_NEG,True,0.9725131
/content/drive/MyDrive/DeepWeeds/dataset/20180322-113511-2.jpg,8,DW_NEG,8,DW_NEG,True,0.95710236
/content/drive/MyDrive/DeepWeeds/dataset/20180322-113527-1.jpg,8,DW_NEG,8,DW_NEG,True,0.97742176
/content/drive/MyDrive/DeepWeeds/dataset/20180322-113553-2.jpg,8,DW_NEG,8,DW_NEG,True,0.98864716
/content/drive/MyDrive/DeepWeeds/dataset/20180322-113636-2.jpg,8,DW_NEG,8,DW_NEG,True,0.9494676
/content/drive/MyDrive/DeepWeeds/dataset/20180322-113656-2.jpg,8,DW_NEG,8,DW_NEG,True,0.809742
/content/drive/MyDrive/DeepWeeds/dataset/20180322-113730-1.jpg,8,DW_NEG,8,DW_NEG,True,0.6971462
/content/drive/MyDrive/DeepWeeds/dataset/20180322-113745-2.jpg,8,DW_NEG,8,DW_NEG,True,0.9969977
/content/drive/MyDrive/DeepWeeds/dataset/20180322-113805-2.jpg,8,DW_NEG,8,DW_NEG,True,0.9989116
/content/drive/MyDrive/DeepWeeds/dataset/20180322-113829-2.jpg,8,DW_NEG,8,DW_NEG,True,0.9924892
/content/drive/MyDrive/DeepWeeds/dataset/20180322-113857-1.jpg,8,DW_NEG,8,DW_NEG,True,0.9625283
/content/drive/MyDrive/DeepWeeds/dataset/20180322-113943-2.jpg,8,DW_NEG,8,DW_NEG,True,0.9770522
/content/drive/MyDrive/DeepWeeds/dataset/20180322-114006-2.jpg,8,DW_NEG,8,DW_NEG,True,0.9462037
/content/drive/MyDrive/DeepWeeds/dataset/20180322-114043-1.jpg,8,DW_NEG,5,DW_RUBV,False,0.57306063
/content/drive/MyDrive/DeepWeeds/dataset/20180322-114111-2.jpg,8,DW_NEG,8,DW_NEG,True,0.62490124
/content/drive/MyDrive/DeepWeeds/dataset/20180322-114139-1.jpg,8,DW_NEG,8,DW_NEG,True,0.9226517
/content/drive/MyDrive/DeepWeeds/dataset/20180322-114250-2.jpg,8,DW_NEG,3,DW_PART,False,0.45324692
/content/drive/MyDrive/DeepWeeds/dataset/20180322-114327-1.jpg,8,DW_NEG,8,DW_NEG,True,0.92498136
/content/drive/MyDrive/DeepWeeds/dataset/20180322-114403-2.jpg,8,DW_NEG,8,DW_NEG,True,0.9739007
/content/drive/MyDrive/DeepWeeds/dataset/20180322-114418-1.jpg,8,DW_NEG,8,DW_NEG,True,0.99151504
/content/drive/MyDrive/DeepWeeds/dataset/20180322-114503-1.jpg,8,DW_NEG,8,DW_NEG,True,0.9980544
/content/drive/MyDrive/DeepWeeds/dataset/20180322-114535-2.jpg,8,DW_NEG,8,DW_NEG,True,0.9368101
/content/drive/MyDrive/DeepWeeds/dataset/20180322-114628-2.jpg,8,DW_NEG,8,DW_NEG,True,0.7821705
/content/drive/MyDrive/DeepWeeds/dataset/20180322-114702-1.jpg,8,DW_NEG,8,DW_NEG,True,0.6655163
/content/drive/MyDrive/DeepWeeds/dataset/20180322-114721-2.jpg,8,DW_NEG,2,DW_PARK,False,0.9558262
/content/drive/MyDrive/DeepWeeds/dataset/20180322-114744-2.jpg,8,DW_NEG,8,DW_NEG,True,0.97893506
/content/drive/MyDrive/DeepWeeds/dataset/20180322-114821-1.jpg,8,DW_NEG,8,DW_NEG,True,0.9980896
/content/drive/MyDrive/DeepWeeds/dataset/20180322-114927-2.jpg,8,DW_NEG,8,DW_NEG,True,0.73709124
/content/drive/MyDrive/DeepWeeds/dataset/20180322-115015-2.jpg,8,DW_NEG,8,DW_NEG,True,0.76425046
/content/drive/MyDrive/DeepWeeds/dataset/20180322-115108-1.jpg,8,DW_NEG,8,DW_NEG,True,0.9385311
/content/drive/MyDrive/DeepWeeds/dataset/20180322-115157-2.jpg,8,DW_NEG,8,DW_NEG,True,0.90998656
/content/drive/MyDrive/DeepWeeds/dataset/20180322-115328-1.jpg,8,DW_NEG,8,DW_NEG,True,0.9887761
/content/drive/MyDrive/DeepWeeds/dataset/20180322-115414-2.jpg,8,DW_NEG,8,DW_NEG,True,0.96274596
/content/drive/MyDrive/DeepWeeds/dataset/20180322-115511-1.jpg,8,DW_NEG,8,DW_NEG,True,0.90970933
/content/drive/MyDrive/DeepWeeds/dataset/20180322-115926-2.jpg,8,DW_NEG,3,DW_PART,False,0.91316307
/content/drive/MyDrive/DeepWeeds/dataset/20180322-115939-2.jpg,8,DW_NEG,8,DW_NEG,True,0.504289
/content/drive/MyDrive/DeepWeeds/dataset/20180322-120003-2.jpg,8,DW_NEG,8,DW_NEG,True,0.9522435
/content/drive/MyDrive/DeepWeeds/dataset/20180322-120236-2.jpg,8,DW_NEG,8,DW_NEG,True,0.9869272
/content/drive/MyDrive/DeepWeeds/dataset/20180322-120353-2.jpg,8,DW_NEG,8,DW_NEG,True,0.9958585
/content/drive/MyDrive/DeepWeeds/dataset/20180322-120622-2.jpg,8,DW_NEG,5,DW_RUBV,False,0.49899316
/content/drive/MyDrive/DeepWeeds/dataset/20180322-120644-2.jpg,8,DW_NEG,8,DW_NEG,True,0.87463695
/content/drive/MyDrive/DeepWeeds/dataset/20180322-120945-2.jpg,8,DW_NEG,8,DW_NEG,True,0.9770008
/content/drive/MyDrive/DeepWeeds/dataset/20180322-121018-2.jpg,8,DW_NEG,8,DW_NEG,True,0.98962235
/content/drive/MyDrive/DeepWeeds/dataset/20180322-121057-2.jpg,8,DW_NEG,8,DW_NEG,True,0.97284627
/content/drive/MyDrive/DeepWeeds/dataset/20180322-121319-2.jpg,8,DW_NEG,8,DW_NEG,True,0.84720105
/content/drive/MyDrive/DeepWeeds/dataset/20180322-121420-2.jpg,8,DW_NEG,8,DW_NEG,True,0.910476
/content/drive/MyDrive/DeepWeeds/dataset/20180322-121456-2.jpg,8,DW_NEG,8,DW_NEG,True,0.94528013
/content/drive/MyDrive/DeepWeeds/dataset/20180322-121645-2.jpg,8,DW_NEG,8,DW_NEG,True,0.9766236
/content/drive/MyDrive/DeepWeeds/dataset/20180322-121846-2.jpg,8,DW_NEG,5,DW_RUBV,False,0.6114283
/content/drive/MyDrive/DeepWeeds/dataset/20180322-124446-1.jpg,8,DW_NEG,8,DW_NEG,True,0.99507457
/content/drive/MyDrive/DeepWeeds/dataset/20180322-124617-1.jpg,8,DW_NEG,8,DW_NEG,True,0.9428496
/content/drive/MyDrive/DeepWeeds/dataset/20180322-124804-1.jpg,8,DW_NEG,8,DW_NEG,True,0.8958536
/content/drive/MyDrive/DeepWeeds/dataset/20180322-124916-1.jpg,8,DW_NEG,8,DW_NEG,True,0.66174984
/content/drive/MyDrive/DeepWeeds/dataset/20180322-124950-1.jpg,8,DW_NEG,8,DW_NEG,True,0.7256067
/content/drive/MyDrive/DeepWeeds/dataset/20180322-125050-1.jpg,8,DW_NEG,5,DW_RUBV,False,0.4634487
/content/drive/MyDrive/DeepWeeds/dataset/20180322-125152-1.jpg,8,DW_NEG,5,DW_RUBV,False,0.5104407
/content/drive/MyDrive/DeepWeeds/dataset/20180322-125303-1.jpg,8,DW_NEG,8,DW_NEG,True,0.89472216
/content/drive/MyDrive/DeepWeeds/dataset/20180322-125414-1.jpg,8,DW_NEG,8,DW_NEG,True,0.6828856
/content/drive/MyDrive/DeepWeeds/dataset/20180322-125512-1.jpg,8,DW_NEG,8,DW_NEG,True,0.96386534
/content/drive/MyDrive/DeepWeeds/dataset/20180322-125534-1.jpg,8,DW_NEG,8,DW_NEG,True,0.8234389
/content/drive/MyDrive/DeepWeeds/dataset/20180322-125637-1.jpg,8,DW_NEG,8,DW_NEG,True,0.77924156
/content/drive/MyDrive/DeepWeeds/dataset/20180322-125743-1.jpg,8,DW_NEG,8,DW_NEG,True,0.49245602
/content/drive/MyDrive/DeepWeeds/dataset/20180322-125752-1.jpg,8,DW_NEG,8,DW_NEG,True,0.97588027
/content/drive/MyDrive/DeepWeeds/dataset/20180322-125907-1.jpg,8,DW_NEG,8,DW_NEG,True,0.6384079
/content/drive/MyDrive/DeepWeeds/dataset/20180322-125923-1.jpg,8,DW_NEG,8,DW_NEG,True,0.9195373
/content/drive/MyDrive/DeepWeeds/dataset/20180322-130050-1.jpg,8,DW_NEG,8,DW_NEG,True,0.7667123
/content/drive/MyDrive/DeepWeeds/dataset/20180322-130118-1.jpg,8,DW_NEG,8,DW_NEG,True,0.64140373
/content/drive/MyDrive/DeepWeeds/dataset/20180322-130234-1.jpg,8,DW_NEG,8,DW_NEG,True,0.9714598
/content/drive/MyDrive/DeepWeeds/dataset/20180322-130253-1.jpg,8,DW_NEG,8,DW_NEG,True,0.9678559
/content/drive/MyDrive/DeepWeeds/dataset/20180322-130353-1.jpg,8,DW_NEG,8,DW_NEG,True,0.9985831
/content/drive/MyDrive/DeepWeeds/dataset/20180322-130402-1.jpg,8,DW_NEG,8,DW_NEG,True,0.9630423
/content/drive/MyDrive/DeepWeeds/dataset/20180322-130534-1.jpg,8,DW_NEG,8,DW_NEG,True,0.9776585
/content/drive/MyDrive/DeepWeeds/dataset/20180322-130558-1.jpg,8,DW_NEG,8,DW_NEG,True,0.9769642
/content/drive/MyDrive/DeepWeeds/dataset/20180322-130649-1.jpg,8,DW_NEG,8,DW_NEG,True,0.8880379
/content/drive/MyDrive/DeepWeeds/dataset/20180322-130751-1.jpg,8,DW_NEG,8,DW_NEG,True,0.88861805
/content/drive/MyDrive/DeepWeeds/dataset/20180322-130842-1.jpg,8,DW_NEG,8,DW_NEG,True,0.92714864
/content/drive/MyDrive/DeepWeeds/dataset/20180322-130936-1.jpg,8,DW_NEG,8,DW_NEG,True,0.5805249
/content/drive/MyDrive/DeepWeeds/dataset/20180322-131324-1.jpg,8,DW_NEG,8,DW_NEG,True,0.8467869
/content/drive/MyDrive/DeepWeeds/dataset/20180322-131400-1.jpg,8,DW_NEG,0,DW_CHAP,False,0.42920458
/content/drive/MyDrive/DeepWeeds/dataset/20180322-131707-1.jpg,8,DW_NEG,8,DW_NEG,True,0.9043812
/content/drive/MyDrive/DeepWeeds/dataset/20180322-131811-1.jpg,8,DW_NEG,8,DW_NEG,True,0.46845612
/content/drive/MyDrive/DeepWeeds/dataset/20180322-131850-1.jpg,8,DW_NEG,8,DW_NEG,True,0.9563559
/content/drive/MyDrive/DeepWeeds/dataset/20180322-131858-1.jpg,8,DW_NEG,8,DW_NEG,True,0.8870487
/content/drive/MyDrive/DeepWeeds/dataset/20180322-132135-1.jpg,8,DW_NEG,8,DW_NEG,True,0.9901462
/content/drive/MyDrive/DeepWeeds/dataset/20180322-132215-1.jpg,8,DW_NEG,8,DW_NEG,True,0.99365616
/content/drive/MyDrive/DeepWeeds/dataset/20180322-132304-1.jpg,8,DW_NEG,8,DW_NEG,True,0.965182
/content/drive/MyDrive/DeepWeeds/dataset/20180322-132313-1.jpg,8,DW_NEG,8,DW_NEG,True,0.81204003
/content/drive/MyDrive/DeepWeeds/dataset/20180322-132447-1.jpg,8,DW_NEG,3,DW_PART,False,0.52098227
/content/drive/MyDrive/DeepWeeds/dataset/20180322-132617-1.jpg,8,DW_NEG,8,DW_NEG,True,0.94001675
/content/drive/MyDrive/DeepWeeds/dataset/20180322-132802-1.jpg,8,DW_NEG,8,DW_NEG,True,0.74204236
/content/drive/MyDrive/DeepWeeds/dataset/20180322-132854-1.jpg,8,DW_NEG,8,DW_NEG,True,0.73109597
/content/drive/MyDrive/DeepWeeds/dataset/20180322-133038-1.jpg,8,DW_NEG,8,DW_NEG,True,0.5487265
/content/drive/MyDrive/DeepWeeds/dataset/20180322-133223-1.jpg,8,DW_NEG,8,DW_NEG,True,0.5262326
/content/drive/MyDrive/DeepWeeds/dataset/20180322-133359-1.jpg,8,DW_NEG,8,DW_NEG,True,0.9803627
/content/drive/MyDrive/DeepWeeds/dataset/20180322-133525-1.jpg,8,DW_NEG,4,DW_PRAC,False,0.80916476
/content/drive/MyDrive/DeepWeeds/dataset/20180322-133604-1.jpg,8,DW_NEG,8,DW_NEG,True,0.9511374
/content/drive/MyDrive/DeepWeeds/dataset/20180322-133802-1.jpg,8,DW_NEG,8,DW_NEG,True,0.6057121
/content/drive/MyDrive/DeepWeeds/dataset/20180322-133901-1.jpg,8,DW_NEG,2,DW_PARK,False,0.9479595
